#-----------------------------------------------------------
# Vivado v2022.2 (64-bit)
# SW Build 3671981 on Fri Oct 14 05:00:03 MDT 2022
# IP Build 3669848 on Fri Oct 14 08:30:02 MDT 2022
# Start of session at: Fri Aug 14 08:06:59 2026
# Process ID: 19204
# Current directory: D:/FPGA/Vivaldo Project/INTERFACE/SPI/06_system_integration/Vivado
# Command line: vivado.exe -gui_launcher_event rodinguilauncherevent35404 D:\FPGA\Vivaldo Project\INTERFACE\SPI\06_system_integration\Vivado\system_integration.xpr
# Log file: D:/FPGA/Vivaldo Project/INTERFACE/SPI/06_system_integration/Vivado/vivado.log
# Journal file: D:/FPGA/Vivaldo Project/INTERFACE/SPI/06_system_integration/Vivado\vivado.jou
# Running On: LAPTOP-CHCSI1R5, OS: Windows, CPU Frequency: 3194 MHz, CPU Physical cores: 16, Host memory: 21319 MB
#-----------------------------------------------------------
start_gui
open_project {D:/FPGA/Vivaldo Project/INTERFACE/SPI/06_system_integration/Vivado/system_integration.xpr}
WARNING: [Board 49-26] cannot add Board Part xilinx.com:ac701:part0:1.4 available at D:/Xilinx/Vivado/2022.2/data/xhub/boards/XilinxBoardStore/boards/Xilinx/ac701/1.4/board.xml as part xc7a200tfbg676-2 specified in board_part file is either invalid or not available
WARNING: [Board 49-26] cannot add Board Part xilinx.com:kc705:part0:1.6 available at D:/Xilinx/Vivado/2022.2/data/xhub/boards/XilinxBoardStore/boards/Xilinx/kc705/1.6/board.xml as part xc7k325tffg900-2 specified in board_part file is either invalid or not available
WARNING: [Board 49-26] cannot add Board Part xilinx.com:kcu105:part0:1.6 available at D:/Xilinx/Vivado/2022.2/data/xhub/boards/XilinxBoardStore/boards/Xilinx/kcu105/1.6/board.xml as part xcku040-ffva1156-2-e specified in board_part file is either invalid or not available
WARNING: [Board 49-26] cannot add Board Part xilinx.com:kcu105:part0:1.7 available at D:/Xilinx/Vivado/2022.2/data/xhub/boards/XilinxBoardStore/boards/Xilinx/kcu105/1.7/board.xml as part xcku040-ffva1156-2-e specified in board_part file is either invalid or not available
WARNING: [Board 49-26] cannot add Board Part xilinx.com:kcu116:part0:1.4 available at D:/Xilinx/Vivado/2022.2/data/xhub/boards/XilinxBoardStore/boards/Xilinx/kcu116/1.4/board.xml as part xcku5p-ffvb676-2-e specified in board_part file is either invalid or not available
WARNING: [Board 49-26] cannot add Board Part xilinx.com:kcu116:part0:1.5 available at D:/Xilinx/Vivado/2022.2/data/xhub/boards/XilinxBoardStore/boards/Xilinx/kcu116/1.5/board.xml as part xcku5p-ffvb676-2-e specified in board_part file is either invalid or not available
WARNING: [Board 49-26] cannot add Board Part xilinx.com:kcu1500:part0:1.2 available at D:/Xilinx/Vivado/2022.2/data/xhub/boards/XilinxBoardStore/boards/Xilinx/kcu1500/1.2/board.xml as part xcku115-flvb2104-2-e specified in board_part file is either invalid or not available
WARNING: [Board 49-26] cannot add Board Part xilinx.com:sp701:part0:1.0 available at D:/Xilinx/Vivado/2022.2/data/xhub/boards/XilinxBoardStore/boards/Xilinx/sp701/1.0/board.xml as part xc7s100fgga676-2 specified in board_part file is either invalid or not available
WARNING: [Board 49-26] cannot add Board Part xilinx.com:sp701:part0:1.1 available at D:/Xilinx/Vivado/2022.2/data/xhub/boards/XilinxBoardStore/boards/Xilinx/sp701/1.1/board.xml as part xc7s100fgga676-2 specified in board_part file is either invalid or not available
WARNING: [Board 49-26] cannot add Board Part xilinx.com:vc707:part0:1.4 available at D:/Xilinx/Vivado/2022.2/data/xhub/boards/XilinxBoardStore/boards/Xilinx/vc707/1.4/board.xml as part xc7vx485tffg1761-2 specified in board_part file is either invalid or not available
WARNING: [Board 49-26] cannot add Board Part xilinx.com:vc709:part0:1.8 available at D:/Xilinx/Vivado/2022.2/data/xhub/boards/XilinxBoardStore/boards/Xilinx/vc709/1.8/board.xml as part xc7vx690tffg1761-2 specified in board_part file is either invalid or not available
WARNING: [Board 49-26] cannot add Board Part xilinx.com:vck190:part0:2.2 available at D:/Xilinx/Vivado/2022.2/data/xhub/boards/XilinxBoardStore/boards/Xilinx/vck190/production/2.2/board.xml as part xcvc1902-vsva2197-2mp-e-s specified in board_part file is either invalid or not available
WARNING: [Board 49-26] cannot add Board Part xilinx.com:vck190:part0:3.0 available at D:/Xilinx/Vivado/2022.2/data/xhub/boards/XilinxBoardStore/boards/Xilinx/vck190/production/3.0/board.xml as part xcvc1902-vsva2197-2mp-e-s specified in board_part file is either invalid or not available
WARNING: [Board 49-26] cannot add Board Part xilinx.com:vck190:part0:3.1 available at D:/Xilinx/Vivado/2022.2/data/xhub/boards/XilinxBoardStore/boards/Xilinx/vck190/production/3.1/board.xml as part xcvc1902-vsva2197-2mp-e-s specified in board_part file is either invalid or not available
WARNING: [Board 49-26] cannot add Board Part xilinx.com:vck190_newl:part0:1.0 available at D:/Xilinx/Vivado/2022.2/data/xhub/boards/XilinxBoardStore/boards/Xilinx/vck190_newl/production/1.0/board.xml as part xcvc1902-vsva2197-2mp-e-s specified in board_part file is either invalid or not available
WARNING: [Board 49-26] cannot add Board Part xilinx.com:vcu108:part0:1.6 available at D:/Xilinx/Vivado/2022.2/data/xhub/boards/XilinxBoardStore/boards/Xilinx/vcu108/1.6/board.xml as part xcvu095-ffva2104-2-e specified in board_part file is either invalid or not available
WARNING: [Board 49-26] cannot add Board Part xilinx.com:vcu108:part0:1.7 available at D:/Xilinx/Vivado/2022.2/data/xhub/boards/XilinxBoardStore/boards/Xilinx/vcu108/1.7/board.xml as part xcvu095-ffva2104-2-e specified in board_part file is either invalid or not available
WARNING: [Board 49-26] cannot add Board Part xilinx.com:vcu110:part0:1.4 available at D:/Xilinx/Vivado/2022.2/data/xhub/boards/XilinxBoardStore/boards/Xilinx/vcu110/1.4/board.xml as part xcvu190-flgc2104-2-e specified in board_part file is either invalid or not available
WARNING: [Board 49-26] cannot add Board Part xilinx.com:vcu118:part0:2.0 available at D:/Xilinx/Vivado/2022.2/data/xhub/boards/XilinxBoardStore/boards/Xilinx/vcu118/2.0/board.xml as part xcvu9p-flga2104-2l-e specified in board_part file is either invalid or not available
WARNING: [Board 49-26] cannot add Board Part xilinx.com:vcu118:part0:2.3 available at D:/Xilinx/Vivado/2022.2/data/xhub/boards/XilinxBoardStore/boards/Xilinx/vcu118/2.3/board.xml as part xcvu9p-flga2104-2l-e specified in board_part file is either invalid or not available
WARNING: [Board 49-26] cannot add Board Part xilinx.com:vcu118:part0:2.4 available at D:/Xilinx/Vivado/2022.2/data/xhub/boards/XilinxBoardStore/boards/Xilinx/vcu118/2.4/board.xml as part xcvu9p-flga2104-2l-e specified in board_part file is either invalid or not available
WARNING: [Board 49-26] cannot add Board Part xilinx.com:vcu128:part0:1.0 available at D:/Xilinx/Vivado/2022.2/data/xhub/boards/XilinxBoardStore/boards/Xilinx/vcu128/production/1.0/board.xml as part xcvu37p-fsvh2892-2l-e specified in board_part file is either invalid or not available
WARNING: [Board 49-26] cannot add Board Part xilinx.com:vcu129:part0:1.0 available at D:/Xilinx/Vivado/2022.2/data/xhub/boards/XilinxBoardStore/boards/Xilinx/vcu129/production/1.0/board.xml as part xcvu29p-fsga2577-2l-e specified in board_part file is either invalid or not available
WARNING: [Board 49-26] cannot add Board Part xilinx.com:vcu1525:part0:1.3 available at D:/Xilinx/Vivado/2022.2/data/xhub/boards/XilinxBoardStore/boards/Xilinx/vcu1525/1.3/board.xml as part xcvu9p-fsgd2104-2l-e specified in board_part file is either invalid or not available
WARNING: [Board 49-26] cannot add Board Part xilinx.com:vek280_es:part0:1.0 available at D:/Xilinx/Vivado/2022.2/data/xhub/boards/XilinxBoardStore/boards/Xilinx/vek280/es/1.0/board.xml as part xcve2802-vsvh1760-2lp-e-s-es1 specified in board_part file is either invalid or not available
WARNING: [Board 49-26] cannot add Board Part xilinx.com:vermeo_t1_rfsoc:part0:1.0 available at D:/Xilinx/Vivado/2022.2/data/xhub/boards/XilinxBoardStore/boards/Xilinx/vermeo_t1_rfsoc/1.0/board.xml as part xczu21dr-ffvd1156-2l-e specified in board_part file is either invalid or not available
WARNING: [Board 49-26] cannot add Board Part xilinx.com:vhk158_es:part0:1.0 available at D:/Xilinx/Vivado/2022.2/data/xhub/boards/XilinxBoardStore/boards/Xilinx/vhk158/es/1.0/board.xml as part xcvh1582-vsva3697-2mp-e-s-es1 specified in board_part file is either invalid or not available
WARNING: [Board 49-26] cannot add Board Part xilinx.com:vmk180:part0:2.2 available at D:/Xilinx/Vivado/2022.2/data/xhub/boards/XilinxBoardStore/boards/Xilinx/vmk180/production/2.2/board.xml as part xcvm1802-vsva2197-2mp-e-s specified in board_part file is either invalid or not available
WARNING: [Board 49-26] cannot add Board Part xilinx.com:vmk180:part0:3.0 available at D:/Xilinx/Vivado/2022.2/data/xhub/boards/XilinxBoardStore/boards/Xilinx/vmk180/production/3.0/board.xml as part xcvm1802-vsva2197-2mp-e-s specified in board_part file is either invalid or not available
WARNING: [Board 49-26] cannot add Board Part xilinx.com:vmk180:part0:3.1 available at D:/Xilinx/Vivado/2022.2/data/xhub/boards/XilinxBoardStore/boards/Xilinx/vmk180/production/3.1/board.xml as part xcvm1802-vsva2197-2mp-e-s specified in board_part file is either invalid or not available
WARNING: [Board 49-26] cannot add Board Part xilinx.com:vmk180_newl:part0:1.0 available at D:/Xilinx/Vivado/2022.2/data/xhub/boards/XilinxBoardStore/boards/Xilinx/vmk180_newl/production/1.0/board.xml as part xcvm1802-vsva2197-2mp-e-s specified in board_part file is either invalid or not available
WARNING: [Board 49-26] cannot add Board Part xilinx.com:vpk120:part0:1.0 available at D:/Xilinx/Vivado/2022.2/data/xhub/boards/XilinxBoardStore/boards/Xilinx/vpk120/production/1.0/board.xml as part xcvp1202-vsva2785-2mp-e-s specified in board_part file is either invalid or not available
WARNING: [Board 49-26] cannot add Board Part xilinx.com:vpk120_es:part0:1.2 available at D:/Xilinx/Vivado/2022.2/data/xhub/boards/XilinxBoardStore/boards/Xilinx/vpk120/es/1.2/board.xml as part xcvp1202-vsva2785-2mp-e-s-es1 specified in board_part file is either invalid or not available
WARNING: [Board 49-26] cannot add Board Part xilinx.com:vpk120_es_revb:part0:1.0 available at D:/Xilinx/Vivado/2022.2/data/xhub/boards/XilinxBoardStore/boards/Xilinx/vpk120_revb/es/1.0/board.xml as part xcvp1202-vsva2785-2mp-e-s-es1 specified in board_part file is either invalid or not available
WARNING: [Board 49-26] cannot add Board Part xilinx.com:vpk180_es:part0:1.0 available at D:/Xilinx/Vivado/2022.2/data/xhub/boards/XilinxBoardStore/boards/Xilinx/vpk180/es/1.0/board.xml as part xcvp1802-lsvc4072-2mp-e-s-es1 specified in board_part file is either invalid or not available
WARNING: [Board 49-26] cannot add Board Part xilinx.com:zc702:part0:1.4 available at D:/Xilinx/Vivado/2022.2/data/xhub/boards/XilinxBoardStore/boards/Xilinx/zc702/1.4/board.xml as part xc7z020clg484-1 specified in board_part file is either invalid or not available
WARNING: [Board 49-26] cannot add Board Part xilinx.com:zc706:part0:1.4 available at D:/Xilinx/Vivado/2022.2/data/xhub/boards/XilinxBoardStore/boards/Xilinx/zc706/1.4/board.xml as part xc7z045ffg900-2 specified in board_part file is either invalid or not available
WARNING: [Board 49-26] cannot add Board Part xilinx.com:zcu111:part0:1.2 available at D:/Xilinx/Vivado/2022.2/data/xhub/boards/XilinxBoardStore/boards/Xilinx/zcu111/1.2/board.xml as part xczu28dr-ffvg1517-2-e specified in board_part file is either invalid or not available
WARNING: [Board 49-26] cannot add Board Part xilinx.com:zcu111:part0:1.3 available at D:/Xilinx/Vivado/2022.2/data/xhub/boards/XilinxBoardStore/boards/Xilinx/zcu111/1.3/board.xml as part xczu28dr-ffvg1517-2-e specified in board_part file is either invalid or not available
WARNING: [Board 49-26] cannot add Board Part xilinx.com:zcu111:part0:1.4 available at D:/Xilinx/Vivado/2022.2/data/xhub/boards/XilinxBoardStore/boards/Xilinx/zcu111/1.4/board.xml as part xczu28dr-ffvg1517-2-e specified in board_part file is either invalid or not available
WARNING: [Board 49-26] cannot add Board Part xilinx.com:zcu1275:part0:1.0 available at D:/Xilinx/Vivado/2022.2/data/xhub/boards/XilinxBoardStore/boards/Xilinx/zcu1275/1.0/board.xml as part xczu29dr-ffvf1760-2-e specified in board_part file is either invalid or not available
WARNING: [Board 49-26] cannot add Board Part xilinx.com:zcu1285:part0:1.0 available at D:/Xilinx/Vivado/2022.2/data/xhub/boards/XilinxBoardStore/boards/Xilinx/zcu1285/1.0/board.xml as part xczu39dr-ffvf1760-2-i specified in board_part file is either invalid or not available
WARNING: [Board 49-26] cannot add Board Part xilinx.com:zcu208:part0:2.0 available at D:/Xilinx/Vivado/2022.2/data/xhub/boards/XilinxBoardStore/boards/Xilinx/zcu208/production/2.0/board.xml as part xczu48dr-fsvg1517-2-e specified in board_part file is either invalid or not available
WARNING: [Board 49-26] cannot add Board Part xilinx.com:zcu208ld:part0:2.0 available at D:/Xilinx/Vivado/2022.2/data/xhub/boards/XilinxBoardStore/boards/Xilinx/zcu208ld/production/2.0/board.xml as part xczu58dr-fsvg1517-2-i specified in board_part file is either invalid or not available
WARNING: [Board 49-26] cannot add Board Part xilinx.com:zcu216:part0:2.0 available at D:/Xilinx/Vivado/2022.2/data/xhub/boards/XilinxBoardStore/boards/Xilinx/zcu216/production/2.0/board.xml as part xczu49dr-ffvf1760-2-e specified in board_part file is either invalid or not available
WARNING: [Board 49-26] cannot add Board Part xilinx.com:zcu216ld:part0:2.0 available at D:/Xilinx/Vivado/2022.2/data/xhub/boards/XilinxBoardStore/boards/Xilinx/zcu216ld/production/2.0/board.xml as part xczu59dr-ffvf1760-2-i specified in board_part file is either invalid or not available
WARNING: [Board 49-26] cannot add Board Part xilinx.com:zcu670:part0:2.0 available at D:/Xilinx/Vivado/2022.2/data/xhub/boards/XilinxBoardStore/boards/Xilinx/zcu670/2.0/board.xml as part xczu67dr-fsve1156-2-i specified in board_part file is either invalid or not available
WARNING: [Board 49-26] cannot add Board Part xilinx.com:zcu670ld:part0:1.0 available at D:/Xilinx/Vivado/2022.2/data/xhub/boards/XilinxBoardStore/boards/Xilinx/zcu670ld/1.0/board.xml as part xczu57dr-fsve1156-2-i specified in board_part file is either invalid or not available
INFO: [Project 1-313] Project file moved from 'D:/FPGA/Vivaldo Project/INTERFACE/SPI/06_system_integration/Vivado/system_integration' since last save.
INFO: [filemgmt 56-3] Default IP Output Path : Could not find the directory 'D:/FPGA/Vivaldo Project/INTERFACE/SPI/06_system_integration/Vivado/system_integration.gen/sources_1'.
Scanning sources...
Finished scanning sources
INFO: [IP_Flow 19-234] Refreshing IP repositories
INFO: [IP_Flow 19-1704] No user IP repositories specified
INFO: [IP_Flow 19-2313] Loaded Vivado IP repository 'D:/Xilinx/Vivado/2022.2/data/ip'.
open_project: Time (s): cpu = 00:00:26 ; elapsed = 00:00:12 . Memory (MB): peak = 1245.348 ; gain = 420.785
update_compile_order -fileset sources_1
add_files -norecurse {{D:/FPGA/Vivaldo Project/INTERFACE/SPI/06_system_integration/Vivado/system_integration.srcs/sources_1/spi_master_mode0.v} {D:/FPGA/Vivaldo Project/INTERFACE/SPI/06_system_integration/Vivado/system_integration.srcs/sources_1/w25q64_controller.v}}
update_compile_order -fileset sources_1
update_compile_order -fileset sources_1
create_bd_design "system_integration"
Wrote  : <D:\FPGA\Vivaldo Project\INTERFACE\SPI\06_system_integration\Vivado\system_integration.srcs\sources_1\bd\system_integration\system_integration.bd> 
create_bd_design: Time (s): cpu = 00:00:06 ; elapsed = 00:00:08 . Memory (MB): peak = 1284.328 ; gain = 0.000
update_compile_order -fileset sources_1
startgroup
create_bd_cell -type ip -vlnv xilinx.com:ip:zynq_ultra_ps_e:3.4 zynq_ultra_ps_e_0
endgroup
WARNING: [IP_Flow 19-474] Invalid Parameter 'Component_Name'
set_property -dict [list \
  CONFIG.PSU__USE__M_AXI_GP0 {1} \
  CONFIG.PSU__USE__M_AXI_GP2 {0} \
] [get_bd_cells zynq_ultra_ps_e_0]
connect_bd_net [get_bd_pins zynq_ultra_ps_e_0/pl_clk0] [get_bd_pins zynq_ultra_ps_e_0/maxihpm0_fpd_aclk]
startgroup
create_bd_cell -type ip -vlnv xilinx.com:ip:proc_sys_reset:5.0 proc_sys_reset_0
INFO: [Ipptcl 7-1463] No Compatible Board Interface found. Board Tab not created in customize GUI
endgroup
set_property location {2.5 1333 -94} [get_bd_cells proc_sys_reset_0]
connect_bd_net [get_bd_pins zynq_ultra_ps_e_0/pl_resetn0] [get_bd_pins proc_sys_reset_0/ext_reset_in]
connect_bd_net [get_bd_pins proc_sys_reset_0/slowest_sync_clk] [get_bd_pins zynq_ultra_ps_e_0/pl_clk0]
startgroup
create_bd_cell -type ip -vlnv xilinx.com:ip:smartconnect:1.0 smartconnect_0
endgroup
set_property location {3.5 1786 5} [get_bd_cells smartconnect_0]
connect_bd_net [get_bd_pins smartconnect_0/aclk] [get_bd_pins zynq_ultra_ps_e_0/pl_clk0]
connect_bd_net [get_bd_pins smartconnect_0/aresetn] [get_bd_pins proc_sys_reset_0/peripheral_aresetn]
connect_bd_intf_net [get_bd_intf_pins smartconnect_0/S00_AXI] [get_bd_intf_pins zynq_ultra_ps_e_0/M_AXI_HPM0_FPD]
create_peripheral xilinx.com user axi_w25q64 1.0 -dir {D:/FPGA/Vivaldo Project/INTERFACE/SPI/06_system_integration/Vivado/../ip_repo}
add_peripheral_interface S00_AXI -interface_mode slave -axi_type lite [ipx::find_open_core xilinx.com:user:axi_w25q64:1.0]
set_property VALUE 8 [ipx::get_bus_parameters WIZ_NUM_REG -of_objects [ipx::get_bus_interfaces S00_AXI -of_objects [ipx::find_open_core xilinx.com:user:axi_w25q64:1.0]]]
generate_peripheral -driver -bfm_example_design -debug_hw_example_design [ipx::find_open_core xilinx.com:user:axi_w25q64:1.0]
write_peripheral [ipx::find_open_core xilinx.com:user:axi_w25q64:1.0]
set_property  ip_repo_paths  {{D:/FPGA/Vivaldo Project/INTERFACE/SPI/06_system_integration/Vivado/../ip_repo/axi_w25q64_1_0}} [current_project]
update_ip_catalog -rebuild
INFO: [IP_Flow 19-234] Refreshing IP repositories
INFO: [IP_Flow 19-1700] Loaded user IP repository 'd:/FPGA/Vivaldo Project/INTERFACE/SPI/06_system_integration/ip_repo/axi_w25q64_1_0'.
open_bd_design {D:/FPGA/Vivaldo Project/INTERFACE/SPI/06_system_integration/Vivado/system_integration.srcs/sources_1/bd/system_integration/system_integration.bd}
startgroup
create_bd_cell -type ip -vlnv xilinx.com:user:axi_w25q64:1.0 axi_w25q64_0
endgroup
set_property location {4.5 2126 -13} [get_bd_cells axi_w25q64_0]
connect_bd_intf_net [get_bd_intf_pins axi_w25q64_0/S00_AXI] [get_bd_intf_pins smartconnect_0/M00_AXI]
connect_bd_net [get_bd_pins axi_w25q64_0/s00_axi_aclk] [get_bd_pins zynq_ultra_ps_e_0/pl_clk0]
connect_bd_net [get_bd_pins axi_w25q64_0/s00_axi_aresetn] [get_bd_pins proc_sys_reset_0/peripheral_aresetn]
save_bd_design
Wrote  : <D:\FPGA\Vivaldo Project\INTERFACE\SPI\06_system_integration\Vivado\system_integration.srcs\sources_1\bd\system_integration\system_integration.bd> 
Wrote  : <D:/FPGA/Vivaldo Project/INTERFACE/SPI/06_system_integration/Vivado/system_integration.srcs/sources_1/bd/system_integration/ui/bd_f9f8b944.ui> 
open_bd_design {D:/FPGA/Vivaldo Project/INTERFACE/SPI/06_system_integration/Vivado/system_integration.srcs/sources_1/bd/system_integration/system_integration.bd}
ipx::edit_ip_in_project -upgrade true -name axi_w25q64_v1_0_project -directory {D:/FPGA/Vivaldo\ Project/INTERFACE/SPI/06_system_integration/Vivado/system_integration.tmp/axi_w25q64_v1_0_project} {d:/FPGA/Vivaldo Project/INTERFACE/SPI/06_system_integration/ip_repo/axi_w25q64_1_0/component.xml}
INFO: [IP_Flow 19-234] Refreshing IP repositories
INFO: [IP_Flow 19-1704] No user IP repositories specified
INFO: [IP_Flow 19-2313] Loaded Vivado IP repository 'D:/Xilinx/Vivado/2022.2/data/ip'.
WARNING: [Board 49-26] cannot add Board Part xilinx.com:ac701:part0:1.4 available at D:/Xilinx/Vivado/2022.2/data/xhub/boards/XilinxBoardStore/boards/Xilinx/ac701/1.4/board.xml as part xc7a200tfbg676-2 specified in board_part file is either invalid or not available
WARNING: [Board 49-26] cannot add Board Part xilinx.com:kc705:part0:1.6 available at D:/Xilinx/Vivado/2022.2/data/xhub/boards/XilinxBoardStore/boards/Xilinx/kc705/1.6/board.xml as part xc7k325tffg900-2 specified in board_part file is either invalid or not available
WARNING: [Board 49-26] cannot add Board Part xilinx.com:kcu105:part0:1.6 available at D:/Xilinx/Vivado/2022.2/data/xhub/boards/XilinxBoardStore/boards/Xilinx/kcu105/1.6/board.xml as part xcku040-ffva1156-2-e specified in board_part file is either invalid or not available
WARNING: [Board 49-26] cannot add Board Part xilinx.com:kcu105:part0:1.7 available at D:/Xilinx/Vivado/2022.2/data/xhub/boards/XilinxBoardStore/boards/Xilinx/kcu105/1.7/board.xml as part xcku040-ffva1156-2-e specified in board_part file is either invalid or not available
WARNING: [Board 49-26] cannot add Board Part xilinx.com:kcu116:part0:1.4 available at D:/Xilinx/Vivado/2022.2/data/xhub/boards/XilinxBoardStore/boards/Xilinx/kcu116/1.4/board.xml as part xcku5p-ffvb676-2-e specified in board_part file is either invalid or not available
WARNING: [Board 49-26] cannot add Board Part xilinx.com:kcu116:part0:1.5 available at D:/Xilinx/Vivado/2022.2/data/xhub/boards/XilinxBoardStore/boards/Xilinx/kcu116/1.5/board.xml as part xcku5p-ffvb676-2-e specified in board_part file is either invalid or not available
WARNING: [Board 49-26] cannot add Board Part xilinx.com:kcu1500:part0:1.2 available at D:/Xilinx/Vivado/2022.2/data/xhub/boards/XilinxBoardStore/boards/Xilinx/kcu1500/1.2/board.xml as part xcku115-flvb2104-2-e specified in board_part file is either invalid or not available
WARNING: [Board 49-26] cannot add Board Part xilinx.com:sp701:part0:1.0 available at D:/Xilinx/Vivado/2022.2/data/xhub/boards/XilinxBoardStore/boards/Xilinx/sp701/1.0/board.xml as part xc7s100fgga676-2 specified in board_part file is either invalid or not available
WARNING: [Board 49-26] cannot add Board Part xilinx.com:sp701:part0:1.1 available at D:/Xilinx/Vivado/2022.2/data/xhub/boards/XilinxBoardStore/boards/Xilinx/sp701/1.1/board.xml as part xc7s100fgga676-2 specified in board_part file is either invalid or not available
WARNING: [Board 49-26] cannot add Board Part xilinx.com:vc707:part0:1.4 available at D:/Xilinx/Vivado/2022.2/data/xhub/boards/XilinxBoardStore/boards/Xilinx/vc707/1.4/board.xml as part xc7vx485tffg1761-2 specified in board_part file is either invalid or not available
WARNING: [Board 49-26] cannot add Board Part xilinx.com:vc709:part0:1.8 available at D:/Xilinx/Vivado/2022.2/data/xhub/boards/XilinxBoardStore/boards/Xilinx/vc709/1.8/board.xml as part xc7vx690tffg1761-2 specified in board_part file is either invalid or not available
WARNING: [Board 49-26] cannot add Board Part xilinx.com:vck190:part0:2.2 available at D:/Xilinx/Vivado/2022.2/data/xhub/boards/XilinxBoardStore/boards/Xilinx/vck190/production/2.2/board.xml as part xcvc1902-vsva2197-2mp-e-s specified in board_part file is either invalid or not available
WARNING: [Board 49-26] cannot add Board Part xilinx.com:vck190:part0:3.0 available at D:/Xilinx/Vivado/2022.2/data/xhub/boards/XilinxBoardStore/boards/Xilinx/vck190/production/3.0/board.xml as part xcvc1902-vsva2197-2mp-e-s specified in board_part file is either invalid or not available
WARNING: [Board 49-26] cannot add Board Part xilinx.com:vck190:part0:3.1 available at D:/Xilinx/Vivado/2022.2/data/xhub/boards/XilinxBoardStore/boards/Xilinx/vck190/production/3.1/board.xml as part xcvc1902-vsva2197-2mp-e-s specified in board_part file is either invalid or not available
WARNING: [Board 49-26] cannot add Board Part xilinx.com:vck190_newl:part0:1.0 available at D:/Xilinx/Vivado/2022.2/data/xhub/boards/XilinxBoardStore/boards/Xilinx/vck190_newl/production/1.0/board.xml as part xcvc1902-vsva2197-2mp-e-s specified in board_part file is either invalid or not available
WARNING: [Board 49-26] cannot add Board Part xilinx.com:vcu108:part0:1.6 available at D:/Xilinx/Vivado/2022.2/data/xhub/boards/XilinxBoardStore/boards/Xilinx/vcu108/1.6/board.xml as part xcvu095-ffva2104-2-e specified in board_part file is either invalid or not available
WARNING: [Board 49-26] cannot add Board Part xilinx.com:vcu108:part0:1.7 available at D:/Xilinx/Vivado/2022.2/data/xhub/boards/XilinxBoardStore/boards/Xilinx/vcu108/1.7/board.xml as part xcvu095-ffva2104-2-e specified in board_part file is either invalid or not available
WARNING: [Board 49-26] cannot add Board Part xilinx.com:vcu110:part0:1.4 available at D:/Xilinx/Vivado/2022.2/data/xhub/boards/XilinxBoardStore/boards/Xilinx/vcu110/1.4/board.xml as part xcvu190-flgc2104-2-e specified in board_part file is either invalid or not available
WARNING: [Board 49-26] cannot add Board Part xilinx.com:vcu118:part0:2.0 available at D:/Xilinx/Vivado/2022.2/data/xhub/boards/XilinxBoardStore/boards/Xilinx/vcu118/2.0/board.xml as part xcvu9p-flga2104-2l-e specified in board_part file is either invalid or not available
WARNING: [Board 49-26] cannot add Board Part xilinx.com:vcu118:part0:2.3 available at D:/Xilinx/Vivado/2022.2/data/xhub/boards/XilinxBoardStore/boards/Xilinx/vcu118/2.3/board.xml as part xcvu9p-flga2104-2l-e specified in board_part file is either invalid or not available
WARNING: [Board 49-26] cannot add Board Part xilinx.com:vcu118:part0:2.4 available at D:/Xilinx/Vivado/2022.2/data/xhub/boards/XilinxBoardStore/boards/Xilinx/vcu118/2.4/board.xml as part xcvu9p-flga2104-2l-e specified in board_part file is either invalid or not available
WARNING: [Board 49-26] cannot add Board Part xilinx.com:vcu128:part0:1.0 available at D:/Xilinx/Vivado/2022.2/data/xhub/boards/XilinxBoardStore/boards/Xilinx/vcu128/production/1.0/board.xml as part xcvu37p-fsvh2892-2l-e specified in board_part file is either invalid or not available
WARNING: [Board 49-26] cannot add Board Part xilinx.com:vcu129:part0:1.0 available at D:/Xilinx/Vivado/2022.2/data/xhub/boards/XilinxBoardStore/boards/Xilinx/vcu129/production/1.0/board.xml as part xcvu29p-fsga2577-2l-e specified in board_part file is either invalid or not available
WARNING: [Board 49-26] cannot add Board Part xilinx.com:vcu1525:part0:1.3 available at D:/Xilinx/Vivado/2022.2/data/xhub/boards/XilinxBoardStore/boards/Xilinx/vcu1525/1.3/board.xml as part xcvu9p-fsgd2104-2l-e specified in board_part file is either invalid or not available
WARNING: [Board 49-26] cannot add Board Part xilinx.com:vek280_es:part0:1.0 available at D:/Xilinx/Vivado/2022.2/data/xhub/boards/XilinxBoardStore/boards/Xilinx/vek280/es/1.0/board.xml as part xcve2802-vsvh1760-2lp-e-s-es1 specified in board_part file is either invalid or not available
WARNING: [Board 49-26] cannot add Board Part xilinx.com:vermeo_t1_rfsoc:part0:1.0 available at D:/Xilinx/Vivado/2022.2/data/xhub/boards/XilinxBoardStore/boards/Xilinx/vermeo_t1_rfsoc/1.0/board.xml as part xczu21dr-ffvd1156-2l-e specified in board_part file is either invalid or not available
WARNING: [Board 49-26] cannot add Board Part xilinx.com:vhk158_es:part0:1.0 available at D:/Xilinx/Vivado/2022.2/data/xhub/boards/XilinxBoardStore/boards/Xilinx/vhk158/es/1.0/board.xml as part xcvh1582-vsva3697-2mp-e-s-es1 specified in board_part file is either invalid or not available
WARNING: [Board 49-26] cannot add Board Part xilinx.com:vmk180:part0:2.2 available at D:/Xilinx/Vivado/2022.2/data/xhub/boards/XilinxBoardStore/boards/Xilinx/vmk180/production/2.2/board.xml as part xcvm1802-vsva2197-2mp-e-s specified in board_part file is either invalid or not available
WARNING: [Board 49-26] cannot add Board Part xilinx.com:vmk180:part0:3.0 available at D:/Xilinx/Vivado/2022.2/data/xhub/boards/XilinxBoardStore/boards/Xilinx/vmk180/production/3.0/board.xml as part xcvm1802-vsva2197-2mp-e-s specified in board_part file is either invalid or not available
WARNING: [Board 49-26] cannot add Board Part xilinx.com:vmk180:part0:3.1 available at D:/Xilinx/Vivado/2022.2/data/xhub/boards/XilinxBoardStore/boards/Xilinx/vmk180/production/3.1/board.xml as part xcvm1802-vsva2197-2mp-e-s specified in board_part file is either invalid or not available
WARNING: [Board 49-26] cannot add Board Part xilinx.com:vmk180_newl:part0:1.0 available at D:/Xilinx/Vivado/2022.2/data/xhub/boards/XilinxBoardStore/boards/Xilinx/vmk180_newl/production/1.0/board.xml as part xcvm1802-vsva2197-2mp-e-s specified in board_part file is either invalid or not available
WARNING: [Board 49-26] cannot add Board Part xilinx.com:vpk120:part0:1.0 available at D:/Xilinx/Vivado/2022.2/data/xhub/boards/XilinxBoardStore/boards/Xilinx/vpk120/production/1.0/board.xml as part xcvp1202-vsva2785-2mp-e-s specified in board_part file is either invalid or not available
WARNING: [Board 49-26] cannot add Board Part xilinx.com:vpk120_es:part0:1.2 available at D:/Xilinx/Vivado/2022.2/data/xhub/boards/XilinxBoardStore/boards/Xilinx/vpk120/es/1.2/board.xml as part xcvp1202-vsva2785-2mp-e-s-es1 specified in board_part file is either invalid or not available
WARNING: [Board 49-26] cannot add Board Part xilinx.com:vpk120_es_revb:part0:1.0 available at D:/Xilinx/Vivado/2022.2/data/xhub/boards/XilinxBoardStore/boards/Xilinx/vpk120_revb/es/1.0/board.xml as part xcvp1202-vsva2785-2mp-e-s-es1 specified in board_part file is either invalid or not available
WARNING: [Board 49-26] cannot add Board Part xilinx.com:vpk180_es:part0:1.0 available at D:/Xilinx/Vivado/2022.2/data/xhub/boards/XilinxBoardStore/boards/Xilinx/vpk180/es/1.0/board.xml as part xcvp1802-lsvc4072-2mp-e-s-es1 specified in board_part file is either invalid or not available
WARNING: [Board 49-26] cannot add Board Part xilinx.com:zc702:part0:1.4 available at D:/Xilinx/Vivado/2022.2/data/xhub/boards/XilinxBoardStore/boards/Xilinx/zc702/1.4/board.xml as part xc7z020clg484-1 specified in board_part file is either invalid or not available
WARNING: [Board 49-26] cannot add Board Part xilinx.com:zc706:part0:1.4 available at D:/Xilinx/Vivado/2022.2/data/xhub/boards/XilinxBoardStore/boards/Xilinx/zc706/1.4/board.xml as part xc7z045ffg900-2 specified in board_part file is either invalid or not available
WARNING: [Board 49-26] cannot add Board Part xilinx.com:zcu111:part0:1.2 available at D:/Xilinx/Vivado/2022.2/data/xhub/boards/XilinxBoardStore/boards/Xilinx/zcu111/1.2/board.xml as part xczu28dr-ffvg1517-2-e specified in board_part file is either invalid or not available
WARNING: [Board 49-26] cannot add Board Part xilinx.com:zcu111:part0:1.3 available at D:/Xilinx/Vivado/2022.2/data/xhub/boards/XilinxBoardStore/boards/Xilinx/zcu111/1.3/board.xml as part xczu28dr-ffvg1517-2-e specified in board_part file is either invalid or not available
WARNING: [Board 49-26] cannot add Board Part xilinx.com:zcu111:part0:1.4 available at D:/Xilinx/Vivado/2022.2/data/xhub/boards/XilinxBoardStore/boards/Xilinx/zcu111/1.4/board.xml as part xczu28dr-ffvg1517-2-e specified in board_part file is either invalid or not available
WARNING: [Board 49-26] cannot add Board Part xilinx.com:zcu1275:part0:1.0 available at D:/Xilinx/Vivado/2022.2/data/xhub/boards/XilinxBoardStore/boards/Xilinx/zcu1275/1.0/board.xml as part xczu29dr-ffvf1760-2-e specified in board_part file is either invalid or not available
WARNING: [Board 49-26] cannot add Board Part xilinx.com:zcu1285:part0:1.0 available at D:/Xilinx/Vivado/2022.2/data/xhub/boards/XilinxBoardStore/boards/Xilinx/zcu1285/1.0/board.xml as part xczu39dr-ffvf1760-2-i specified in board_part file is either invalid or not available
WARNING: [Board 49-26] cannot add Board Part xilinx.com:zcu208:part0:2.0 available at D:/Xilinx/Vivado/2022.2/data/xhub/boards/XilinxBoardStore/boards/Xilinx/zcu208/production/2.0/board.xml as part xczu48dr-fsvg1517-2-e specified in board_part file is either invalid or not available
WARNING: [Board 49-26] cannot add Board Part xilinx.com:zcu208ld:part0:2.0 available at D:/Xilinx/Vivado/2022.2/data/xhub/boards/XilinxBoardStore/boards/Xilinx/zcu208ld/production/2.0/board.xml as part xczu58dr-fsvg1517-2-i specified in board_part file is either invalid or not available
WARNING: [Board 49-26] cannot add Board Part xilinx.com:zcu216:part0:2.0 available at D:/Xilinx/Vivado/2022.2/data/xhub/boards/XilinxBoardStore/boards/Xilinx/zcu216/production/2.0/board.xml as part xczu49dr-ffvf1760-2-e specified in board_part file is either invalid or not available
WARNING: [Board 49-26] cannot add Board Part xilinx.com:zcu216ld:part0:2.0 available at D:/Xilinx/Vivado/2022.2/data/xhub/boards/XilinxBoardStore/boards/Xilinx/zcu216ld/production/2.0/board.xml as part xczu59dr-ffvf1760-2-i specified in board_part file is either invalid or not available
WARNING: [Board 49-26] cannot add Board Part xilinx.com:zcu670:part0:2.0 available at D:/Xilinx/Vivado/2022.2/data/xhub/boards/XilinxBoardStore/boards/Xilinx/zcu670/2.0/board.xml as part xczu67dr-fsve1156-2-i specified in board_part file is either invalid or not available
WARNING: [Board 49-26] cannot add Board Part xilinx.com:zcu670ld:part0:1.0 available at D:/Xilinx/Vivado/2022.2/data/xhub/boards/XilinxBoardStore/boards/Xilinx/zcu670ld/1.0/board.xml as part xczu57dr-fsve1156-2-i specified in board_part file is either invalid or not available
INFO: [IP_Flow 19-234] Refreshing IP repositories
INFO: [IP_Flow 19-1700] Loaded user IP repository 'd:/FPGA/Vivaldo Project/INTERFACE/SPI/06_system_integration/ip_repo/axi_w25q64_1_0'.
INFO: [IP_Flow 19-795] Syncing license key meta-data
update_compile_order -fileset sources_1
set_property core_revision 2 [ipx::current_core]
ipx::update_source_project_archive -component [ipx::current_core]
ipx::create_xgui_files [ipx::current_core]
ipx::update_checksums [ipx::current_core]
ipx::check_integrity [ipx::current_core]
INFO: [IP_Flow 19-2181] Payment Required is not set for this core.
INFO: [IP_Flow 19-2187] The Product Guide file is missing.
INFO: [Ipptcl 7-1486] check_integrity: Integrity check passed.
ipx::save_core [ipx::current_core]
ipx::move_temp_component_back -component [ipx::current_core]
close_project -delete
update_ip_catalog -rebuild -repo_path {d:/FPGA/Vivaldo Project/INTERFACE/SPI/06_system_integration/ip_repo/axi_w25q64_1_0}
INFO: [IP_Flow 19-725] Reloaded user IP repository 'd:/FPGA/Vivaldo Project/INTERFACE/SPI/06_system_integration/ip_repo/axi_w25q64_1_0'
report_ip_status -name ip_status 
upgrade_ip -vlnv xilinx.com:user:axi_w25q64:1.0 [get_ips  system_integration_axi_w25q64_0_0] -log ip_upgrade.log
Upgrading 'D:/FPGA/Vivaldo Project/INTERFACE/SPI/06_system_integration/Vivado/system_integration.srcs/sources_1/bd/system_integration/system_integration.bd'
INFO: [IP_Flow 19-3422] Upgraded system_integration_axi_w25q64_0_0 (axi_w25q64_v1.0 1.0) from revision 1 to revision 2
Wrote  : <D:\FPGA\Vivaldo Project\INTERFACE\SPI\06_system_integration\Vivado\system_integration.srcs\sources_1\bd\system_integration\system_integration.bd> 
Wrote  : <D:/FPGA/Vivaldo Project/INTERFACE/SPI/06_system_integration/Vivado/system_integration.srcs/sources_1/bd/system_integration/ui/bd_f9f8b944.ui> 
INFO: [Coretcl 2-1525] Wrote upgrade log to 'D:/FPGA/Vivaldo Project/INTERFACE/SPI/06_system_integration/Vivado/ip_upgrade.log'.
export_ip_user_files -of_objects [get_ips system_integration_axi_w25q64_0_0] -no_script -sync -force -quiet
set_property synth_checkpoint_mode None [get_files  {{D:/FPGA/Vivaldo Project/INTERFACE/SPI/06_system_integration/Vivado/system_integration.srcs/sources_1/bd/system_integration/system_integration.bd}}]
generate_target all [get_files  {{D:/FPGA/Vivaldo Project/INTERFACE/SPI/06_system_integration/Vivado/system_integration.srcs/sources_1/bd/system_integration/system_integration.bd}}]
CRITICAL WARNING: [BD 41-1356] Slave segment </axi_w25q64_0/S00_AXI/S00_AXI_reg> is not assigned into address space </zynq_ultra_ps_e_0/Data>. Please use Address Editor to either assign or exclude it.
INFO: [xilinx.com:ip:smartconnect:1.0-1] system_integration_smartconnect_0_0: SmartConnect system_integration_smartconnect_0_0 is in Low-Area Mode.
INFO: [Ipptcl 7-1463] No Compatible Board Interface found. Board Tab not created in customize GUI
WARNING: [BD 41-2671] The dangling interface net <m00_aw_node_M_AXIS_ARB> will not be written out to the BD file.
Wrote  : <D:\FPGA\Vivaldo Project\INTERFACE\SPI\06_system_integration\Vivado\system_integration.srcs\sources_1\bd\system_integration\system_integration.bd> 
Verilog Output written to : D:/FPGA/Vivaldo Project/INTERFACE/SPI/06_system_integration/Vivado/system_integration.gen/sources_1/bd/system_integration/synth/system_integration.v
Verilog Output written to : D:/FPGA/Vivaldo Project/INTERFACE/SPI/06_system_integration/Vivado/system_integration.gen/sources_1/bd/system_integration/sim/system_integration.v
Verilog Output written to : D:/FPGA/Vivaldo Project/INTERFACE/SPI/06_system_integration/Vivado/system_integration.gen/sources_1/bd/system_integration/hdl/system_integration_wrapper.v
INFO: [xilinx.com:ip:zynq_ultra_ps_e:3.4-0] system_integration_zynq_ultra_ps_e_0_0: 
Changes in your design (including the PCW configuration settings) are not automatically exported from Vivado to Xilinx's SDK, Petalinux or Yocto.
This is by design to avoid disrupting existing embedded development efforts. To have any changes of your design taking effect in the embedded software flow please export your
design by going through Vivado's main menu, click on File, then Export finally select Export Hardware, please ensure you click on the Include BitStream option.
The auto-generated HDF file is all you need to import in Xilinx's SDK, Petalinux or Yocto for your changes to be reflected in the Embedded Software Flow.
For more information, please consult PG201, section: Exporting PCW Settings to Embedded Software Flows
INFO: [PSU-0] Address Range of DDR (0x7ff00000 to 0x7fffffff) is reserved by PMU for internal purpose.
INFO: [IP_Flow 19-5611] Unable to find an associated reset port for the interface 'M_AXI_HPM0_FPD'. A default connection has been created.
INFO: [BD 41-1029] Generation completed for the IP Integrator block zynq_ultra_ps_e_0 .
INFO: [BD 41-1029] Generation completed for the IP Integrator block proc_sys_reset_0 .
Exporting to file d:/FPGA/Vivaldo Project/INTERFACE/SPI/06_system_integration/Vivado/system_integration.gen/sources_1/bd/system_integration/ip/system_integration_smartconnect_0_0/bd_0/hw_handoff/system_integration_smartconnect_0_0.hwh
Generated Hardware Definition File d:/FPGA/Vivaldo Project/INTERFACE/SPI/06_system_integration/Vivado/system_integration.gen/sources_1/bd/system_integration/ip/system_integration_smartconnect_0_0/bd_0/synth/system_integration_smartconnect_0_0.hwdef
INFO: [BD 41-1029] Generation completed for the IP Integrator block smartconnect_0 .
INFO: [BD 41-1029] Generation completed for the IP Integrator block axi_w25q64_0 .
Exporting to file D:/FPGA/Vivaldo Project/INTERFACE/SPI/06_system_integration/Vivado/system_integration.gen/sources_1/bd/system_integration/hw_handoff/system_integration.hwh
Generated Hardware Definition File D:/FPGA/Vivaldo Project/INTERFACE/SPI/06_system_integration/Vivado/system_integration.gen/sources_1/bd/system_integration/synth/system_integration.hwdef
generate_target: Time (s): cpu = 00:00:55 ; elapsed = 00:01:14 . Memory (MB): peak = 1982.418 ; gain = 392.414
export_ip_user_files -of_objects [get_files {{D:/FPGA/Vivaldo Project/INTERFACE/SPI/06_system_integration/Vivado/system_integration.srcs/sources_1/bd/system_integration/system_integration.bd}}] -no_script -sync -force -quiet
export_simulation -of_objects [get_files {{D:/FPGA/Vivaldo Project/INTERFACE/SPI/06_system_integration/Vivado/system_integration.srcs/sources_1/bd/system_integration/system_integration.bd}}] -directory {D:/FPGA/Vivaldo Project/INTERFACE/SPI/06_system_integration/Vivado/system_integration.ip_user_files/sim_scripts} -ip_user_files_dir {D:/FPGA/Vivaldo Project/INTERFACE/SPI/06_system_integration/Vivado/system_integration.ip_user_files} -ipstatic_source_dir {D:/FPGA/Vivaldo Project/INTERFACE/SPI/06_system_integration/Vivado/system_integration.ip_user_files/ipstatic} -lib_map_path [list {modelsim=D:/FPGA/Vivaldo Project/INTERFACE/SPI/06_system_integration/Vivado/system_integration.cache/compile_simlib/modelsim} {questa=D:/FPGA/Vivaldo Project/INTERFACE/SPI/06_system_integration/Vivado/system_integration.cache/compile_simlib/questa} {riviera=D:/FPGA/Vivaldo Project/INTERFACE/SPI/06_system_integration/Vivado/system_integration.cache/compile_simlib/riviera} {activehdl=D:/FPGA/Vivaldo Project/INTERFACE/SPI/06_system_integration/Vivado/system_integration.cache/compile_simlib/activehdl}] -use_ip_compiled_libs -force -quiet
report_ip_status -name ip_status 
update_ip_catalog -rebuild -scan_changes
INFO: [IP_Flow 19-234] Refreshing IP repositories
INFO: [IP_Flow 19-1700] Loaded user IP repository 'd:/FPGA/Vivaldo Project/INTERFACE/SPI/06_system_integration/ip_repo/axi_w25q64_1_0'.
report_ip_status -name ip_status
upgrade_ip -vlnv xilinx.com:user:axi_w25q64:1.0 [get_ips  system_integration_axi_w25q64_0_0] -log ip_upgrade.log
Upgrading 'D:/FPGA/Vivaldo Project/INTERFACE/SPI/06_system_integration/Vivado/system_integration.srcs/sources_1/bd/system_integration/system_integration.bd'
INFO: [IP_Flow 19-3420] Updated system_integration_axi_w25q64_0_0 to use current project options
Wrote  : <D:\FPGA\Vivaldo Project\INTERFACE\SPI\06_system_integration\Vivado\system_integration.srcs\sources_1\bd\system_integration\system_integration.bd> 
Wrote  : <D:/FPGA/Vivaldo Project/INTERFACE/SPI/06_system_integration/Vivado/system_integration.srcs/sources_1/bd/system_integration/ui/bd_f9f8b944.ui> 
INFO: [Coretcl 2-1525] Wrote upgrade log to 'D:/FPGA/Vivaldo Project/INTERFACE/SPI/06_system_integration/Vivado/ip_upgrade.log'.
export_ip_user_files -of_objects [get_ips system_integration_axi_w25q64_0_0] -no_script -sync -force -quiet
generate_target all [get_files  {{D:/FPGA/Vivaldo Project/INTERFACE/SPI/06_system_integration/Vivado/system_integration.srcs/sources_1/bd/system_integration/system_integration.bd}}]
CRITICAL WARNING: [BD 41-1356] Slave segment </axi_w25q64_0/S00_AXI/S00_AXI_reg> is not assigned into address space </zynq_ultra_ps_e_0/Data>. Please use Address Editor to either assign or exclude it.
INFO: [xilinx.com:ip:smartconnect:1.0-1] system_integration_smartconnect_0_0: SmartConnect system_integration_smartconnect_0_0 is in Low-Area Mode.
INFO: [Ipptcl 7-1463] No Compatible Board Interface found. Board Tab not created in customize GUI
WARNING: [BD 41-2671] The dangling interface net <m00_aw_node_M_AXIS_ARB> will not be written out to the BD file.
Wrote  : <D:\FPGA\Vivaldo Project\INTERFACE\SPI\06_system_integration\Vivado\system_integration.srcs\sources_1\bd\system_integration\system_integration.bd> 
Verilog Output written to : D:/FPGA/Vivaldo Project/INTERFACE/SPI/06_system_integration/Vivado/system_integration.gen/sources_1/bd/system_integration/synth/system_integration.v
Verilog Output written to : D:/FPGA/Vivaldo Project/INTERFACE/SPI/06_system_integration/Vivado/system_integration.gen/sources_1/bd/system_integration/sim/system_integration.v
Verilog Output written to : D:/FPGA/Vivaldo Project/INTERFACE/SPI/06_system_integration/Vivado/system_integration.gen/sources_1/bd/system_integration/hdl/system_integration_wrapper.v
Exporting to file d:/FPGA/Vivaldo Project/INTERFACE/SPI/06_system_integration/Vivado/system_integration.gen/sources_1/bd/system_integration/ip/system_integration_smartconnect_0_0/bd_0/hw_handoff/system_integration_smartconnect_0_0.hwh
Generated Hardware Definition File d:/FPGA/Vivaldo Project/INTERFACE/SPI/06_system_integration/Vivado/system_integration.gen/sources_1/bd/system_integration/ip/system_integration_smartconnect_0_0/bd_0/synth/system_integration_smartconnect_0_0.hwdef
INFO: [BD 41-1029] Generation completed for the IP Integrator block axi_w25q64_0 .
Exporting to file D:/FPGA/Vivaldo Project/INTERFACE/SPI/06_system_integration/Vivado/system_integration.gen/sources_1/bd/system_integration/hw_handoff/system_integration.hwh
Generated Hardware Definition File D:/FPGA/Vivaldo Project/INTERFACE/SPI/06_system_integration/Vivado/system_integration.gen/sources_1/bd/system_integration/synth/system_integration.hwdef
export_ip_user_files -of_objects [get_files {{D:/FPGA/Vivaldo Project/INTERFACE/SPI/06_system_integration/Vivado/system_integration.srcs/sources_1/bd/system_integration/system_integration.bd}}] -no_script -sync -force -quiet
export_simulation -of_objects [get_files {{D:/FPGA/Vivaldo Project/INTERFACE/SPI/06_system_integration/Vivado/system_integration.srcs/sources_1/bd/system_integration/system_integration.bd}}] -directory {D:/FPGA/Vivaldo Project/INTERFACE/SPI/06_system_integration/Vivado/system_integration.ip_user_files/sim_scripts} -ip_user_files_dir {D:/FPGA/Vivaldo Project/INTERFACE/SPI/06_system_integration/Vivado/system_integration.ip_user_files} -ipstatic_source_dir {D:/FPGA/Vivaldo Project/INTERFACE/SPI/06_system_integration/Vivado/system_integration.ip_user_files/ipstatic} -lib_map_path [list {modelsim=D:/FPGA/Vivaldo Project/INTERFACE/SPI/06_system_integration/Vivado/system_integration.cache/compile_simlib/modelsim} {questa=D:/FPGA/Vivaldo Project/INTERFACE/SPI/06_system_integration/Vivado/system_integration.cache/compile_simlib/questa} {riviera=D:/FPGA/Vivaldo Project/INTERFACE/SPI/06_system_integration/Vivado/system_integration.cache/compile_simlib/riviera} {activehdl=D:/FPGA/Vivaldo Project/INTERFACE/SPI/06_system_integration/Vivado/system_integration.cache/compile_simlib/activehdl}] -use_ip_compiled_libs -force -quiet
report_ip_status -name ip_status 
ipx::edit_ip_in_project -upgrade true -name axi_w25q64_v1_0_project -directory {D:/FPGA/Vivaldo\ Project/INTERFACE/SPI/06_system_integration/Vivado/system_integration.tmp/axi_w25q64_v1_0_project} {d:/FPGA/Vivaldo Project/INTERFACE/SPI/06_system_integration/ip_repo/axi_w25q64_1_0/component.xml}
INFO: [IP_Flow 19-234] Refreshing IP repositories
INFO: [IP_Flow 19-1704] No user IP repositories specified
INFO: [IP_Flow 19-2313] Loaded Vivado IP repository 'D:/Xilinx/Vivado/2022.2/data/ip'.
WARNING: [Board 49-26] cannot add Board Part xilinx.com:ac701:part0:1.4 available at D:/Xilinx/Vivado/2022.2/data/xhub/boards/XilinxBoardStore/boards/Xilinx/ac701/1.4/board.xml as part xc7a200tfbg676-2 specified in board_part file is either invalid or not available
WARNING: [Board 49-26] cannot add Board Part xilinx.com:kc705:part0:1.6 available at D:/Xilinx/Vivado/2022.2/data/xhub/boards/XilinxBoardStore/boards/Xilinx/kc705/1.6/board.xml as part xc7k325tffg900-2 specified in board_part file is either invalid or not available
WARNING: [Board 49-26] cannot add Board Part xilinx.com:kcu105:part0:1.6 available at D:/Xilinx/Vivado/2022.2/data/xhub/boards/XilinxBoardStore/boards/Xilinx/kcu105/1.6/board.xml as part xcku040-ffva1156-2-e specified in board_part file is either invalid or not available
WARNING: [Board 49-26] cannot add Board Part xilinx.com:kcu105:part0:1.7 available at D:/Xilinx/Vivado/2022.2/data/xhub/boards/XilinxBoardStore/boards/Xilinx/kcu105/1.7/board.xml as part xcku040-ffva1156-2-e specified in board_part file is either invalid or not available
WARNING: [Board 49-26] cannot add Board Part xilinx.com:kcu116:part0:1.4 available at D:/Xilinx/Vivado/2022.2/data/xhub/boards/XilinxBoardStore/boards/Xilinx/kcu116/1.4/board.xml as part xcku5p-ffvb676-2-e specified in board_part file is either invalid or not available
WARNING: [Board 49-26] cannot add Board Part xilinx.com:kcu116:part0:1.5 available at D:/Xilinx/Vivado/2022.2/data/xhub/boards/XilinxBoardStore/boards/Xilinx/kcu116/1.5/board.xml as part xcku5p-ffvb676-2-e specified in board_part file is either invalid or not available
WARNING: [Board 49-26] cannot add Board Part xilinx.com:kcu1500:part0:1.2 available at D:/Xilinx/Vivado/2022.2/data/xhub/boards/XilinxBoardStore/boards/Xilinx/kcu1500/1.2/board.xml as part xcku115-flvb2104-2-e specified in board_part file is either invalid or not available
WARNING: [Board 49-26] cannot add Board Part xilinx.com:sp701:part0:1.0 available at D:/Xilinx/Vivado/2022.2/data/xhub/boards/XilinxBoardStore/boards/Xilinx/sp701/1.0/board.xml as part xc7s100fgga676-2 specified in board_part file is either invalid or not available
WARNING: [Board 49-26] cannot add Board Part xilinx.com:sp701:part0:1.1 available at D:/Xilinx/Vivado/2022.2/data/xhub/boards/XilinxBoardStore/boards/Xilinx/sp701/1.1/board.xml as part xc7s100fgga676-2 specified in board_part file is either invalid or not available
WARNING: [Board 49-26] cannot add Board Part xilinx.com:vc707:part0:1.4 available at D:/Xilinx/Vivado/2022.2/data/xhub/boards/XilinxBoardStore/boards/Xilinx/vc707/1.4/board.xml as part xc7vx485tffg1761-2 specified in board_part file is either invalid or not available
WARNING: [Board 49-26] cannot add Board Part xilinx.com:vc709:part0:1.8 available at D:/Xilinx/Vivado/2022.2/data/xhub/boards/XilinxBoardStore/boards/Xilinx/vc709/1.8/board.xml as part xc7vx690tffg1761-2 specified in board_part file is either invalid or not available
WARNING: [Board 49-26] cannot add Board Part xilinx.com:vck190:part0:2.2 available at D:/Xilinx/Vivado/2022.2/data/xhub/boards/XilinxBoardStore/boards/Xilinx/vck190/production/2.2/board.xml as part xcvc1902-vsva2197-2mp-e-s specified in board_part file is either invalid or not available
WARNING: [Board 49-26] cannot add Board Part xilinx.com:vck190:part0:3.0 available at D:/Xilinx/Vivado/2022.2/data/xhub/boards/XilinxBoardStore/boards/Xilinx/vck190/production/3.0/board.xml as part xcvc1902-vsva2197-2mp-e-s specified in board_part file is either invalid or not available
WARNING: [Board 49-26] cannot add Board Part xilinx.com:vck190:part0:3.1 available at D:/Xilinx/Vivado/2022.2/data/xhub/boards/XilinxBoardStore/boards/Xilinx/vck190/production/3.1/board.xml as part xcvc1902-vsva2197-2mp-e-s specified in board_part file is either invalid or not available
WARNING: [Board 49-26] cannot add Board Part xilinx.com:vck190_newl:part0:1.0 available at D:/Xilinx/Vivado/2022.2/data/xhub/boards/XilinxBoardStore/boards/Xilinx/vck190_newl/production/1.0/board.xml as part xcvc1902-vsva2197-2mp-e-s specified in board_part file is either invalid or not available
WARNING: [Board 49-26] cannot add Board Part xilinx.com:vcu108:part0:1.6 available at D:/Xilinx/Vivado/2022.2/data/xhub/boards/XilinxBoardStore/boards/Xilinx/vcu108/1.6/board.xml as part xcvu095-ffva2104-2-e specified in board_part file is either invalid or not available
WARNING: [Board 49-26] cannot add Board Part xilinx.com:vcu108:part0:1.7 available at D:/Xilinx/Vivado/2022.2/data/xhub/boards/XilinxBoardStore/boards/Xilinx/vcu108/1.7/board.xml as part xcvu095-ffva2104-2-e specified in board_part file is either invalid or not available
WARNING: [Board 49-26] cannot add Board Part xilinx.com:vcu110:part0:1.4 available at D:/Xilinx/Vivado/2022.2/data/xhub/boards/XilinxBoardStore/boards/Xilinx/vcu110/1.4/board.xml as part xcvu190-flgc2104-2-e specified in board_part file is either invalid or not available
WARNING: [Board 49-26] cannot add Board Part xilinx.com:vcu118:part0:2.0 available at D:/Xilinx/Vivado/2022.2/data/xhub/boards/XilinxBoardStore/boards/Xilinx/vcu118/2.0/board.xml as part xcvu9p-flga2104-2l-e specified in board_part file is either invalid or not available
WARNING: [Board 49-26] cannot add Board Part xilinx.com:vcu118:part0:2.3 available at D:/Xilinx/Vivado/2022.2/data/xhub/boards/XilinxBoardStore/boards/Xilinx/vcu118/2.3/board.xml as part xcvu9p-flga2104-2l-e specified in board_part file is either invalid or not available
WARNING: [Board 49-26] cannot add Board Part xilinx.com:vcu118:part0:2.4 available at D:/Xilinx/Vivado/2022.2/data/xhub/boards/XilinxBoardStore/boards/Xilinx/vcu118/2.4/board.xml as part xcvu9p-flga2104-2l-e specified in board_part file is either invalid or not available
WARNING: [Board 49-26] cannot add Board Part xilinx.com:vcu128:part0:1.0 available at D:/Xilinx/Vivado/2022.2/data/xhub/boards/XilinxBoardStore/boards/Xilinx/vcu128/production/1.0/board.xml as part xcvu37p-fsvh2892-2l-e specified in board_part file is either invalid or not available
WARNING: [Board 49-26] cannot add Board Part xilinx.com:vcu129:part0:1.0 available at D:/Xilinx/Vivado/2022.2/data/xhub/boards/XilinxBoardStore/boards/Xilinx/vcu129/production/1.0/board.xml as part xcvu29p-fsga2577-2l-e specified in board_part file is either invalid or not available
WARNING: [Board 49-26] cannot add Board Part xilinx.com:vcu1525:part0:1.3 available at D:/Xilinx/Vivado/2022.2/data/xhub/boards/XilinxBoardStore/boards/Xilinx/vcu1525/1.3/board.xml as part xcvu9p-fsgd2104-2l-e specified in board_part file is either invalid or not available
WARNING: [Board 49-26] cannot add Board Part xilinx.com:vek280_es:part0:1.0 available at D:/Xilinx/Vivado/2022.2/data/xhub/boards/XilinxBoardStore/boards/Xilinx/vek280/es/1.0/board.xml as part xcve2802-vsvh1760-2lp-e-s-es1 specified in board_part file is either invalid or not available
WARNING: [Board 49-26] cannot add Board Part xilinx.com:vermeo_t1_rfsoc:part0:1.0 available at D:/Xilinx/Vivado/2022.2/data/xhub/boards/XilinxBoardStore/boards/Xilinx/vermeo_t1_rfsoc/1.0/board.xml as part xczu21dr-ffvd1156-2l-e specified in board_part file is either invalid or not available
WARNING: [Board 49-26] cannot add Board Part xilinx.com:vhk158_es:part0:1.0 available at D:/Xilinx/Vivado/2022.2/data/xhub/boards/XilinxBoardStore/boards/Xilinx/vhk158/es/1.0/board.xml as part xcvh1582-vsva3697-2mp-e-s-es1 specified in board_part file is either invalid or not available
WARNING: [Board 49-26] cannot add Board Part xilinx.com:vmk180:part0:2.2 available at D:/Xilinx/Vivado/2022.2/data/xhub/boards/XilinxBoardStore/boards/Xilinx/vmk180/production/2.2/board.xml as part xcvm1802-vsva2197-2mp-e-s specified in board_part file is either invalid or not available
WARNING: [Board 49-26] cannot add Board Part xilinx.com:vmk180:part0:3.0 available at D:/Xilinx/Vivado/2022.2/data/xhub/boards/XilinxBoardStore/boards/Xilinx/vmk180/production/3.0/board.xml as part xcvm1802-vsva2197-2mp-e-s specified in board_part file is either invalid or not available
WARNING: [Board 49-26] cannot add Board Part xilinx.com:vmk180:part0:3.1 available at D:/Xilinx/Vivado/2022.2/data/xhub/boards/XilinxBoardStore/boards/Xilinx/vmk180/production/3.1/board.xml as part xcvm1802-vsva2197-2mp-e-s specified in board_part file is either invalid or not available
WARNING: [Board 49-26] cannot add Board Part xilinx.com:vmk180_newl:part0:1.0 available at D:/Xilinx/Vivado/2022.2/data/xhub/boards/XilinxBoardStore/boards/Xilinx/vmk180_newl/production/1.0/board.xml as part xcvm1802-vsva2197-2mp-e-s specified in board_part file is either invalid or not available
WARNING: [Board 49-26] cannot add Board Part xilinx.com:vpk120:part0:1.0 available at D:/Xilinx/Vivado/2022.2/data/xhub/boards/XilinxBoardStore/boards/Xilinx/vpk120/production/1.0/board.xml as part xcvp1202-vsva2785-2mp-e-s specified in board_part file is either invalid or not available
WARNING: [Board 49-26] cannot add Board Part xilinx.com:vpk120_es:part0:1.2 available at D:/Xilinx/Vivado/2022.2/data/xhub/boards/XilinxBoardStore/boards/Xilinx/vpk120/es/1.2/board.xml as part xcvp1202-vsva2785-2mp-e-s-es1 specified in board_part file is either invalid or not available
WARNING: [Board 49-26] cannot add Board Part xilinx.com:vpk120_es_revb:part0:1.0 available at D:/Xilinx/Vivado/2022.2/data/xhub/boards/XilinxBoardStore/boards/Xilinx/vpk120_revb/es/1.0/board.xml as part xcvp1202-vsva2785-2mp-e-s-es1 specified in board_part file is either invalid or not available
WARNING: [Board 49-26] cannot add Board Part xilinx.com:vpk180_es:part0:1.0 available at D:/Xilinx/Vivado/2022.2/data/xhub/boards/XilinxBoardStore/boards/Xilinx/vpk180/es/1.0/board.xml as part xcvp1802-lsvc4072-2mp-e-s-es1 specified in board_part file is either invalid or not available
WARNING: [Board 49-26] cannot add Board Part xilinx.com:zc702:part0:1.4 available at D:/Xilinx/Vivado/2022.2/data/xhub/boards/XilinxBoardStore/boards/Xilinx/zc702/1.4/board.xml as part xc7z020clg484-1 specified in board_part file is either invalid or not available
WARNING: [Board 49-26] cannot add Board Part xilinx.com:zc706:part0:1.4 available at D:/Xilinx/Vivado/2022.2/data/xhub/boards/XilinxBoardStore/boards/Xilinx/zc706/1.4/board.xml as part xc7z045ffg900-2 specified in board_part file is either invalid or not available
WARNING: [Board 49-26] cannot add Board Part xilinx.com:zcu111:part0:1.2 available at D:/Xilinx/Vivado/2022.2/data/xhub/boards/XilinxBoardStore/boards/Xilinx/zcu111/1.2/board.xml as part xczu28dr-ffvg1517-2-e specified in board_part file is either invalid or not available
WARNING: [Board 49-26] cannot add Board Part xilinx.com:zcu111:part0:1.3 available at D:/Xilinx/Vivado/2022.2/data/xhub/boards/XilinxBoardStore/boards/Xilinx/zcu111/1.3/board.xml as part xczu28dr-ffvg1517-2-e specified in board_part file is either invalid or not available
WARNING: [Board 49-26] cannot add Board Part xilinx.com:zcu111:part0:1.4 available at D:/Xilinx/Vivado/2022.2/data/xhub/boards/XilinxBoardStore/boards/Xilinx/zcu111/1.4/board.xml as part xczu28dr-ffvg1517-2-e specified in board_part file is either invalid or not available
WARNING: [Board 49-26] cannot add Board Part xilinx.com:zcu1275:part0:1.0 available at D:/Xilinx/Vivado/2022.2/data/xhub/boards/XilinxBoardStore/boards/Xilinx/zcu1275/1.0/board.xml as part xczu29dr-ffvf1760-2-e specified in board_part file is either invalid or not available
WARNING: [Board 49-26] cannot add Board Part xilinx.com:zcu1285:part0:1.0 available at D:/Xilinx/Vivado/2022.2/data/xhub/boards/XilinxBoardStore/boards/Xilinx/zcu1285/1.0/board.xml as part xczu39dr-ffvf1760-2-i specified in board_part file is either invalid or not available
WARNING: [Board 49-26] cannot add Board Part xilinx.com:zcu208:part0:2.0 available at D:/Xilinx/Vivado/2022.2/data/xhub/boards/XilinxBoardStore/boards/Xilinx/zcu208/production/2.0/board.xml as part xczu48dr-fsvg1517-2-e specified in board_part file is either invalid or not available
WARNING: [Board 49-26] cannot add Board Part xilinx.com:zcu208ld:part0:2.0 available at D:/Xilinx/Vivado/2022.2/data/xhub/boards/XilinxBoardStore/boards/Xilinx/zcu208ld/production/2.0/board.xml as part xczu58dr-fsvg1517-2-i specified in board_part file is either invalid or not available
WARNING: [Board 49-26] cannot add Board Part xilinx.com:zcu216:part0:2.0 available at D:/Xilinx/Vivado/2022.2/data/xhub/boards/XilinxBoardStore/boards/Xilinx/zcu216/production/2.0/board.xml as part xczu49dr-ffvf1760-2-e specified in board_part file is either invalid or not available
WARNING: [Board 49-26] cannot add Board Part xilinx.com:zcu216ld:part0:2.0 available at D:/Xilinx/Vivado/2022.2/data/xhub/boards/XilinxBoardStore/boards/Xilinx/zcu216ld/production/2.0/board.xml as part xczu59dr-ffvf1760-2-i specified in board_part file is either invalid or not available
WARNING: [Board 49-26] cannot add Board Part xilinx.com:zcu670:part0:2.0 available at D:/Xilinx/Vivado/2022.2/data/xhub/boards/XilinxBoardStore/boards/Xilinx/zcu670/2.0/board.xml as part xczu67dr-fsve1156-2-i specified in board_part file is either invalid or not available
WARNING: [Board 49-26] cannot add Board Part xilinx.com:zcu670ld:part0:1.0 available at D:/Xilinx/Vivado/2022.2/data/xhub/boards/XilinxBoardStore/boards/Xilinx/zcu670ld/1.0/board.xml as part xczu57dr-fsve1156-2-i specified in board_part file is either invalid or not available
INFO: [IP_Flow 19-234] Refreshing IP repositories
INFO: [IP_Flow 19-1700] Loaded user IP repository 'd:/FPGA/Vivaldo Project/INTERFACE/SPI/06_system_integration/ip_repo/axi_w25q64_1_0'.
INFO: [IP_Flow 19-795] Syncing license key meta-data
update_compile_order -fileset sources_1
update_compile_order -fileset sources_1
update_compile_order -fileset sources_1
ipx::merge_project_changes ports [ipx::current_core]
WARNING: [IP_Flow 19-5226] Project source file 'd:/FPGA/Vivaldo Project/INTERFACE/SPI/06_system_integration/ip_repo/axi_w25q64_1_0/component.xml' ignored by IP packager.
INFO: [IP_Flow 19-3166] Bus Interface 'S00_AXI': References existing memory map 'S00_AXI'.
set_property core_revision 3 [ipx::current_core]
ipx::update_source_project_archive -component [ipx::current_core]
ipx::create_xgui_files [ipx::current_core]
ipx::update_checksums [ipx::current_core]
ipx::check_integrity [ipx::current_core]
INFO: [IP_Flow 19-2181] Payment Required is not set for this core.
INFO: [IP_Flow 19-2187] The Product Guide file is missing.
INFO: [Ipptcl 7-1486] check_integrity: Integrity check passed.
ipx::save_core [ipx::current_core]
ipx::move_temp_component_back -component [ipx::current_core]
close_project -delete
update_ip_catalog -rebuild -repo_path {d:/FPGA/Vivaldo Project/INTERFACE/SPI/06_system_integration/ip_repo/axi_w25q64_1_0}
INFO: [IP_Flow 19-725] Reloaded user IP repository 'd:/FPGA/Vivaldo Project/INTERFACE/SPI/06_system_integration/ip_repo/axi_w25q64_1_0'
report_ip_status -name ip_status 
upgrade_ip -vlnv xilinx.com:user:axi_w25q64:1.0 [get_ips  system_integration_axi_w25q64_0_0] -log ip_upgrade.log
Upgrading 'D:/FPGA/Vivaldo Project/INTERFACE/SPI/06_system_integration/Vivado/system_integration.srcs/sources_1/bd/system_integration/system_integration.bd'
INFO: [IP_Flow 19-3422] Upgraded system_integration_axi_w25q64_0_0 (axi_w25q64_v1.0 1.0) from revision 2 to revision 3
WARNING: [IP_Flow 19-4698] Upgrade has added port 'busy_sticky'
WARNING: [IP_Flow 19-4698] Upgrade has added port 'ctrl_address'
WARNING: [IP_Flow 19-4698] Upgrade has added port 'ctrl_command'
WARNING: [IP_Flow 19-4698] Upgrade has added port 'ctrl_flash_status'
WARNING: [IP_Flow 19-4698] Upgrade has added port 'ctrl_jedec_id'
WARNING: [IP_Flow 19-4698] Upgrade has added port 'ctrl_read_data'
WARNING: [IP_Flow 19-4698] Upgrade has added port 'ctrl_start'
WARNING: [IP_Flow 19-4698] Upgrade has added port 'ctrl_write_data'
WARNING: [IP_Flow 19-4698] Upgrade has added port 'done_sticky'
WARNING: [IP_Flow 19-4698] Upgrade has added port 'verify_sticky'
WARNING: [IP_Flow 19-3298] Detected external port differences while upgrading 'system_integration_axi_w25q64_0_0'. These changes may impact your design.
CRITICAL WARNING: [Coretcl 2-1279] The upgrade of 'system_integration_axi_w25q64_0_0' has identified issues that may require user intervention. Please review the upgrade log 'd:/FPGA/Vivaldo Project/INTERFACE/SPI/06_system_integration/Vivado/ip_upgrade.log', and verify that the upgraded IP is correctly configured.
Wrote  : <D:\FPGA\Vivaldo Project\INTERFACE\SPI\06_system_integration\Vivado\system_integration.srcs\sources_1\bd\system_integration\system_integration.bd> 
Wrote  : <D:/FPGA/Vivaldo Project/INTERFACE/SPI/06_system_integration/Vivado/system_integration.srcs/sources_1/bd/system_integration/ui/bd_f9f8b944.ui> 
INFO: [Coretcl 2-1525] Wrote upgrade log to 'D:/FPGA/Vivaldo Project/INTERFACE/SPI/06_system_integration/Vivado/ip_upgrade.log'.
export_ip_user_files -of_objects [get_ips system_integration_axi_w25q64_0_0] -no_script -sync -force -quiet
generate_target all [get_files  {{D:/FPGA/Vivaldo Project/INTERFACE/SPI/06_system_integration/Vivado/system_integration.srcs/sources_1/bd/system_integration/system_integration.bd}}]
CRITICAL WARNING: [BD 41-1356] Slave segment </axi_w25q64_0/S00_AXI/S00_AXI_reg> is not assigned into address space </zynq_ultra_ps_e_0/Data>. Please use Address Editor to either assign or exclude it.
INFO: [xilinx.com:ip:smartconnect:1.0-1] system_integration_smartconnect_0_0: SmartConnect system_integration_smartconnect_0_0 is in Low-Area Mode.
INFO: [Ipptcl 7-1463] No Compatible Board Interface found. Board Tab not created in customize GUI
CRITICAL WARNING: [BD 41-759] The input pins (listed below) are either not connected or do not have a source port, and they don't have a tie-off specified. These pins are tied-off to all 0's to avoid error in Implementation flow.
Please check your design and connect them as needed: 
/axi_w25q64_0/ctrl_read_data
/axi_w25q64_0/ctrl_jedec_id
/axi_w25q64_0/ctrl_flash_status
/axi_w25q64_0/busy_sticky
/axi_w25q64_0/done_sticky
/axi_w25q64_0/verify_sticky

WARNING: [BD 41-2671] The dangling interface net <m00_aw_node_M_AXIS_ARB> will not be written out to the BD file.
Wrote  : <D:\FPGA\Vivaldo Project\INTERFACE\SPI\06_system_integration\Vivado\system_integration.srcs\sources_1\bd\system_integration\system_integration.bd> 
Verilog Output written to : D:/FPGA/Vivaldo Project/INTERFACE/SPI/06_system_integration/Vivado/system_integration.gen/sources_1/bd/system_integration/synth/system_integration.v
Verilog Output written to : D:/FPGA/Vivaldo Project/INTERFACE/SPI/06_system_integration/Vivado/system_integration.gen/sources_1/bd/system_integration/sim/system_integration.v
Verilog Output written to : D:/FPGA/Vivaldo Project/INTERFACE/SPI/06_system_integration/Vivado/system_integration.gen/sources_1/bd/system_integration/hdl/system_integration_wrapper.v
Exporting to file d:/FPGA/Vivaldo Project/INTERFACE/SPI/06_system_integration/Vivado/system_integration.gen/sources_1/bd/system_integration/ip/system_integration_smartconnect_0_0/bd_0/hw_handoff/system_integration_smartconnect_0_0.hwh
Generated Hardware Definition File d:/FPGA/Vivaldo Project/INTERFACE/SPI/06_system_integration/Vivado/system_integration.gen/sources_1/bd/system_integration/ip/system_integration_smartconnect_0_0/bd_0/synth/system_integration_smartconnect_0_0.hwdef
INFO: [BD 41-1029] Generation completed for the IP Integrator block axi_w25q64_0 .
Exporting to file D:/FPGA/Vivaldo Project/INTERFACE/SPI/06_system_integration/Vivado/system_integration.gen/sources_1/bd/system_integration/hw_handoff/system_integration.hwh
Generated Hardware Definition File D:/FPGA/Vivaldo Project/INTERFACE/SPI/06_system_integration/Vivado/system_integration.gen/sources_1/bd/system_integration/synth/system_integration.hwdef
export_ip_user_files -of_objects [get_files {{D:/FPGA/Vivaldo Project/INTERFACE/SPI/06_system_integration/Vivado/system_integration.srcs/sources_1/bd/system_integration/system_integration.bd}}] -no_script -sync -force -quiet
export_simulation -of_objects [get_files {{D:/FPGA/Vivaldo Project/INTERFACE/SPI/06_system_integration/Vivado/system_integration.srcs/sources_1/bd/system_integration/system_integration.bd}}] -directory {D:/FPGA/Vivaldo Project/INTERFACE/SPI/06_system_integration/Vivado/system_integration.ip_user_files/sim_scripts} -ip_user_files_dir {D:/FPGA/Vivaldo Project/INTERFACE/SPI/06_system_integration/Vivado/system_integration.ip_user_files} -ipstatic_source_dir {D:/FPGA/Vivaldo Project/INTERFACE/SPI/06_system_integration/Vivado/system_integration.ip_user_files/ipstatic} -lib_map_path [list {modelsim=D:/FPGA/Vivaldo Project/INTERFACE/SPI/06_system_integration/Vivado/system_integration.cache/compile_simlib/modelsim} {questa=D:/FPGA/Vivaldo Project/INTERFACE/SPI/06_system_integration/Vivado/system_integration.cache/compile_simlib/questa} {riviera=D:/FPGA/Vivaldo Project/INTERFACE/SPI/06_system_integration/Vivado/system_integration.cache/compile_simlib/riviera} {activehdl=D:/FPGA/Vivaldo Project/INTERFACE/SPI/06_system_integration/Vivado/system_integration.cache/compile_simlib/activehdl}] -use_ip_compiled_libs -force -quiet
update_ip_catalog -rebuild -scan_changes
INFO: [IP_Flow 19-234] Refreshing IP repositories
INFO: [IP_Flow 19-1700] Loaded user IP repository 'd:/FPGA/Vivaldo Project/INTERFACE/SPI/06_system_integration/ip_repo/axi_w25q64_1_0'.
report_ip_status -name ip_status
upgrade_ip -vlnv xilinx.com:user:axi_w25q64:1.0 [get_ips  system_integration_axi_w25q64_0_0] -log ip_upgrade.log
Upgrading 'D:/FPGA/Vivaldo Project/INTERFACE/SPI/06_system_integration/Vivado/system_integration.srcs/sources_1/bd/system_integration/system_integration.bd'
INFO: [IP_Flow 19-3420] Updated system_integration_axi_w25q64_0_0 to use current project options
Wrote  : <D:\FPGA\Vivaldo Project\INTERFACE\SPI\06_system_integration\Vivado\system_integration.srcs\sources_1\bd\system_integration\system_integration.bd> 
INFO: [Coretcl 2-1525] Wrote upgrade log to 'D:/FPGA/Vivaldo Project/INTERFACE/SPI/06_system_integration/Vivado/ip_upgrade.log'.
export_ip_user_files -of_objects [get_ips system_integration_axi_w25q64_0_0] -no_script -sync -force -quiet
generate_target all [get_files  {{D:/FPGA/Vivaldo Project/INTERFACE/SPI/06_system_integration/Vivado/system_integration.srcs/sources_1/bd/system_integration/system_integration.bd}}]
CRITICAL WARNING: [BD 41-1356] Slave segment </axi_w25q64_0/S00_AXI/S00_AXI_reg> is not assigned into address space </zynq_ultra_ps_e_0/Data>. Please use Address Editor to either assign or exclude it.
INFO: [xilinx.com:ip:smartconnect:1.0-1] system_integration_smartconnect_0_0: SmartConnect system_integration_smartconnect_0_0 is in Low-Area Mode.
INFO: [Ipptcl 7-1463] No Compatible Board Interface found. Board Tab not created in customize GUI
CRITICAL WARNING: [BD 41-759] The input pins (listed below) are either not connected or do not have a source port, and they don't have a tie-off specified. These pins are tied-off to all 0's to avoid error in Implementation flow.
Please check your design and connect them as needed: 
/axi_w25q64_0/ctrl_read_data
/axi_w25q64_0/ctrl_jedec_id
/axi_w25q64_0/ctrl_flash_status
/axi_w25q64_0/busy_sticky
/axi_w25q64_0/done_sticky
/axi_w25q64_0/verify_sticky

WARNING: [BD 41-2671] The dangling interface net <m00_aw_node_M_AXIS_ARB> will not be written out to the BD file.
Wrote  : <D:\FPGA\Vivaldo Project\INTERFACE\SPI\06_system_integration\Vivado\system_integration.srcs\sources_1\bd\system_integration\system_integration.bd> 
Verilog Output written to : D:/FPGA/Vivaldo Project/INTERFACE/SPI/06_system_integration/Vivado/system_integration.gen/sources_1/bd/system_integration/synth/system_integration.v
Verilog Output written to : D:/FPGA/Vivaldo Project/INTERFACE/SPI/06_system_integration/Vivado/system_integration.gen/sources_1/bd/system_integration/sim/system_integration.v
Verilog Output written to : D:/FPGA/Vivaldo Project/INTERFACE/SPI/06_system_integration/Vivado/system_integration.gen/sources_1/bd/system_integration/hdl/system_integration_wrapper.v
Exporting to file d:/FPGA/Vivaldo Project/INTERFACE/SPI/06_system_integration/Vivado/system_integration.gen/sources_1/bd/system_integration/ip/system_integration_smartconnect_0_0/bd_0/hw_handoff/system_integration_smartconnect_0_0.hwh
Generated Hardware Definition File d:/FPGA/Vivaldo Project/INTERFACE/SPI/06_system_integration/Vivado/system_integration.gen/sources_1/bd/system_integration/ip/system_integration_smartconnect_0_0/bd_0/synth/system_integration_smartconnect_0_0.hwdef
INFO: [BD 41-1029] Generation completed for the IP Integrator block axi_w25q64_0 .
Exporting to file D:/FPGA/Vivaldo Project/INTERFACE/SPI/06_system_integration/Vivado/system_integration.gen/sources_1/bd/system_integration/hw_handoff/system_integration.hwh
Generated Hardware Definition File D:/FPGA/Vivaldo Project/INTERFACE/SPI/06_system_integration/Vivado/system_integration.gen/sources_1/bd/system_integration/synth/system_integration.hwdef
export_ip_user_files -of_objects [get_files {{D:/FPGA/Vivaldo Project/INTERFACE/SPI/06_system_integration/Vivado/system_integration.srcs/sources_1/bd/system_integration/system_integration.bd}}] -no_script -sync -force -quiet
export_simulation -of_objects [get_files {{D:/FPGA/Vivaldo Project/INTERFACE/SPI/06_system_integration/Vivado/system_integration.srcs/sources_1/bd/system_integration/system_integration.bd}}] -directory {D:/FPGA/Vivaldo Project/INTERFACE/SPI/06_system_integration/Vivado/system_integration.ip_user_files/sim_scripts} -ip_user_files_dir {D:/FPGA/Vivaldo Project/INTERFACE/SPI/06_system_integration/Vivado/system_integration.ip_user_files} -ipstatic_source_dir {D:/FPGA/Vivaldo Project/INTERFACE/SPI/06_system_integration/Vivado/system_integration.ip_user_files/ipstatic} -lib_map_path [list {modelsim=D:/FPGA/Vivaldo Project/INTERFACE/SPI/06_system_integration/Vivado/system_integration.cache/compile_simlib/modelsim} {questa=D:/FPGA/Vivaldo Project/INTERFACE/SPI/06_system_integration/Vivado/system_integration.cache/compile_simlib/questa} {riviera=D:/FPGA/Vivaldo Project/INTERFACE/SPI/06_system_integration/Vivado/system_integration.cache/compile_simlib/riviera} {activehdl=D:/FPGA/Vivaldo Project/INTERFACE/SPI/06_system_integration/Vivado/system_integration.cache/compile_simlib/activehdl}] -use_ip_compiled_libs -force -quiet
report_ip_status -name ip_status 
startgroup
create_bd_cell -type ip -vlnv xilinx.com:user:axi_w25q64:1.0 axi_w25q64_1
endgroup
delete_bd_objs [get_bd_cells axi_w25q64_1]
create_bd_cell -type module -reference w25q64_controller w25q64_controller_0
INFO: [IP_Flow 19-5107] Inferred bus interface 'rst_n' of definition 'xilinx.com:signal:reset:1.0' (from Xilinx Repository).
INFO: [IP_Flow 19-5107] Inferred bus interface 'clk' of definition 'xilinx.com:signal:clock:1.0' (from Xilinx Repository).
INFO: [IP_Flow 19-5107] Inferred bus interface 'spi_clk' of definition 'xilinx.com:signal:clock:1.0' (from Xilinx Repository).
INFO: [IP_Flow 19-4728] Bus Interface 'rst_n': Added interface parameter 'POLARITY' with value 'ACTIVE_LOW'.
WARNING: [IP_Flow 19-3157] Bus Interface 'rst_n': Bus parameter POLARITY is ACTIVE_LOW but port 'rst_n' is not *resetn - please double check the POLARITY setting.
WARNING: [IP_Flow 19-5661] Bus Interface 'clk' does not have any bus interfaces associated with it.
WARNING: [IP_Flow 19-5661] Bus Interface 'spi_clk' does not have any bus interfaces associated with it.
CRITICAL WARNING: [IP_Flow 19-4751] Bus Interface 'spi_clk': FREQ_HZ bus parameter is missing for output clock interface.
INFO: [IP_Flow 19-234] Refreshing IP repositories
INFO: [IP_Flow 19-1700] Loaded user IP repository 'd:/FPGA/Vivaldo Project/INTERFACE/SPI/06_system_integration/ip_repo/axi_w25q64_1_0'.
set_property location {5 2525 24} [get_bd_cells w25q64_controller_0]
save_bd_design
Wrote  : <D:\FPGA\Vivaldo Project\INTERFACE\SPI\06_system_integration\Vivado\system_integration.srcs\sources_1\bd\system_integration\system_integration.bd> 
Wrote  : <D:/FPGA/Vivaldo Project/INTERFACE/SPI/06_system_integration/Vivado/system_integration.srcs/sources_1/bd/system_integration/ui/bd_f9f8b944.ui> 
connect_bd_net [get_bd_pins w25q64_controller_0/clk] [get_bd_pins zynq_ultra_ps_e_0/pl_clk0]
connect_bd_net [get_bd_pins w25q64_controller_0/rst_n] [get_bd_pins proc_sys_reset_0/peripheral_aresetn]
connect_bd_net [get_bd_pins w25q64_controller_0/start] [get_bd_pins axi_w25q64_0/ctrl_start]
connect_bd_net [get_bd_pins w25q64_controller_0/command] [get_bd_pins axi_w25q64_0/ctrl_command]
connect_bd_net [get_bd_pins w25q64_controller_0/address] [get_bd_pins axi_w25q64_0/ctrl_address]
connect_bd_net [get_bd_pins w25q64_controller_0/data_in] [get_bd_pins axi_w25q64_0/ctrl_write_data]
connect_bd_net [get_bd_pins w25q64_controller_0/o_read_data] [get_bd_pins axi_w25q64_0/ctrl_read_data]
connect_bd_net [get_bd_pins w25q64_controller_0/o_jedec_id] [get_bd_pins axi_w25q64_0/ctrl_jedec_id]
connect_bd_net [get_bd_pins w25q64_controller_0/o_status_reg] [get_bd_pins axi_w25q64_0/ctrl_flash_status]
connect_bd_net [get_bd_pins w25q64_controller_0/verify_led] [get_bd_pins axi_w25q64_0/verify_sticky]
connect_bd_net [get_bd_pins w25q64_controller_0/done_led] [get_bd_pins axi_w25q64_0/done_sticky]
connect_bd_net [get_bd_pins w25q64_controller_0/busy_led] [get_bd_pins axi_w25q64_0/busy_sticky]
create_bd_port -dir I spi_clk
delete_bd_objs [get_bd_ports spi_clk]
create_bd_port -dir O spi_clk
connect_bd_net [get_bd_ports spi_clk] [get_bd_pins w25q64_controller_0/spi_clk]
create_bd_port -dir O spi_mosi
connect_bd_net [get_bd_ports spi_mosi] [get_bd_pins w25q64_controller_0/spi_mosi]
create_bd_port -dir O spi_cs_n
connect_bd_net [get_bd_ports spi_cs_n] [get_bd_pins w25q64_controller_0/spi_cs_n]
create_bd_port -dir I spi_miso
set_property location {2906 -1} [get_bd_ports spi_miso]
connect_bd_net [get_bd_ports spi_miso] [get_bd_pins w25q64_controller_0/spi_miso]
save_bd_design
Wrote  : <D:\FPGA\Vivaldo Project\INTERFACE\SPI\06_system_integration\Vivado\system_integration.srcs\sources_1\bd\system_integration\system_integration.bd> 
Wrote  : <D:/FPGA/Vivaldo Project/INTERFACE/SPI/06_system_integration/Vivado/system_integration.srcs/sources_1/bd/system_integration/ui/bd_f9f8b944.ui> 
assign_bd_address -target_address_space /zynq_ultra_ps_e_0/Data [get_bd_addr_segs axi_w25q64_0/S00_AXI/S00_AXI_reg] -force
Slave segment '/axi_w25q64_0/S00_AXI/S00_AXI_reg' is being assigned into address space '/zynq_ultra_ps_e_0/Data' at <0xA000_0000 [ 64K ]>.
save_bd_design
Wrote  : <D:\FPGA\Vivaldo Project\INTERFACE\SPI\06_system_integration\Vivado\system_integration.srcs\sources_1\bd\system_integration\system_integration.bd> 
Wrote  : <D:/FPGA/Vivaldo Project/INTERFACE/SPI/06_system_integration/Vivado/system_integration.srcs/sources_1/bd/system_integration/ui/bd_f9f8b944.ui> 
file mkdir D:/FPGA/Vivaldo Project/INTERFACE/SPI/06_system_integration/Vivado/system_integration.srcs/constrs_1
file mkdir D:/FPGA/Vivaldo Project/INTERFACE/SPI/06_system_integration/Vivado/system_integration.srcs/constrs_1
file mkdir D:/FPGA/Vivaldo Project/INTERFACE/SPI/06_system_integration/Vivado/system_integration.srcs/constrs_1/new
file mkdir D:/FPGA/Vivaldo Project/INTERFACE/SPI/06_system_integration/Vivado/system_integration.srcs/constrs_1/new
file mkdir D:/FPGA/Vivaldo Project/INTERFACE/SPI/06_system_integration/Vivado/system_integration.srcs/constrs_1/new
file mkdir D:/FPGA/Vivaldo Project/INTERFACE/SPI/06_system_integration/Vivado/system_integration.srcs/constrs_1/new
file mkdir D:/FPGA/Vivaldo Project/INTERFACE/SPI/06_system_integration/Vivado/system_integration.srcs/constrs_1
file mkdir {D:/FPGA/Vivaldo Project/INTERFACE/SPI/06_system_integration/Vivado/system_integration.srcs/constrs_1/new}
close [ open {D:/FPGA/Vivaldo Project/INTERFACE/SPI/06_system_integration/Vivado/system_integration.srcs/constrs_1/new/06_system_integration.xdc} w ]
add_files -fileset constrs_1 {{D:/FPGA/Vivaldo Project/INTERFACE/SPI/06_system_integration/Vivado/system_integration.srcs/constrs_1/new/06_system_integration.xdc}}
open_bd_design {D:/FPGA/Vivaldo Project/INTERFACE/SPI/06_system_integration/Vivado/system_integration.srcs/sources_1/bd/system_integration/system_integration.bd}
create_bd_port -dir O done_led
create_bd_port -dir O busy_led
connect_bd_net [get_bd_ports busy_led] [get_bd_pins w25q64_controller_0/busy_led]
connect_bd_net [get_bd_ports done_led] [get_bd_pins w25q64_controller_0/done_led]
save_bd_design
Wrote  : <D:\FPGA\Vivaldo Project\INTERFACE\SPI\06_system_integration\Vivado\system_integration.srcs\sources_1\bd\system_integration\system_integration.bd> 
Wrote  : <D:/FPGA/Vivaldo Project/INTERFACE/SPI/06_system_integration/Vivado/system_integration.srcs/sources_1/bd/system_integration/ui/bd_f9f8b944.ui> 
validate_bd_design
INFO: [xilinx.com:ip:smartconnect:1.0-1] system_integration_smartconnect_0_0: SmartConnect system_integration_smartconnect_0_0 is in Low-Area Mode.
INFO: [Ipptcl 7-1463] No Compatible Board Interface found. Board Tab not created in customize GUI
ipx::edit_ip_in_project -upgrade true -name axi_w25q64_v1_0_project -directory {D:/FPGA/Vivaldo\ Project/INTERFACE/SPI/06_system_integration/Vivado/system_integration.tmp/axi_w25q64_v1_0_project} {d:/FPGA/Vivaldo Project/INTERFACE/SPI/06_system_integration/ip_repo/axi_w25q64_1_0/component.xml}
INFO: [IP_Flow 19-234] Refreshing IP repositories
INFO: [IP_Flow 19-1704] No user IP repositories specified
INFO: [IP_Flow 19-2313] Loaded Vivado IP repository 'D:/Xilinx/Vivado/2022.2/data/ip'.
WARNING: [Board 49-26] cannot add Board Part xilinx.com:ac701:part0:1.4 available at D:/Xilinx/Vivado/2022.2/data/xhub/boards/XilinxBoardStore/boards/Xilinx/ac701/1.4/board.xml as part xc7a200tfbg676-2 specified in board_part file is either invalid or not available
WARNING: [Board 49-26] cannot add Board Part xilinx.com:kc705:part0:1.6 available at D:/Xilinx/Vivado/2022.2/data/xhub/boards/XilinxBoardStore/boards/Xilinx/kc705/1.6/board.xml as part xc7k325tffg900-2 specified in board_part file is either invalid or not available
WARNING: [Board 49-26] cannot add Board Part xilinx.com:kcu105:part0:1.6 available at D:/Xilinx/Vivado/2022.2/data/xhub/boards/XilinxBoardStore/boards/Xilinx/kcu105/1.6/board.xml as part xcku040-ffva1156-2-e specified in board_part file is either invalid or not available
WARNING: [Board 49-26] cannot add Board Part xilinx.com:kcu105:part0:1.7 available at D:/Xilinx/Vivado/2022.2/data/xhub/boards/XilinxBoardStore/boards/Xilinx/kcu105/1.7/board.xml as part xcku040-ffva1156-2-e specified in board_part file is either invalid or not available
WARNING: [Board 49-26] cannot add Board Part xilinx.com:kcu116:part0:1.4 available at D:/Xilinx/Vivado/2022.2/data/xhub/boards/XilinxBoardStore/boards/Xilinx/kcu116/1.4/board.xml as part xcku5p-ffvb676-2-e specified in board_part file is either invalid or not available
WARNING: [Board 49-26] cannot add Board Part xilinx.com:kcu116:part0:1.5 available at D:/Xilinx/Vivado/2022.2/data/xhub/boards/XilinxBoardStore/boards/Xilinx/kcu116/1.5/board.xml as part xcku5p-ffvb676-2-e specified in board_part file is either invalid or not available
WARNING: [Board 49-26] cannot add Board Part xilinx.com:kcu1500:part0:1.2 available at D:/Xilinx/Vivado/2022.2/data/xhub/boards/XilinxBoardStore/boards/Xilinx/kcu1500/1.2/board.xml as part xcku115-flvb2104-2-e specified in board_part file is either invalid or not available
WARNING: [Board 49-26] cannot add Board Part xilinx.com:sp701:part0:1.0 available at D:/Xilinx/Vivado/2022.2/data/xhub/boards/XilinxBoardStore/boards/Xilinx/sp701/1.0/board.xml as part xc7s100fgga676-2 specified in board_part file is either invalid or not available
WARNING: [Board 49-26] cannot add Board Part xilinx.com:sp701:part0:1.1 available at D:/Xilinx/Vivado/2022.2/data/xhub/boards/XilinxBoardStore/boards/Xilinx/sp701/1.1/board.xml as part xc7s100fgga676-2 specified in board_part file is either invalid or not available
WARNING: [Board 49-26] cannot add Board Part xilinx.com:vc707:part0:1.4 available at D:/Xilinx/Vivado/2022.2/data/xhub/boards/XilinxBoardStore/boards/Xilinx/vc707/1.4/board.xml as part xc7vx485tffg1761-2 specified in board_part file is either invalid or not available
WARNING: [Board 49-26] cannot add Board Part xilinx.com:vc709:part0:1.8 available at D:/Xilinx/Vivado/2022.2/data/xhub/boards/XilinxBoardStore/boards/Xilinx/vc709/1.8/board.xml as part xc7vx690tffg1761-2 specified in board_part file is either invalid or not available
WARNING: [Board 49-26] cannot add Board Part xilinx.com:vck190:part0:2.2 available at D:/Xilinx/Vivado/2022.2/data/xhub/boards/XilinxBoardStore/boards/Xilinx/vck190/production/2.2/board.xml as part xcvc1902-vsva2197-2mp-e-s specified in board_part file is either invalid or not available
WARNING: [Board 49-26] cannot add Board Part xilinx.com:vck190:part0:3.0 available at D:/Xilinx/Vivado/2022.2/data/xhub/boards/XilinxBoardStore/boards/Xilinx/vck190/production/3.0/board.xml as part xcvc1902-vsva2197-2mp-e-s specified in board_part file is either invalid or not available
WARNING: [Board 49-26] cannot add Board Part xilinx.com:vck190:part0:3.1 available at D:/Xilinx/Vivado/2022.2/data/xhub/boards/XilinxBoardStore/boards/Xilinx/vck190/production/3.1/board.xml as part xcvc1902-vsva2197-2mp-e-s specified in board_part file is either invalid or not available
WARNING: [Board 49-26] cannot add Board Part xilinx.com:vck190_newl:part0:1.0 available at D:/Xilinx/Vivado/2022.2/data/xhub/boards/XilinxBoardStore/boards/Xilinx/vck190_newl/production/1.0/board.xml as part xcvc1902-vsva2197-2mp-e-s specified in board_part file is either invalid or not available
WARNING: [Board 49-26] cannot add Board Part xilinx.com:vcu108:part0:1.6 available at D:/Xilinx/Vivado/2022.2/data/xhub/boards/XilinxBoardStore/boards/Xilinx/vcu108/1.6/board.xml as part xcvu095-ffva2104-2-e specified in board_part file is either invalid or not available
WARNING: [Board 49-26] cannot add Board Part xilinx.com:vcu108:part0:1.7 available at D:/Xilinx/Vivado/2022.2/data/xhub/boards/XilinxBoardStore/boards/Xilinx/vcu108/1.7/board.xml as part xcvu095-ffva2104-2-e specified in board_part file is either invalid or not available
WARNING: [Board 49-26] cannot add Board Part xilinx.com:vcu110:part0:1.4 available at D:/Xilinx/Vivado/2022.2/data/xhub/boards/XilinxBoardStore/boards/Xilinx/vcu110/1.4/board.xml as part xcvu190-flgc2104-2-e specified in board_part file is either invalid or not available
WARNING: [Board 49-26] cannot add Board Part xilinx.com:vcu118:part0:2.0 available at D:/Xilinx/Vivado/2022.2/data/xhub/boards/XilinxBoardStore/boards/Xilinx/vcu118/2.0/board.xml as part xcvu9p-flga2104-2l-e specified in board_part file is either invalid or not available
WARNING: [Board 49-26] cannot add Board Part xilinx.com:vcu118:part0:2.3 available at D:/Xilinx/Vivado/2022.2/data/xhub/boards/XilinxBoardStore/boards/Xilinx/vcu118/2.3/board.xml as part xcvu9p-flga2104-2l-e specified in board_part file is either invalid or not available
WARNING: [Board 49-26] cannot add Board Part xilinx.com:vcu118:part0:2.4 available at D:/Xilinx/Vivado/2022.2/data/xhub/boards/XilinxBoardStore/boards/Xilinx/vcu118/2.4/board.xml as part xcvu9p-flga2104-2l-e specified in board_part file is either invalid or not available
WARNING: [Board 49-26] cannot add Board Part xilinx.com:vcu128:part0:1.0 available at D:/Xilinx/Vivado/2022.2/data/xhub/boards/XilinxBoardStore/boards/Xilinx/vcu128/production/1.0/board.xml as part xcvu37p-fsvh2892-2l-e specified in board_part file is either invalid or not available
WARNING: [Board 49-26] cannot add Board Part xilinx.com:vcu129:part0:1.0 available at D:/Xilinx/Vivado/2022.2/data/xhub/boards/XilinxBoardStore/boards/Xilinx/vcu129/production/1.0/board.xml as part xcvu29p-fsga2577-2l-e specified in board_part file is either invalid or not available
WARNING: [Board 49-26] cannot add Board Part xilinx.com:vcu1525:part0:1.3 available at D:/Xilinx/Vivado/2022.2/data/xhub/boards/XilinxBoardStore/boards/Xilinx/vcu1525/1.3/board.xml as part xcvu9p-fsgd2104-2l-e specified in board_part file is either invalid or not available
WARNING: [Board 49-26] cannot add Board Part xilinx.com:vek280_es:part0:1.0 available at D:/Xilinx/Vivado/2022.2/data/xhub/boards/XilinxBoardStore/boards/Xilinx/vek280/es/1.0/board.xml as part xcve2802-vsvh1760-2lp-e-s-es1 specified in board_part file is either invalid or not available
WARNING: [Board 49-26] cannot add Board Part xilinx.com:vermeo_t1_rfsoc:part0:1.0 available at D:/Xilinx/Vivado/2022.2/data/xhub/boards/XilinxBoardStore/boards/Xilinx/vermeo_t1_rfsoc/1.0/board.xml as part xczu21dr-ffvd1156-2l-e specified in board_part file is either invalid or not available
WARNING: [Board 49-26] cannot add Board Part xilinx.com:vhk158_es:part0:1.0 available at D:/Xilinx/Vivado/2022.2/data/xhub/boards/XilinxBoardStore/boards/Xilinx/vhk158/es/1.0/board.xml as part xcvh1582-vsva3697-2mp-e-s-es1 specified in board_part file is either invalid or not available
WARNING: [Board 49-26] cannot add Board Part xilinx.com:vmk180:part0:2.2 available at D:/Xilinx/Vivado/2022.2/data/xhub/boards/XilinxBoardStore/boards/Xilinx/vmk180/production/2.2/board.xml as part xcvm1802-vsva2197-2mp-e-s specified in board_part file is either invalid or not available
WARNING: [Board 49-26] cannot add Board Part xilinx.com:vmk180:part0:3.0 available at D:/Xilinx/Vivado/2022.2/data/xhub/boards/XilinxBoardStore/boards/Xilinx/vmk180/production/3.0/board.xml as part xcvm1802-vsva2197-2mp-e-s specified in board_part file is either invalid or not available
WARNING: [Board 49-26] cannot add Board Part xilinx.com:vmk180:part0:3.1 available at D:/Xilinx/Vivado/2022.2/data/xhub/boards/XilinxBoardStore/boards/Xilinx/vmk180/production/3.1/board.xml as part xcvm1802-vsva2197-2mp-e-s specified in board_part file is either invalid or not available
WARNING: [Board 49-26] cannot add Board Part xilinx.com:vmk180_newl:part0:1.0 available at D:/Xilinx/Vivado/2022.2/data/xhub/boards/XilinxBoardStore/boards/Xilinx/vmk180_newl/production/1.0/board.xml as part xcvm1802-vsva2197-2mp-e-s specified in board_part file is either invalid or not available
WARNING: [Board 49-26] cannot add Board Part xilinx.com:vpk120:part0:1.0 available at D:/Xilinx/Vivado/2022.2/data/xhub/boards/XilinxBoardStore/boards/Xilinx/vpk120/production/1.0/board.xml as part xcvp1202-vsva2785-2mp-e-s specified in board_part file is either invalid or not available
WARNING: [Board 49-26] cannot add Board Part xilinx.com:vpk120_es:part0:1.2 available at D:/Xilinx/Vivado/2022.2/data/xhub/boards/XilinxBoardStore/boards/Xilinx/vpk120/es/1.2/board.xml as part xcvp1202-vsva2785-2mp-e-s-es1 specified in board_part file is either invalid or not available
WARNING: [Board 49-26] cannot add Board Part xilinx.com:vpk120_es_revb:part0:1.0 available at D:/Xilinx/Vivado/2022.2/data/xhub/boards/XilinxBoardStore/boards/Xilinx/vpk120_revb/es/1.0/board.xml as part xcvp1202-vsva2785-2mp-e-s-es1 specified in board_part file is either invalid or not available
WARNING: [Board 49-26] cannot add Board Part xilinx.com:vpk180_es:part0:1.0 available at D:/Xilinx/Vivado/2022.2/data/xhub/boards/XilinxBoardStore/boards/Xilinx/vpk180/es/1.0/board.xml as part xcvp1802-lsvc4072-2mp-e-s-es1 specified in board_part file is either invalid or not available
WARNING: [Board 49-26] cannot add Board Part xilinx.com:zc702:part0:1.4 available at D:/Xilinx/Vivado/2022.2/data/xhub/boards/XilinxBoardStore/boards/Xilinx/zc702/1.4/board.xml as part xc7z020clg484-1 specified in board_part file is either invalid or not available
WARNING: [Board 49-26] cannot add Board Part xilinx.com:zc706:part0:1.4 available at D:/Xilinx/Vivado/2022.2/data/xhub/boards/XilinxBoardStore/boards/Xilinx/zc706/1.4/board.xml as part xc7z045ffg900-2 specified in board_part file is either invalid or not available
WARNING: [Board 49-26] cannot add Board Part xilinx.com:zcu111:part0:1.2 available at D:/Xilinx/Vivado/2022.2/data/xhub/boards/XilinxBoardStore/boards/Xilinx/zcu111/1.2/board.xml as part xczu28dr-ffvg1517-2-e specified in board_part file is either invalid or not available
WARNING: [Board 49-26] cannot add Board Part xilinx.com:zcu111:part0:1.3 available at D:/Xilinx/Vivado/2022.2/data/xhub/boards/XilinxBoardStore/boards/Xilinx/zcu111/1.3/board.xml as part xczu28dr-ffvg1517-2-e specified in board_part file is either invalid or not available
WARNING: [Board 49-26] cannot add Board Part xilinx.com:zcu111:part0:1.4 available at D:/Xilinx/Vivado/2022.2/data/xhub/boards/XilinxBoardStore/boards/Xilinx/zcu111/1.4/board.xml as part xczu28dr-ffvg1517-2-e specified in board_part file is either invalid or not available
WARNING: [Board 49-26] cannot add Board Part xilinx.com:zcu1275:part0:1.0 available at D:/Xilinx/Vivado/2022.2/data/xhub/boards/XilinxBoardStore/boards/Xilinx/zcu1275/1.0/board.xml as part xczu29dr-ffvf1760-2-e specified in board_part file is either invalid or not available
WARNING: [Board 49-26] cannot add Board Part xilinx.com:zcu1285:part0:1.0 available at D:/Xilinx/Vivado/2022.2/data/xhub/boards/XilinxBoardStore/boards/Xilinx/zcu1285/1.0/board.xml as part xczu39dr-ffvf1760-2-i specified in board_part file is either invalid or not available
WARNING: [Board 49-26] cannot add Board Part xilinx.com:zcu208:part0:2.0 available at D:/Xilinx/Vivado/2022.2/data/xhub/boards/XilinxBoardStore/boards/Xilinx/zcu208/production/2.0/board.xml as part xczu48dr-fsvg1517-2-e specified in board_part file is either invalid or not available
WARNING: [Board 49-26] cannot add Board Part xilinx.com:zcu208ld:part0:2.0 available at D:/Xilinx/Vivado/2022.2/data/xhub/boards/XilinxBoardStore/boards/Xilinx/zcu208ld/production/2.0/board.xml as part xczu58dr-fsvg1517-2-i specified in board_part file is either invalid or not available
WARNING: [Board 49-26] cannot add Board Part xilinx.com:zcu216:part0:2.0 available at D:/Xilinx/Vivado/2022.2/data/xhub/boards/XilinxBoardStore/boards/Xilinx/zcu216/production/2.0/board.xml as part xczu49dr-ffvf1760-2-e specified in board_part file is either invalid or not available
WARNING: [Board 49-26] cannot add Board Part xilinx.com:zcu216ld:part0:2.0 available at D:/Xilinx/Vivado/2022.2/data/xhub/boards/XilinxBoardStore/boards/Xilinx/zcu216ld/production/2.0/board.xml as part xczu59dr-ffvf1760-2-i specified in board_part file is either invalid or not available
WARNING: [Board 49-26] cannot add Board Part xilinx.com:zcu670:part0:2.0 available at D:/Xilinx/Vivado/2022.2/data/xhub/boards/XilinxBoardStore/boards/Xilinx/zcu670/2.0/board.xml as part xczu67dr-fsve1156-2-i specified in board_part file is either invalid or not available
WARNING: [Board 49-26] cannot add Board Part xilinx.com:zcu670ld:part0:1.0 available at D:/Xilinx/Vivado/2022.2/data/xhub/boards/XilinxBoardStore/boards/Xilinx/zcu670ld/1.0/board.xml as part xczu57dr-fsve1156-2-i specified in board_part file is either invalid or not available
INFO: [IP_Flow 19-234] Refreshing IP repositories
INFO: [IP_Flow 19-1700] Loaded user IP repository 'd:/FPGA/Vivaldo Project/INTERFACE/SPI/06_system_integration/ip_repo/axi_w25q64_1_0'.
INFO: [IP_Flow 19-795] Syncing license key meta-data
update_compile_order -fileset sources_1
ipx::merge_project_changes files [ipx::current_core]
WARNING: [IP_Flow 19-5226] Project source file 'd:/FPGA/Vivaldo Project/INTERFACE/SPI/06_system_integration/ip_repo/axi_w25q64_1_0/component.xml' ignored by IP packager.
ipx::merge_project_changes hdl_parameters [ipx::current_core]
WARNING: [IP_Flow 19-5226] Project source file 'd:/FPGA/Vivaldo Project/INTERFACE/SPI/06_system_integration/ip_repo/axi_w25q64_1_0/component.xml' ignored by IP packager.
INFO: [IP_Flow 19-3166] Bus Interface 'S00_AXI': References existing memory map 'S00_AXI'.
set_property core_revision 4 [ipx::current_core]
ipx::update_source_project_archive -component [ipx::current_core]
ipx::create_xgui_files [ipx::current_core]
ipx::update_checksums [ipx::current_core]
ipx::check_integrity [ipx::current_core]
INFO: [IP_Flow 19-2181] Payment Required is not set for this core.
INFO: [IP_Flow 19-2187] The Product Guide file is missing.
INFO: [Ipptcl 7-1486] check_integrity: Integrity check passed.
ipx::save_core [ipx::current_core]
ipx::move_temp_component_back -component [ipx::current_core]
close_project -delete
update_ip_catalog -rebuild -repo_path {d:/FPGA/Vivaldo Project/INTERFACE/SPI/06_system_integration/ip_repo/axi_w25q64_1_0}
INFO: [IP_Flow 19-725] Reloaded user IP repository 'd:/FPGA/Vivaldo Project/INTERFACE/SPI/06_system_integration/ip_repo/axi_w25q64_1_0'
report_ip_status -name ip_status 
upgrade_ip -vlnv xilinx.com:user:axi_w25q64:1.0 [get_ips  system_integration_axi_w25q64_0_0] -log ip_upgrade.log
Upgrading 'D:/FPGA/Vivaldo Project/INTERFACE/SPI/06_system_integration/Vivado/system_integration.srcs/sources_1/bd/system_integration/system_integration.bd'
INFO: [IP_Flow 19-3422] Upgraded system_integration_axi_w25q64_0_0 (axi_w25q64_v1.0 1.0) from revision 3 to revision 4
WARNING: [IP_Flow 19-4698] Upgrade has added port 'ctrl_reset_n'
WARNING: [IP_Flow 19-3298] Detected external port differences while upgrading 'system_integration_axi_w25q64_0_0'. These changes may impact your design.
CRITICAL WARNING: [Coretcl 2-1279] The upgrade of 'system_integration_axi_w25q64_0_0' has identified issues that may require user intervention. Please review the upgrade log 'd:/FPGA/Vivaldo Project/INTERFACE/SPI/06_system_integration/Vivado/ip_upgrade.log', and verify that the upgraded IP is correctly configured.
WARNING: [BD 41-2671] The dangling interface net <m00_aw_node_M_AXIS_ARB> will not be written out to the BD file.
Wrote  : <D:\FPGA\Vivaldo Project\INTERFACE\SPI\06_system_integration\Vivado\system_integration.srcs\sources_1\bd\system_integration\system_integration.bd> 
Wrote  : <D:/FPGA/Vivaldo Project/INTERFACE/SPI/06_system_integration/Vivado/system_integration.srcs/sources_1/bd/system_integration/ui/bd_f9f8b944.ui> 
INFO: [Coretcl 2-1525] Wrote upgrade log to 'D:/FPGA/Vivaldo Project/INTERFACE/SPI/06_system_integration/Vivado/ip_upgrade.log'.
export_ip_user_files -of_objects [get_ips system_integration_axi_w25q64_0_0] -no_script -sync -force -quiet
generate_target all [get_files  {{D:/FPGA/Vivaldo Project/INTERFACE/SPI/06_system_integration/Vivado/system_integration.srcs/sources_1/bd/system_integration/system_integration.bd}}]
INFO: [xilinx.com:ip:smartconnect:1.0-1] system_integration_smartconnect_0_0: SmartConnect system_integration_smartconnect_0_0 is in Low-Area Mode.
INFO: [Ipptcl 7-1463] No Compatible Board Interface found. Board Tab not created in customize GUI
WARNING: [BD 41-2671] The dangling interface net <m00_aw_node_M_AXIS_ARB> will not be written out to the BD file.
Wrote  : <D:\FPGA\Vivaldo Project\INTERFACE\SPI\06_system_integration\Vivado\system_integration.srcs\sources_1\bd\system_integration\system_integration.bd> 
Verilog Output written to : D:/FPGA/Vivaldo Project/INTERFACE/SPI/06_system_integration/Vivado/system_integration.gen/sources_1/bd/system_integration/synth/system_integration.v
Verilog Output written to : D:/FPGA/Vivaldo Project/INTERFACE/SPI/06_system_integration/Vivado/system_integration.gen/sources_1/bd/system_integration/sim/system_integration.v
Verilog Output written to : D:/FPGA/Vivaldo Project/INTERFACE/SPI/06_system_integration/Vivado/system_integration.gen/sources_1/bd/system_integration/hdl/system_integration_wrapper.v
Exporting to file d:/FPGA/Vivaldo Project/INTERFACE/SPI/06_system_integration/Vivado/system_integration.gen/sources_1/bd/system_integration/ip/system_integration_smartconnect_0_0/bd_0/hw_handoff/system_integration_smartconnect_0_0.hwh
Generated Hardware Definition File d:/FPGA/Vivaldo Project/INTERFACE/SPI/06_system_integration/Vivado/system_integration.gen/sources_1/bd/system_integration/ip/system_integration_smartconnect_0_0/bd_0/synth/system_integration_smartconnect_0_0.hwdef
INFO: [BD 41-1029] Generation completed for the IP Integrator block axi_w25q64_0 .
INFO: [BD 41-1029] Generation completed for the IP Integrator block w25q64_controller_0 .
Exporting to file D:/FPGA/Vivaldo Project/INTERFACE/SPI/06_system_integration/Vivado/system_integration.gen/sources_1/bd/system_integration/hw_handoff/system_integration.hwh
Generated Hardware Definition File D:/FPGA/Vivaldo Project/INTERFACE/SPI/06_system_integration/Vivado/system_integration.gen/sources_1/bd/system_integration/synth/system_integration.hwdef
export_ip_user_files -of_objects [get_files {{D:/FPGA/Vivaldo Project/INTERFACE/SPI/06_system_integration/Vivado/system_integration.srcs/sources_1/bd/system_integration/system_integration.bd}}] -no_script -sync -force -quiet
export_simulation -of_objects [get_files {{D:/FPGA/Vivaldo Project/INTERFACE/SPI/06_system_integration/Vivado/system_integration.srcs/sources_1/bd/system_integration/system_integration.bd}}] -directory {D:/FPGA/Vivaldo Project/INTERFACE/SPI/06_system_integration/Vivado/system_integration.ip_user_files/sim_scripts} -ip_user_files_dir {D:/FPGA/Vivaldo Project/INTERFACE/SPI/06_system_integration/Vivado/system_integration.ip_user_files} -ipstatic_source_dir {D:/FPGA/Vivaldo Project/INTERFACE/SPI/06_system_integration/Vivado/system_integration.ip_user_files/ipstatic} -lib_map_path [list {modelsim=D:/FPGA/Vivaldo Project/INTERFACE/SPI/06_system_integration/Vivado/system_integration.cache/compile_simlib/modelsim} {questa=D:/FPGA/Vivaldo Project/INTERFACE/SPI/06_system_integration/Vivado/system_integration.cache/compile_simlib/questa} {riviera=D:/FPGA/Vivaldo Project/INTERFACE/SPI/06_system_integration/Vivado/system_integration.cache/compile_simlib/riviera} {activehdl=D:/FPGA/Vivaldo Project/INTERFACE/SPI/06_system_integration/Vivado/system_integration.cache/compile_simlib/activehdl}] -use_ip_compiled_libs -force -quiet
update_ip_catalog -rebuild -scan_changes
INFO: [IP_Flow 19-234] Refreshing IP repositories
INFO: [IP_Flow 19-1700] Loaded user IP repository 'd:/FPGA/Vivaldo Project/INTERFACE/SPI/06_system_integration/ip_repo/axi_w25q64_1_0'.
report_ip_status -name ip_status
upgrade_ip -vlnv xilinx.com:user:axi_w25q64:1.0 [get_ips  system_integration_axi_w25q64_0_0] -log ip_upgrade.log
Upgrading 'D:/FPGA/Vivaldo Project/INTERFACE/SPI/06_system_integration/Vivado/system_integration.srcs/sources_1/bd/system_integration/system_integration.bd'
INFO: [IP_Flow 19-3420] Updated system_integration_axi_w25q64_0_0 to use current project options
Wrote  : <D:\FPGA\Vivaldo Project\INTERFACE\SPI\06_system_integration\Vivado\system_integration.srcs\sources_1\bd\system_integration\system_integration.bd> 
INFO: [Coretcl 2-1525] Wrote upgrade log to 'D:/FPGA/Vivaldo Project/INTERFACE/SPI/06_system_integration/Vivado/ip_upgrade.log'.
export_ip_user_files -of_objects [get_ips system_integration_axi_w25q64_0_0] -no_script -sync -force -quiet
generate_target all [get_files  {{D:/FPGA/Vivaldo Project/INTERFACE/SPI/06_system_integration/Vivado/system_integration.srcs/sources_1/bd/system_integration/system_integration.bd}}]
INFO: [xilinx.com:ip:smartconnect:1.0-1] system_integration_smartconnect_0_0: SmartConnect system_integration_smartconnect_0_0 is in Low-Area Mode.
INFO: [Ipptcl 7-1463] No Compatible Board Interface found. Board Tab not created in customize GUI
WARNING: [BD 41-2671] The dangling interface net <m00_aw_node_M_AXIS_ARB> will not be written out to the BD file.
Wrote  : <D:\FPGA\Vivaldo Project\INTERFACE\SPI\06_system_integration\Vivado\system_integration.srcs\sources_1\bd\system_integration\system_integration.bd> 
Verilog Output written to : D:/FPGA/Vivaldo Project/INTERFACE/SPI/06_system_integration/Vivado/system_integration.gen/sources_1/bd/system_integration/synth/system_integration.v
Verilog Output written to : D:/FPGA/Vivaldo Project/INTERFACE/SPI/06_system_integration/Vivado/system_integration.gen/sources_1/bd/system_integration/sim/system_integration.v
Verilog Output written to : D:/FPGA/Vivaldo Project/INTERFACE/SPI/06_system_integration/Vivado/system_integration.gen/sources_1/bd/system_integration/hdl/system_integration_wrapper.v
Exporting to file d:/FPGA/Vivaldo Project/INTERFACE/SPI/06_system_integration/Vivado/system_integration.gen/sources_1/bd/system_integration/ip/system_integration_smartconnect_0_0/bd_0/hw_handoff/system_integration_smartconnect_0_0.hwh
Generated Hardware Definition File d:/FPGA/Vivaldo Project/INTERFACE/SPI/06_system_integration/Vivado/system_integration.gen/sources_1/bd/system_integration/ip/system_integration_smartconnect_0_0/bd_0/synth/system_integration_smartconnect_0_0.hwdef
INFO: [BD 41-1029] Generation completed for the IP Integrator block axi_w25q64_0 .
Exporting to file D:/FPGA/Vivaldo Project/INTERFACE/SPI/06_system_integration/Vivado/system_integration.gen/sources_1/bd/system_integration/hw_handoff/system_integration.hwh
Generated Hardware Definition File D:/FPGA/Vivaldo Project/INTERFACE/SPI/06_system_integration/Vivado/system_integration.gen/sources_1/bd/system_integration/synth/system_integration.hwdef
export_ip_user_files -of_objects [get_files {{D:/FPGA/Vivaldo Project/INTERFACE/SPI/06_system_integration/Vivado/system_integration.srcs/sources_1/bd/system_integration/system_integration.bd}}] -no_script -sync -force -quiet
export_simulation -of_objects [get_files {{D:/FPGA/Vivaldo Project/INTERFACE/SPI/06_system_integration/Vivado/system_integration.srcs/sources_1/bd/system_integration/system_integration.bd}}] -directory {D:/FPGA/Vivaldo Project/INTERFACE/SPI/06_system_integration/Vivado/system_integration.ip_user_files/sim_scripts} -ip_user_files_dir {D:/FPGA/Vivaldo Project/INTERFACE/SPI/06_system_integration/Vivado/system_integration.ip_user_files} -ipstatic_source_dir {D:/FPGA/Vivaldo Project/INTERFACE/SPI/06_system_integration/Vivado/system_integration.ip_user_files/ipstatic} -lib_map_path [list {modelsim=D:/FPGA/Vivaldo Project/INTERFACE/SPI/06_system_integration/Vivado/system_integration.cache/compile_simlib/modelsim} {questa=D:/FPGA/Vivaldo Project/INTERFACE/SPI/06_system_integration/Vivado/system_integration.cache/compile_simlib/questa} {riviera=D:/FPGA/Vivaldo Project/INTERFACE/SPI/06_system_integration/Vivado/system_integration.cache/compile_simlib/riviera} {activehdl=D:/FPGA/Vivaldo Project/INTERFACE/SPI/06_system_integration/Vivado/system_integration.cache/compile_simlib/activehdl}] -use_ip_compiled_libs -force -quiet
disconnect_bd_net /proc_sys_reset_0_peripheral_aresetn [get_bd_pins w25q64_controller_0/rst_n]
connect_bd_net [get_bd_pins axi_w25q64_0/ctrl_reset_n] [get_bd_pins w25q64_controller_0/rst_n]
save_bd_design
Wrote  : <D:\FPGA\Vivaldo Project\INTERFACE\SPI\06_system_integration\Vivado\system_integration.srcs\sources_1\bd\system_integration\system_integration.bd> 
Wrote  : <D:/FPGA/Vivaldo Project/INTERFACE/SPI/06_system_integration/Vivado/system_integration.srcs/sources_1/bd/system_integration/ui/bd_f9f8b944.ui> 
startgroup
create_bd_cell -type ip -vlnv xilinx.com:ip:ila:6.2 ila_0
INFO: [xilinx.com:ip:ila:6.2-6] /ila_0: Xilinx recommends using the System ILA IP in IP Integrator. The System ILA IP is functionally equivalent to an ILA and offers additional benefits in debugging interfaces both within IP Integrator and the Hardware Manager. Consult the Programming and Debug User Guide UG908 for further details.
endgroup
open_bd_design {D:/FPGA/Vivaldo Project/INTERFACE/SPI/06_system_integration/Vivado/system_integration.srcs/sources_1/bd/system_integration/system_integration.bd}
WARNING: [IP_Flow 19-4067] Ignoring invalid widget type specified checkbox.Providing a default widget
set_property -dict [list \
  CONFIG.C_MONITOR_TYPE {Native} \
  CONFIG.C_NUM_OF_PROBES {11} \
] [get_bd_cells ila_0]
connect_bd_net [get_bd_pins ila_0/clk] [get_bd_pins zynq_ultra_ps_e_0/pl_clk0]
connect_bd_net [get_bd_pins ila_0/probe0] [get_bd_pins axi_w25q64_0/ctrl_start]
WARNING: [IP_Flow 19-4067] Ignoring invalid widget type specified checkbox.Providing a default widget
startgroup
set_property -dict [list \
  CONFIG.C_PROBE1_WIDTH {3} \
  CONFIG.C_PROBE2_WIDTH {24} \
  CONFIG.C_PROBE3_WIDTH {16} \
] [get_bd_cells ila_0]
endgroup
connect_bd_net [get_bd_pins ila_0/probe1] [get_bd_pins axi_w25q64_0/ctrl_command]
connect_bd_net [get_bd_pins ila_0/probe2] [get_bd_pins axi_w25q64_0/ctrl_address]
connect_bd_net [get_bd_pins ila_0/probe3] [get_bd_pins axi_w25q64_0/ctrl_write_data]
WARNING: [IP_Flow 19-4067] Ignoring invalid widget type specified checkbox.Providing a default widget
startgroup
set_property -dict [list \
  CONFIG.C_PROBE4_WIDTH {16} \
  CONFIG.C_PROBE5_WIDTH {24} \
  CONFIG.C_PROBE6_WIDTH {8} \
] [get_bd_cells ila_0]
endgroup
connect_bd_net [get_bd_pins ila_0/probe4] [get_bd_pins w25q64_controller_0/o_read_data]
connect_bd_net [get_bd_pins ila_0/probe5] [get_bd_pins w25q64_controller_0/o_jedec_id]
connect_bd_net [get_bd_pins ila_0/probe6] [get_bd_pins w25q64_controller_0/o_status_reg]
connect_bd_net [get_bd_pins ila_0/probe7] [get_bd_pins w25q64_controller_0/verify_led]
connect_bd_net [get_bd_pins ila_0/probe8] [get_bd_pins w25q64_controller_0/verify_led]
undo
INFO: [Common 17-17] undo 'connect_bd_net [get_bd_pins ila_0/probe8] [get_bd_pins w25q64_controller_0/verify_led]'
connect_bd_net [get_bd_pins ila_0/probe8] [get_bd_pins w25q64_controller_0/spi_clk]
connect_bd_net [get_bd_pins ila_0/probe9] [get_bd_pins w25q64_controller_0/spi_mosi]
connect_bd_net [get_bd_pins ila_0/probe10] [get_bd_pins w25q64_controller_0/spi_cs_n]
WARNING: [IP_Flow 19-4067] Ignoring invalid widget type specified checkbox.Providing a default widget
startgroup
set_property CONFIG.C_NUM_OF_PROBES {14} [get_bd_cells ila_0]
endgroup
connect_bd_net [get_bd_pins ila_0/probe11] [get_bd_pins w25q64_controller_0/done_led]
connect_bd_net [get_bd_pins ila_0/probe12] [get_bd_pins w25q64_controller_0/busy_led]
connect_bd_net [get_bd_ports spi_miso] [get_bd_pins ila_0/probe13]
save_bd_design
Wrote  : <D:\FPGA\Vivaldo Project\INTERFACE\SPI\06_system_integration\Vivado\system_integration.srcs\sources_1\bd\system_integration\system_integration.bd> 
Wrote  : <D:/FPGA/Vivaldo Project/INTERFACE/SPI/06_system_integration/Vivado/system_integration.srcs/sources_1/bd/system_integration/ui/bd_f9f8b944.ui> 
make_wrapper -files [get_files {{D:/FPGA/Vivaldo Project/INTERFACE/SPI/06_system_integration/Vivado/system_integration.srcs/sources_1/bd/system_integration/system_integration.bd}}] -top
INFO: [xilinx.com:ip:smartconnect:1.0-1] system_integration_smartconnect_0_0: SmartConnect system_integration_smartconnect_0_0 is in Low-Area Mode.
INFO: [Ipptcl 7-1463] No Compatible Board Interface found. Board Tab not created in customize GUI
WARNING: [BD 41-2671] The dangling interface net <m00_aw_node_M_AXIS_ARB> will not be written out to the BD file.
Wrote  : <D:\FPGA\Vivaldo Project\INTERFACE\SPI\06_system_integration\Vivado\system_integration.srcs\sources_1\bd\system_integration\system_integration.bd> 
Wrote  : <D:/FPGA/Vivaldo Project/INTERFACE/SPI/06_system_integration/Vivado/system_integration.srcs/sources_1/bd/system_integration/ui/bd_f9f8b944.ui> 
Verilog Output written to : D:/FPGA/Vivaldo Project/INTERFACE/SPI/06_system_integration/Vivado/system_integration.gen/sources_1/bd/system_integration/synth/system_integration.v
Verilog Output written to : D:/FPGA/Vivaldo Project/INTERFACE/SPI/06_system_integration/Vivado/system_integration.gen/sources_1/bd/system_integration/sim/system_integration.v
Verilog Output written to : D:/FPGA/Vivaldo Project/INTERFACE/SPI/06_system_integration/Vivado/system_integration.gen/sources_1/bd/system_integration/hdl/system_integration_wrapper.v
add_files -norecurse {{d:/FPGA/Vivaldo Project/INTERFACE/SPI/06_system_integration/Vivado/system_integration.gen/sources_1/bd/system_integration/hdl/system_integration_wrapper.v}}
export_ip_user_files -of_objects  [get_files {{D:/FPGA/Vivaldo Project/INTERFACE/SPI/06_system_integration/Vivado/system_integration.srcs/sources_1/new/system_integration.v}}] -no_script -reset -force -quiet
remove_files  {{D:/FPGA/Vivaldo Project/INTERFACE/SPI/06_system_integration/Vivado/system_integration.srcs/sources_1/new/system_integration.v}}
file delete -force {D:/FPGA/Vivaldo Project/INTERFACE/SPI/06_system_integration/Vivado/system_integration.srcs/sources_1/new/system_integration.v}
update_compile_order -fileset sources_1
launch_runs impl_1 -to_step write_bitstream -jobs 8
[Mon Aug 17 11:15:50 2026] Launched synth_1...
Run output will be captured here: D:/FPGA/Vivaldo Project/INTERFACE/SPI/06_system_integration/Vivado/system_integration.runs/synth_1/runme.log
[Mon Aug 17 11:15:50 2026] Launched impl_1...
Run output will be captured here: D:/FPGA/Vivaldo Project/INTERFACE/SPI/06_system_integration/Vivado/system_integration.runs/impl_1/runme.log
open_bd_design {D:/FPGA/Vivaldo Project/INTERFACE/SPI/06_system_integration/Vivado/system_integration.srcs/sources_1/bd/system_integration/system_integration.bd}
open_run impl_1
INFO: [Device 21-403] Loading part xck26-sfvc784-2LV-c
Netlist sorting complete. Time (s): cpu = 00:00:00 ; elapsed = 00:00:00.004 . Memory (MB): peak = 3433.473 ; gain = 0.000
INFO: [Netlist 29-17] Analyzing 51 Unisim elements for replacement
INFO: [Netlist 29-28] Unisim Transformation completed in 1 CPU seconds
INFO: [Project 1-479] Netlist was created with Vivado 2022.2
INFO: [Project 1-570] Preparing netlist for logic optimization
INFO: [Timing 38-478] Restoring timing data from binary archive.
INFO: [Timing 38-479] Binary timing data restore complete.
INFO: [Project 1-856] Restoring constraints from binary archive.
INFO: [Project 1-853] Binary constraint restore complete.
Reading XDEF placement.
Reading placer database...
Reading XDEF routing.
Read XDEF Files: Time (s): cpu = 00:00:00 ; elapsed = 00:00:00.104 . Memory (MB): peak = 3575.258 ; gain = 0.000
Restored from archive | CPU: 0.000000 secs | Memory: 0.000000 MB |
Finished XDEF File Restore: Time (s): cpu = 00:00:00 ; elapsed = 00:00:00.108 . Memory (MB): peak = 3575.258 ; gain = 0.000
Netlist sorting complete. Time (s): cpu = 00:00:00 ; elapsed = 00:00:00.002 . Memory (MB): peak = 4046.977 ; gain = 0.000
INFO: [Project 1-111] Unisim Transformation Summary:
  A total of 47 instances were transformed.
  IBUF => IBUF (IBUFCTRL, INBUF): 47 instances

WARNING: [Timing 38-313] There are no user specified timing constraints. Timing constraints are needed for proper timing analysis.
open_bd_design {D:/FPGA/Vivaldo Project/INTERFACE/SPI/06_system_integration/Vivado/system_integration.srcs/sources_1/bd/system_integration/system_integration.bd}
report_ip_status -name ip_status 
validate_bd_design -force
INFO: [xilinx.com:ip:smartconnect:1.0-1] system_integration_smartconnect_0_0: SmartConnect system_integration_smartconnect_0_0 is in Low-Area Mode.
INFO: [Ipptcl 7-1463] No Compatible Board Interface found. Board Tab not created in customize GUI
save_bd_design
WARNING: [BD 41-2671] The dangling interface net <m00_aw_node_M_AXIS_ARB> will not be written out to the BD file.
Wrote  : <D:\FPGA\Vivaldo Project\INTERFACE\SPI\06_system_integration\Vivado\system_integration.srcs\sources_1\bd\system_integration\system_integration.bd> 
Wrote  : <D:/FPGA/Vivaldo Project/INTERFACE/SPI/06_system_integration/Vivado/system_integration.srcs/sources_1/bd/system_integration/ui/bd_f9f8b944.ui> 
reset_run impl_1 -prev_step 
launch_runs impl_1 -to_step write_bitstream -jobs 8
[Mon Aug 17 11:26:48 2026] Launched impl_1...
Run output will be captured here: D:/FPGA/Vivaldo Project/INTERFACE/SPI/06_system_integration/Vivado/system_integration.runs/impl_1/runme.log
set_property top system_integration_wrapper [current_fileset]
update_compile_order -fileset sources_1
export_ip_user_files -of_objects  [get_files {{D:/FPGA/Vivaldo Project/INTERFACE/SPI/06_system_integration/Vivado/system_integration.srcs/sources_1/w25q64_controller.v}}] -no_script -reset -force -quiet
export_ip_user_files -of_objects  [get_files {{D:/FPGA/Vivaldo Project/INTERFACE/SPI/06_system_integration/Vivado/system_integration.srcs/sources_1/spi_master_mode0.v}}] -no_script -reset -force -quiet
remove_files  {{D:/FPGA/Vivaldo Project/INTERFACE/SPI/06_system_integration/Vivado/system_integration.srcs/sources_1/w25q64_controller.v} {D:/FPGA/Vivaldo Project/INTERFACE/SPI/06_system_integration/Vivado/system_integration.srcs/sources_1/spi_master_mode0.v}}
file delete -force {D:/FPGA/Vivaldo Project/INTERFACE/SPI/06_system_integration/Vivado/system_integration.srcs/sources_1/w25q64_controller.v} {D:/FPGA/Vivaldo Project/INTERFACE/SPI/06_system_integration/Vivado/system_integration.srcs/sources_1/spi_master_mode0.v}
reset_run synth_1
INFO: [Project 1-1160] Copying file D:/FPGA/Vivaldo Project/INTERFACE/SPI/06_system_integration/Vivado/system_integration.runs/synth_1/w25q64_controller.dcp to D:/FPGA/Vivaldo Project/INTERFACE/SPI/06_system_integration/Vivado/system_integration.srcs/utils_1/imports/synth_1 and adding it to utils fileset
launch_runs impl_1 -to_step write_bitstream -jobs 8
INFO: [BD 41-1662] The design 'system_integration.bd' is already validated. Therefore parameter propagation will not be re-run.
Wrote  : <D:/FPGA/Vivaldo Project/INTERFACE/SPI/06_system_integration/Vivado/system_integration.srcs/sources_1/bd/system_integration/ui/bd_f9f8b944.ui> 
Verilog Output written to : D:/FPGA/Vivaldo Project/INTERFACE/SPI/06_system_integration/Vivado/system_integration.gen/sources_1/bd/system_integration/synth/system_integration.v
Verilog Output written to : D:/FPGA/Vivaldo Project/INTERFACE/SPI/06_system_integration/Vivado/system_integration.gen/sources_1/bd/system_integration/sim/system_integration.v
Verilog Output written to : D:/FPGA/Vivaldo Project/INTERFACE/SPI/06_system_integration/Vivado/system_integration.gen/sources_1/bd/system_integration/hdl/system_integration_wrapper.v
Exporting to file d:/FPGA/Vivaldo Project/INTERFACE/SPI/06_system_integration/Vivado/system_integration.gen/sources_1/bd/system_integration/ip/system_integration_smartconnect_0_0/bd_0/hw_handoff/system_integration_smartconnect_0_0.hwh
Generated Hardware Definition File d:/FPGA/Vivaldo Project/INTERFACE/SPI/06_system_integration/Vivado/system_integration.gen/sources_1/bd/system_integration/ip/system_integration_smartconnect_0_0/bd_0/synth/system_integration_smartconnect_0_0.hwdef
INFO: [BD 41-1029] Generation completed for the IP Integrator block ila_0 .
Exporting to file D:/FPGA/Vivaldo Project/INTERFACE/SPI/06_system_integration/Vivado/system_integration.gen/sources_1/bd/system_integration/hw_handoff/system_integration.hwh
Generated Hardware Definition File D:/FPGA/Vivaldo Project/INTERFACE/SPI/06_system_integration/Vivado/system_integration.gen/sources_1/bd/system_integration/synth/system_integration.hwdef
ERROR: [filemgmt 56-587] Failed to resolve reference. Nothing was found in the project to match the name w25q64_controller Try changing the compile order from manual to automatic. 
ERROR: [Runs 36-346] File 'D:/FPGA/Vivaldo Project/INTERFACE/SPI/06_system_integration/Vivado/system_integration.srcs/sources_1/bd/system_integration/system_integration.bd' needed for run contains invalid reference(s).
open_bd_design {D:/FPGA/Vivaldo Project/INTERFACE/SPI/06_system_integration/Vivado/system_integration.srcs/sources_1/bd/system_integration/system_integration.bd}
open_bd_design {D:/FPGA/Vivaldo Project/INTERFACE/SPI/06_system_integration/Vivado/system_integration.srcs/sources_1/bd/system_integration/system_integration.bd}
validate_bd_design -force
INFO: [xilinx.com:ip:smartconnect:1.0-1] system_integration_smartconnect_0_0: SmartConnect system_integration_smartconnect_0_0 is in Low-Area Mode.
INFO: [Ipptcl 7-1463] No Compatible Board Interface found. Board Tab not created in customize GUI
add_files -norecurse {{D:/FPGA/Vivaldo Project/INTERFACE/SPI/05_w25q64_controller/Vivado/05_w25q64_controller.srcs/sources_1/new/w25q64_controller.v} {D:/FPGA/Vivaldo Project/INTERFACE/SPI/05_w25q64_controller/Vivado/05_w25q64_controller.srcs/sources_1/new/spi_master_mode0.v}}
update_compile_order -fileset sources_1
save_bd_design
WARNING: [BD 41-2671] The dangling interface net <m00_aw_node_M_AXIS_ARB> will not be written out to the BD file.
Wrote  : <D:\FPGA\Vivaldo Project\INTERFACE\SPI\06_system_integration\Vivado\system_integration.srcs\sources_1\bd\system_integration\system_integration.bd> 
Wrote  : <D:/FPGA/Vivaldo Project/INTERFACE/SPI/06_system_integration/Vivado/system_integration.srcs/sources_1/bd/system_integration/ui/bd_f9f8b944.ui> 
launch_runs impl_1 -to_step write_bitstream -jobs 8
INFO: [BD 41-1662] The design 'system_integration.bd' is already validated. Therefore parameter propagation will not be re-run.
Verilog Output written to : D:/FPGA/Vivaldo Project/INTERFACE/SPI/06_system_integration/Vivado/system_integration.gen/sources_1/bd/system_integration/synth/system_integration.v
Verilog Output written to : D:/FPGA/Vivaldo Project/INTERFACE/SPI/06_system_integration/Vivado/system_integration.gen/sources_1/bd/system_integration/sim/system_integration.v
Verilog Output written to : D:/FPGA/Vivaldo Project/INTERFACE/SPI/06_system_integration/Vivado/system_integration.gen/sources_1/bd/system_integration/hdl/system_integration_wrapper.v
Exporting to file d:/FPGA/Vivaldo Project/INTERFACE/SPI/06_system_integration/Vivado/system_integration.gen/sources_1/bd/system_integration/ip/system_integration_smartconnect_0_0/bd_0/hw_handoff/system_integration_smartconnect_0_0.hwh
Generated Hardware Definition File d:/FPGA/Vivaldo Project/INTERFACE/SPI/06_system_integration/Vivado/system_integration.gen/sources_1/bd/system_integration/ip/system_integration_smartconnect_0_0/bd_0/synth/system_integration_smartconnect_0_0.hwdef
Exporting to file D:/FPGA/Vivaldo Project/INTERFACE/SPI/06_system_integration/Vivado/system_integration.gen/sources_1/bd/system_integration/hw_handoff/system_integration.hwh
Generated Hardware Definition File D:/FPGA/Vivaldo Project/INTERFACE/SPI/06_system_integration/Vivado/system_integration.gen/sources_1/bd/system_integration/synth/system_integration.hwdef
[Mon Aug 17 11:37:29 2026] Launched synth_1...
Run output will be captured here: D:/FPGA/Vivaldo Project/INTERFACE/SPI/06_system_integration/Vivado/system_integration.runs/synth_1/runme.log
[Mon Aug 17 11:37:29 2026] Launched impl_1...
Run output will be captured here: D:/FPGA/Vivaldo Project/INTERFACE/SPI/06_system_integration/Vivado/system_integration.runs/impl_1/runme.log
open_bd_design {D:/FPGA/Vivaldo Project/INTERFACE/SPI/06_system_integration/Vivado/system_integration.srcs/sources_1/bd/system_integration/system_integration.bd}
open_bd_design {D:/FPGA/Vivaldo Project/INTERFACE/SPI/06_system_integration/Vivado/system_integration.srcs/sources_1/bd/system_integration/system_integration.bd}
open_bd_design {D:/FPGA/Vivaldo Project/INTERFACE/SPI/06_system_integration/Vivado/system_integration.srcs/sources_1/bd/system_integration/system_integration.bd}
update_module_reference system_integration_w25q64_controller_0_0
INFO: [IP_Flow 19-5107] Inferred bus interface 'rst_n' of definition 'xilinx.com:signal:reset:1.0' (from Xilinx Repository).
INFO: [IP_Flow 19-5107] Inferred bus interface 'clk' of definition 'xilinx.com:signal:clock:1.0' (from Xilinx Repository).
INFO: [IP_Flow 19-5107] Inferred bus interface 'spi_clk' of definition 'xilinx.com:signal:clock:1.0' (from Xilinx Repository).
INFO: [IP_Flow 19-4728] Bus Interface 'rst_n': Added interface parameter 'POLARITY' with value 'ACTIVE_LOW'.
WARNING: [IP_Flow 19-3157] Bus Interface 'rst_n': Bus parameter POLARITY is ACTIVE_LOW but port 'rst_n' is not *resetn - please double check the POLARITY setting.
WARNING: [IP_Flow 19-5661] Bus Interface 'clk' does not have any bus interfaces associated with it.
WARNING: [IP_Flow 19-5661] Bus Interface 'spi_clk' does not have any bus interfaces associated with it.
CRITICAL WARNING: [IP_Flow 19-4751] Bus Interface 'spi_clk': FREQ_HZ bus parameter is missing for output clock interface.
INFO: [IP_Flow 19-234] Refreshing IP repositories
INFO: [IP_Flow 19-1700] Loaded user IP repository 'd:/FPGA/Vivaldo Project/INTERFACE/SPI/06_system_integration/ip_repo/axi_w25q64_1_0'.
Upgrading 'D:/FPGA/Vivaldo Project/INTERFACE/SPI/06_system_integration/Vivado/system_integration.srcs/sources_1/bd/system_integration/system_integration.bd'
INFO: [IP_Flow 19-3420] Updated system_integration_w25q64_controller_0_0 to use current project options
Wrote  : <D:\FPGA\Vivaldo Project\INTERFACE\SPI\06_system_integration\Vivado\system_integration.srcs\sources_1\bd\system_integration\system_integration.bd> 
Wrote  : <D:/FPGA/Vivaldo Project/INTERFACE/SPI/06_system_integration/Vivado/system_integration.srcs/sources_1/bd/system_integration/ui/bd_f9f8b944.ui> 
report_ip_status -name ip_status 
reset_run synth_1
INFO: [Project 1-1161] Replacing file D:/FPGA/Vivaldo Project/INTERFACE/SPI/06_system_integration/Vivado/system_integration.srcs/utils_1/imports/synth_1/w25q64_controller.dcp with file D:/FPGA/Vivaldo Project/INTERFACE/SPI/06_system_integration/Vivado/system_integration.runs/synth_1/system_integration_wrapper.dcp
launch_runs impl_1 -to_step write_bitstream -jobs 8
INFO: [xilinx.com:ip:smartconnect:1.0-1] system_integration_smartconnect_0_0: SmartConnect system_integration_smartconnect_0_0 is in Low-Area Mode.
INFO: [Ipptcl 7-1463] No Compatible Board Interface found. Board Tab not created in customize GUI
WARNING: [BD 41-2671] The dangling interface net <m00_aw_node_M_AXIS_ARB> will not be written out to the BD file.
Wrote  : <D:\FPGA\Vivaldo Project\INTERFACE\SPI\06_system_integration\Vivado\system_integration.srcs\sources_1\bd\system_integration\system_integration.bd> 
Wrote  : <D:/FPGA/Vivaldo Project/INTERFACE/SPI/06_system_integration/Vivado/system_integration.srcs/sources_1/bd/system_integration/ui/bd_f9f8b944.ui> 
Verilog Output written to : D:/FPGA/Vivaldo Project/INTERFACE/SPI/06_system_integration/Vivado/system_integration.gen/sources_1/bd/system_integration/synth/system_integration.v
Verilog Output written to : D:/FPGA/Vivaldo Project/INTERFACE/SPI/06_system_integration/Vivado/system_integration.gen/sources_1/bd/system_integration/sim/system_integration.v
Verilog Output written to : D:/FPGA/Vivaldo Project/INTERFACE/SPI/06_system_integration/Vivado/system_integration.gen/sources_1/bd/system_integration/hdl/system_integration_wrapper.v
Exporting to file d:/FPGA/Vivaldo Project/INTERFACE/SPI/06_system_integration/Vivado/system_integration.gen/sources_1/bd/system_integration/ip/system_integration_smartconnect_0_0/bd_0/hw_handoff/system_integration_smartconnect_0_0.hwh
Generated Hardware Definition File d:/FPGA/Vivaldo Project/INTERFACE/SPI/06_system_integration/Vivado/system_integration.gen/sources_1/bd/system_integration/ip/system_integration_smartconnect_0_0/bd_0/synth/system_integration_smartconnect_0_0.hwdef
INFO: [BD 41-1029] Generation completed for the IP Integrator block w25q64_controller_0 .
Exporting to file D:/FPGA/Vivaldo Project/INTERFACE/SPI/06_system_integration/Vivado/system_integration.gen/sources_1/bd/system_integration/hw_handoff/system_integration.hwh
Generated Hardware Definition File D:/FPGA/Vivaldo Project/INTERFACE/SPI/06_system_integration/Vivado/system_integration.gen/sources_1/bd/system_integration/synth/system_integration.hwdef
[Tue Aug 18 10:47:21 2026] Launched synth_1...
Run output will be captured here: D:/FPGA/Vivaldo Project/INTERFACE/SPI/06_system_integration/Vivado/system_integration.runs/synth_1/runme.log
[Tue Aug 18 10:47:21 2026] Launched impl_1...
Run output will be captured here: D:/FPGA/Vivaldo Project/INTERFACE/SPI/06_system_integration/Vivado/system_integration.runs/impl_1/runme.log
exit
INFO: [Common 17-206] Exiting Vivado at Tue Aug 18 11:26:00 2026...
