Copyright 1986-2022 Xilinx, Inc. All Rights Reserved.
-----------------------------------------------------------------------------------------------------------------
| Tool Version      : Vivado v.2022.2 (win64) Build 3671981 Fri Oct 14 05:00:03 MDT 2022
| Date              : Tue Oct  6 14:30:51 2026
| Host              : LAPTOP-CHCSI1R5 running 64-bit major release  (build 9200)
| Command           : report_clock_utilization -file example_ibert_ultrascale_gth_0_clock_utilization_routed.rpt
| Design            : example_ibert_ultrascale_gth_0
| Device            : xck26-sfvc784
| Speed File        : -2LV  PRODUCTION 1.30 05-15-2022
| Temperature Grade : C
| Design State      : Routed
-----------------------------------------------------------------------------------------------------------------

Clock Utilization Report

Table of Contents
-----------------
1. Clock Primitive Utilization
2. Global Clock Resources
3. Global Clock Source Details
4. Local Clock Details
5. Clock Regions : Clock Primitives
6. Clock Regions : Load Primitives
7. Clock Regions : Global Clock Summary
8. Clock Regions : Routing Resource Utilization
9. Device Cell Placement Summary for Global Clock g0
10. Device Cell Placement Summary for Global Clock g1
11. Device Cell Placement Summary for Global Clock g2
12. Device Cell Placement Summary for Global Clock g3
13. Device Cell Placement Summary for Global Clock g4
14. Device Cell Placement Summary for Global Clock g5
15. Device Cell Placement Summary for Global Clock g6
16. Device Cell Placement Summary for Global Clock g7
17. Device Cell Placement Summary for Global Clock g8
18. Device Cell Placement Summary for Global Clock g9
19. Device Cell Placement Summary for Global Clock g10
20. Device Cell Placement Summary for Global Clock g11
21. Device Cell Placement Summary for Global Clock g12
22. Device Cell Placement Summary for Global Clock g13
23. Device Cell Placement Summary for Global Clock g14
24. Device Cell Placement Summary for Global Clock g15
25. Device Cell Placement Summary for Global Clock g16
26. Device Cell Placement Summary for Global Clock g17
27. Device Cell Placement Summary for Global Clock g18
28. Device Cell Placement Summary for Global Clock g19
29. Device Cell Placement Summary for Global Clock g20
30. Device Cell Placement Summary for Global Clock g21
31. Device Cell Placement Summary for Global Clock g22
32. Clock Region Cell Placement per Global Clock: Region X1Y0
33. Clock Region Cell Placement per Global Clock: Region X2Y0
34. Clock Region Cell Placement per Global Clock: Region X1Y1
35. Clock Region Cell Placement per Global Clock: Region X2Y1
36. Clock Region Cell Placement per Global Clock: Region X1Y2
37. Clock Region Cell Placement per Global Clock: Region X2Y2
38. Clock Region Cell Placement per Global Clock: Region X1Y3
39. Clock Region Cell Placement per Global Clock: Region X2Y3

1. Clock Primitive Utilization
------------------------------

+------------+------+-----------+-----+--------------+--------+
| Type       | Used | Available | LOC | Clock Region | Pblock |
+------------+------+-----------+-----+--------------+--------+
| BUFGCE     |    2 |       112 |   0 |            0 |      0 |
| BUFGCE_DIV |    0 |        16 |   0 |            0 |      0 |
| BUFGCTRL   |    0 |        32 |   0 |            0 |      0 |
| BUFG_GT    |   21 |        96 |   0 |            0 |     20 |
| BUFG_PS    |    0 |        96 |   0 |            0 |      0 |
| MMCM       |    1 |         4 |   0 |            0 |      0 |
| PLL        |    0 |         8 |   0 |            0 |      0 |
+------------+------+-----------+-----+--------------+--------+


2. Global Clock Resources
-------------------------

+-----------+-----------+-----------------+------------+---------------+--------------+------+-------------------+-------------------+-------------+-----------------+--------------+-----------------------------------------------------------------------------------------------------+---------------------------------------------------------------------------+----------------------------------------------------------------------+
| Global Id | Source Id | Driver Type/Pin | Constraint | Site          | Clock Region | Root | Clock Delay Group | Load Clock Region | Clock Loads | Non-Clock Loads | Clock Period | Clock                                                                                               | Driver Pin                                                                | Net                                                                  |
+-----------+-----------+-----------------+------------+---------------+--------------+------+-------------------+-------------------+-------------+-----------------+--------------+-----------------------------------------------------------------------------------------------------+---------------------------------------------------------------------------+----------------------------------------------------------------------+
| g0        | src0      | BUFGCE/O        | None       | BUFGCE_X0Y36  | X1Y1         | X1Y1 |                   |                 6 |       12799 |               0 |       10.000 | USE_DIVIDER.dclk_mmcm                                                                               | dbg_hub/inst/BSCANID.u_xsdbm_id/USE_DIVIDER.BUFG_inst_div/O               | dbg_hub/inst/BSCANID.u_xsdbm_id/sl_iport0_o[1]                       |
| g1        | src1      | BUFG_GT/O       | PBlock     | BUFG_GT_X0Y46 | X2Y1         | X1Y1 |                   |                 4 |         748 |               0 |        3.821 | rxusrclk2_i[0]                                                                                      | u_ibert_gth_core/inst/QUAD[0].u_q/u_common/u_clocking/rx_ind.u_rxusr0_1/O | u_ibert_gth_core/inst/QUAD[0].u_q/u_common/u_clocking/rxusrclk2_o[0] |
| g2        | src1      | BUFG_GT/O       | PBlock     | BUFG_GT_X0Y45 | X2Y1         | X1Y1 |                   |                 2 |          23 |               0 |        3.821 | rxoutclk_o[0]                                                                                       | u_ibert_gth_core/inst/QUAD[0].u_q/u_common/u_clocking/rx_ind.u_rxusr0_0/O | u_ibert_gth_core/inst/QUAD[0].u_q/u_common/u_clocking/rxusrclk_o[0]  |
| g3        | src2      | BUFG_GT/O       | PBlock     | BUFG_GT_X0Y28 | X2Y1         | X1Y1 |                   |                 2 |         748 |               0 |        3.821 | rxusrclk2_i__0[1]                                                                                   | u_ibert_gth_core/inst/QUAD[0].u_q/u_common/u_clocking/rx_ind.u_rxusr1_1/O | u_ibert_gth_core/inst/QUAD[0].u_q/u_common/u_clocking/rxusrclk2_o[1] |
| g4        | src2      | BUFG_GT/O       | PBlock     | BUFG_GT_X0Y31 | X2Y1         | X1Y1 |                   |                 2 |          23 |               0 |        3.821 | rxoutclk_o[1]                                                                                       | u_ibert_gth_core/inst/QUAD[0].u_q/u_common/u_clocking/rx_ind.u_rxusr1_0/O | u_ibert_gth_core/inst/QUAD[0].u_q/u_common/u_clocking/rxusrclk_o[1]  |
| g5        | src3      | BUFG_GT/O       | PBlock     | BUFG_GT_X0Y32 | X2Y1         | X1Y1 |                   |                 2 |         748 |               0 |        3.821 | rxusrclk2_i[2]                                                                                      | u_ibert_gth_core/inst/QUAD[0].u_q/u_common/u_clocking/rx_ind.u_rxusr2_1/O | u_ibert_gth_core/inst/QUAD[0].u_q/u_common/u_clocking/rxusrclk2_o[2] |
| g6        | src3      | BUFG_GT/O       | PBlock     | BUFG_GT_X0Y26 | X2Y1         | X1Y1 |                   |                 2 |          23 |               0 |        3.821 | rxoutclk_o[2]                                                                                       | u_ibert_gth_core/inst/QUAD[0].u_q/u_common/u_clocking/rx_ind.u_rxusr2_0/O | u_ibert_gth_core/inst/QUAD[0].u_q/u_common/u_clocking/rxusrclk_o[2]  |
| g7        | src4      | BUFG_GT/O       | PBlock     | BUFG_GT_X0Y37 | X2Y1         | X1Y1 |                   |                 4 |         748 |               0 |        3.821 | rxusrclk2_i[3]                                                                                      | u_ibert_gth_core/inst/QUAD[0].u_q/u_common/u_clocking/rx_ind.u_rxusr3_1/O | u_ibert_gth_core/inst/QUAD[0].u_q/u_common/u_clocking/rxusrclk2_o[3] |
| g8        | src4      | BUFG_GT/O       | PBlock     | BUFG_GT_X0Y43 | X2Y1         | X1Y1 |                   |                 3 |          23 |               0 |        3.821 | rxoutclk_o[3]                                                                                       | u_ibert_gth_core/inst/QUAD[0].u_q/u_common/u_clocking/rx_ind.u_rxusr3_0/O | u_ibert_gth_core/inst/QUAD[0].u_q/u_common/u_clocking/rxusrclk_o[3]  |
| g9        | src5      | BUFGCE/O        | None       | BUFGCE_X0Y53  | X1Y2         | X1Y2 |                   |                 4 |         477 |               0 |       50.000 | dbg_hub/inst/BSCANID.u_xsdbm_id/SWITCH_N_EXT_BSCAN.bscan_inst/SERIES7_BSCAN.bscan_inst/INTERNAL_TCK | dbg_hub/inst/BSCANID.u_xsdbm_id/SWITCH_N_EXT_BSCAN.u_bufg_icon_tck/O      | dbg_hub/inst/BSCANID.u_xsdbm_id/itck_i                               |
| g10       | src6      | BUFG_GT/O       | PBlock     | BUFG_GT_X0Y44 | X2Y1         | X1Y1 |                   |                 3 |         408 |               0 |        3.821 | txusrclk2_i[0]                                                                                      | u_ibert_gth_core/inst/QUAD[0].u_q/u_common/u_clocking/tx_ind.u_txusr0_1/O | u_ibert_gth_core/inst/QUAD[0].u_q/u_common/u_clocking/txusrclk2_o[0] |
| g11       | src6      | BUFG_GT/O       | PBlock     | BUFG_GT_X0Y42 | X2Y1         | X1Y1 |                   |                 2 |          47 |               0 |        3.821 | txoutclk_o[0]                                                                                       | u_ibert_gth_core/inst/QUAD[0].u_q/u_common/u_clocking/tx_ind.u_txusr0_0/O | u_ibert_gth_core/inst/QUAD[0].u_q/u_common/u_clocking/txusrclk_o[0]  |
| g12       | src7      | BUFG_GT/O       | PBlock     | BUFG_GT_X0Y39 | X2Y1         | X1Y1 |                   |                 2 |         408 |               0 |        3.821 | txusrclk2_i__0[1]                                                                                   | u_ibert_gth_core/inst/QUAD[0].u_q/u_common/u_clocking/tx_ind.u_txusr1_1/O | u_ibert_gth_core/inst/QUAD[0].u_q/u_common/u_clocking/txusrclk2_o[1] |
| g13       | src7      | BUFG_GT/O       | PBlock     | BUFG_GT_X0Y40 | X2Y1         | X1Y1 |                   |                 2 |          47 |               0 |        3.821 | txoutclk_o[1]                                                                                       | u_ibert_gth_core/inst/QUAD[0].u_q/u_common/u_clocking/tx_ind.u_txusr1_0/O | u_ibert_gth_core/inst/QUAD[0].u_q/u_common/u_clocking/txusrclk_o[1]  |
| g14       | src8      | BUFG_GT/O       | PBlock     | BUFG_GT_X0Y34 | X2Y1         | X1Y1 |                   |                 1 |         408 |               0 |        3.821 | txusrclk2_i[2]                                                                                      | u_ibert_gth_core/inst/QUAD[0].u_q/u_common/u_clocking/tx_ind.u_txusr2_1/O | u_ibert_gth_core/inst/QUAD[0].u_q/u_common/u_clocking/txusrclk2_o[2] |
| g15       | src8      | BUFG_GT/O       | PBlock     | BUFG_GT_X0Y30 | X2Y1         | X1Y1 |                   |                 2 |          47 |               0 |        3.821 | txoutclk_o[2]                                                                                       | u_ibert_gth_core/inst/QUAD[0].u_q/u_common/u_clocking/tx_ind.u_txusr2_0/O | u_ibert_gth_core/inst/QUAD[0].u_q/u_common/u_clocking/txusrclk_o[2]  |
| g16       | src9      | BUFG_GT/O       | PBlock     | BUFG_GT_X0Y35 | X2Y1         | X1Y1 |                   |                 4 |         408 |               0 |        3.821 | txusrclk2_i[3]                                                                                      | u_ibert_gth_core/inst/QUAD[0].u_q/u_common/u_clocking/tx_ind.u_txusr3_1/O | u_ibert_gth_core/inst/QUAD[0].u_q/u_common/u_clocking/txusrclk2_o[3] |
| g17       | src9      | BUFG_GT/O       | PBlock     | BUFG_GT_X0Y24 | X2Y1         | X1Y1 |                   |                 3 |          47 |               0 |        3.821 | txoutclk_o[3]                                                                                       | u_ibert_gth_core/inst/QUAD[0].u_q/u_common/u_clocking/tx_ind.u_txusr3_0/O | u_ibert_gth_core/inst/QUAD[0].u_q/u_common/u_clocking/txusrclk_o[3]  |
| g18       | src10     | BUFG_GT/O       | PBlock     | BUFG_GT_X0Y25 | X2Y1         | X2Y0 |                   |                 2 |          47 |               0 |        4.000 | u_ibert_gth_core/inst/QUAD[0].u_q/CH[0].u_ch/u_gthe4_channel/DMONITOROUTCLK                         | u_ibert_gth_core/inst/QUAD[0].u_q/CH[0].u_ch/u_buf_dmonitorclk/O          | u_ibert_gth_core/inst/QUAD[0].u_q/CH[0].u_ch/dmonitorclk_o           |
| g19       | src11     | BUFG_GT/O       | PBlock     | BUFG_GT_X0Y27 | X2Y1         | X2Y1 |                   |                 1 |          47 |               0 |        4.000 | u_ibert_gth_core/inst/QUAD[0].u_q/CH[1].u_ch/u_gthe4_channel/DMONITOROUTCLK                         | u_ibert_gth_core/inst/QUAD[0].u_q/CH[1].u_ch/u_buf_dmonitorclk/O          | u_ibert_gth_core/inst/QUAD[0].u_q/CH[1].u_ch/dmonitorclk_o           |
| g20       | src12     | BUFG_GT/O       | PBlock     | BUFG_GT_X0Y33 | X2Y1         | X2Y1 |                   |                 1 |          47 |               0 |        4.000 | u_ibert_gth_core/inst/QUAD[0].u_q/CH[2].u_ch/u_gthe4_channel/DMONITOROUTCLK                         | u_ibert_gth_core/inst/QUAD[0].u_q/CH[2].u_ch/u_buf_dmonitorclk/O          | u_ibert_gth_core/inst/QUAD[0].u_q/CH[2].u_ch/dmonitorclk_o           |
| g21       | src13     | BUFG_GT/O       | PBlock     | BUFG_GT_X0Y47 | X2Y1         | X2Y1 |                   |                 2 |          47 |               0 |        4.000 | u_ibert_gth_core/inst/QUAD[0].u_q/CH[3].u_ch/u_gthe4_channel/DMONITOROUTCLK                         | u_ibert_gth_core/inst/QUAD[0].u_q/CH[3].u_ch/u_buf_dmonitorclk/O          | u_ibert_gth_core/inst/QUAD[0].u_q/CH[3].u_ch/dmonitorclk_o           |
| g22       | src14     | BUFG_GT/O       | None       | BUFG_GT_X0Y38 | X2Y1         | X1Y1 | n/a               |                 1 |           0 |               1 |        6.400 | gth_refclk0_1                                                                                       | u_gth_sysclk_internal/O                                                   | gth_sysclk_i                                                         |
+-----------+-----------+-----------------+------------+---------------+--------------+------+-------------------+-------------------+-------------+-----------------+--------------+-----------------------------------------------------------------------------------------------------+---------------------------------------------------------------------------+----------------------------------------------------------------------+
* Clock Loads column represents cell count of net connects that connect to a clock pin. Internal cell leaf pins are not considered
** Non-Clock Loads column represents cell count of non-clock pin loads


3. Global Clock Source Details
------------------------------

+-----------+-----------+------------------------------+---------------------+--------------------+--------------+-------------+-----------------+---------------------+-----------------------------------------------------------------------------------------------------+--------------------------------------------------------------------------------------------+-------------------------------------------------------------------+
| Source Id | Global Id | Driver Type/Pin              | Constraint          | Site               | Clock Region | Clock Loads | Non-Clock Loads | Source Clock Period | Source Clock                                                                                        | Driver Pin                                                                                 | Net                                                               |
+-----------+-----------+------------------------------+---------------------+--------------------+--------------+-------------+-----------------+---------------------+-----------------------------------------------------------------------------------------------------+--------------------------------------------------------------------------------------------+-------------------------------------------------------------------+
| src0      | g0        | MMCME4_ADV/CLKOUT0           | None                | MMCM_X0Y1          | X1Y1         |           1 |               0 |              10.000 | USE_DIVIDER.dclk_mmcm                                                                               | dbg_hub/inst/BSCANID.u_xsdbm_id/USE_DIVIDER.ULTRASCALEPLUS.U_GT_MMCM/CLKOUT0               | dbg_hub/inst/BSCANID.u_xsdbm_id/USE_DIVIDER.dclk_mmcm             |
| src1      | g1        | GTHE4_CHANNEL/RXOUTCLK       | GTHE4_CHANNEL_X0Y4* | GTHE4_CHANNEL_X0Y4 | X2Y1         |           3 |               0 |               3.821 | rxoutclk_o                                                                                          | u_ibert_gth_core/inst/QUAD[0].u_q/CH[0].u_ch/u_gthe4_channel/RXOUTCLK                      | u_ibert_gth_core/inst/QUAD[0].u_q/CH[0].u_ch/rxoutclk_o           |
| src1      | g2        | GTHE4_CHANNEL/RXOUTCLK       | GTHE4_CHANNEL_X0Y4* | GTHE4_CHANNEL_X0Y4 | X2Y1         |           3 |               0 |               3.821 | rxoutclk_o                                                                                          | u_ibert_gth_core/inst/QUAD[0].u_q/CH[0].u_ch/u_gthe4_channel/RXOUTCLK                      | u_ibert_gth_core/inst/QUAD[0].u_q/CH[0].u_ch/rxoutclk_o           |
| src2      | g3        | GTHE4_CHANNEL/RXOUTCLK       | GTHE4_CHANNEL_X0Y5* | GTHE4_CHANNEL_X0Y5 | X2Y1         |           3 |               0 |               3.821 | rxoutclk_o_1                                                                                        | u_ibert_gth_core/inst/QUAD[0].u_q/CH[1].u_ch/u_gthe4_channel/RXOUTCLK                      | u_ibert_gth_core/inst/QUAD[0].u_q/CH[1].u_ch/rxoutclk_o           |
| src2      | g4        | GTHE4_CHANNEL/RXOUTCLK       | GTHE4_CHANNEL_X0Y5* | GTHE4_CHANNEL_X0Y5 | X2Y1         |           3 |               0 |               3.821 | rxoutclk_o_1                                                                                        | u_ibert_gth_core/inst/QUAD[0].u_q/CH[1].u_ch/u_gthe4_channel/RXOUTCLK                      | u_ibert_gth_core/inst/QUAD[0].u_q/CH[1].u_ch/rxoutclk_o           |
| src3      | g5        | GTHE4_CHANNEL/RXOUTCLK       | GTHE4_CHANNEL_X0Y6* | GTHE4_CHANNEL_X0Y6 | X2Y1         |           3 |               0 |               3.821 | rxoutclk_o_2                                                                                        | u_ibert_gth_core/inst/QUAD[0].u_q/CH[2].u_ch/u_gthe4_channel/RXOUTCLK                      | u_ibert_gth_core/inst/QUAD[0].u_q/CH[2].u_ch/rxoutclk_o           |
| src3      | g6        | GTHE4_CHANNEL/RXOUTCLK       | GTHE4_CHANNEL_X0Y6* | GTHE4_CHANNEL_X0Y6 | X2Y1         |           3 |               0 |               3.821 | rxoutclk_o_2                                                                                        | u_ibert_gth_core/inst/QUAD[0].u_q/CH[2].u_ch/u_gthe4_channel/RXOUTCLK                      | u_ibert_gth_core/inst/QUAD[0].u_q/CH[2].u_ch/rxoutclk_o           |
| src4      | g7        | GTHE4_CHANNEL/RXOUTCLK       | GTHE4_CHANNEL_X0Y7* | GTHE4_CHANNEL_X0Y7 | X2Y1         |           3 |               0 |               3.821 | rxoutclk_o_3                                                                                        | u_ibert_gth_core/inst/QUAD[0].u_q/CH[3].u_ch/u_gthe4_channel/RXOUTCLK                      | u_ibert_gth_core/inst/QUAD[0].u_q/CH[3].u_ch/rxoutclk_o           |
| src4      | g8        | GTHE4_CHANNEL/RXOUTCLK       | GTHE4_CHANNEL_X0Y7* | GTHE4_CHANNEL_X0Y7 | X2Y1         |           3 |               0 |               3.821 | rxoutclk_o_3                                                                                        | u_ibert_gth_core/inst/QUAD[0].u_q/CH[3].u_ch/u_gthe4_channel/RXOUTCLK                      | u_ibert_gth_core/inst/QUAD[0].u_q/CH[3].u_ch/rxoutclk_o           |
| src5      | g9        | BSCANE2/TCK                  | None                | CONFIG_SITE_X0Y0   | X2Y2         |           1 |               0 |              50.000 | dbg_hub/inst/BSCANID.u_xsdbm_id/SWITCH_N_EXT_BSCAN.bscan_inst/SERIES7_BSCAN.bscan_inst/INTERNAL_TCK | dbg_hub/inst/BSCANID.u_xsdbm_id/SWITCH_N_EXT_BSCAN.bscan_inst/SERIES7_BSCAN.bscan_inst/TCK | dbg_hub/inst/BSCANID.u_xsdbm_id/SWITCH_N_EXT_BSCAN.bscan_inst/TCK |
| src6      | g10       | GTHE4_CHANNEL/TXOUTCLK       | GTHE4_CHANNEL_X0Y4* | GTHE4_CHANNEL_X0Y4 | X2Y1         |           3 |               0 |               3.821 | txoutclk_o                                                                                          | u_ibert_gth_core/inst/QUAD[0].u_q/CH[0].u_ch/u_gthe4_channel/TXOUTCLK                      | u_ibert_gth_core/inst/QUAD[0].u_q/CH[0].u_ch/txoutclk_o           |
| src6      | g11       | GTHE4_CHANNEL/TXOUTCLK       | GTHE4_CHANNEL_X0Y4* | GTHE4_CHANNEL_X0Y4 | X2Y1         |           3 |               0 |               3.821 | txoutclk_o                                                                                          | u_ibert_gth_core/inst/QUAD[0].u_q/CH[0].u_ch/u_gthe4_channel/TXOUTCLK                      | u_ibert_gth_core/inst/QUAD[0].u_q/CH[0].u_ch/txoutclk_o           |
| src7      | g12       | GTHE4_CHANNEL/TXOUTCLK       | GTHE4_CHANNEL_X0Y5* | GTHE4_CHANNEL_X0Y5 | X2Y1         |           3 |               0 |               3.821 | txoutclk_o_1                                                                                        | u_ibert_gth_core/inst/QUAD[0].u_q/CH[1].u_ch/u_gthe4_channel/TXOUTCLK                      | u_ibert_gth_core/inst/QUAD[0].u_q/CH[1].u_ch/txoutclk_o           |
| src7      | g13       | GTHE4_CHANNEL/TXOUTCLK       | GTHE4_CHANNEL_X0Y5* | GTHE4_CHANNEL_X0Y5 | X2Y1         |           3 |               0 |               3.821 | txoutclk_o_1                                                                                        | u_ibert_gth_core/inst/QUAD[0].u_q/CH[1].u_ch/u_gthe4_channel/TXOUTCLK                      | u_ibert_gth_core/inst/QUAD[0].u_q/CH[1].u_ch/txoutclk_o           |
| src8      | g14       | GTHE4_CHANNEL/TXOUTCLK       | GTHE4_CHANNEL_X0Y6* | GTHE4_CHANNEL_X0Y6 | X2Y1         |           3 |               0 |               3.821 | txoutclk_o_2                                                                                        | u_ibert_gth_core/inst/QUAD[0].u_q/CH[2].u_ch/u_gthe4_channel/TXOUTCLK                      | u_ibert_gth_core/inst/QUAD[0].u_q/CH[2].u_ch/txoutclk_o           |
| src8      | g15       | GTHE4_CHANNEL/TXOUTCLK       | GTHE4_CHANNEL_X0Y6* | GTHE4_CHANNEL_X0Y6 | X2Y1         |           3 |               0 |               3.821 | txoutclk_o_2                                                                                        | u_ibert_gth_core/inst/QUAD[0].u_q/CH[2].u_ch/u_gthe4_channel/TXOUTCLK                      | u_ibert_gth_core/inst/QUAD[0].u_q/CH[2].u_ch/txoutclk_o           |
| src9      | g16       | GTHE4_CHANNEL/TXOUTCLK       | GTHE4_CHANNEL_X0Y7* | GTHE4_CHANNEL_X0Y7 | X2Y1         |           3 |               0 |               3.821 | txoutclk_o_3                                                                                        | u_ibert_gth_core/inst/QUAD[0].u_q/CH[3].u_ch/u_gthe4_channel/TXOUTCLK                      | u_ibert_gth_core/inst/QUAD[0].u_q/CH[3].u_ch/txoutclk_o           |
| src9      | g17       | GTHE4_CHANNEL/TXOUTCLK       | GTHE4_CHANNEL_X0Y7* | GTHE4_CHANNEL_X0Y7 | X2Y1         |           3 |               0 |               3.821 | txoutclk_o_3                                                                                        | u_ibert_gth_core/inst/QUAD[0].u_q/CH[3].u_ch/u_gthe4_channel/TXOUTCLK                      | u_ibert_gth_core/inst/QUAD[0].u_q/CH[3].u_ch/txoutclk_o           |
| src10     | g18       | GTHE4_CHANNEL/DMONITOROUTCLK | GTHE4_CHANNEL_X0Y4* | GTHE4_CHANNEL_X0Y4 | X2Y1         |           2 |               0 |               4.000 | u_ibert_gth_core/inst/QUAD[0].u_q/CH[0].u_ch/u_gthe4_channel/DMONITOROUTCLK                         | u_ibert_gth_core/inst/QUAD[0].u_q/CH[0].u_ch/u_gthe4_channel/DMONITOROUTCLK                | u_ibert_gth_core/inst/QUAD[0].u_q/CH[0].u_ch/dmonitorclk          |
| src11     | g19       | GTHE4_CHANNEL/DMONITOROUTCLK | GTHE4_CHANNEL_X0Y5* | GTHE4_CHANNEL_X0Y5 | X2Y1         |           2 |               0 |               4.000 | u_ibert_gth_core/inst/QUAD[0].u_q/CH[1].u_ch/u_gthe4_channel/DMONITOROUTCLK                         | u_ibert_gth_core/inst/QUAD[0].u_q/CH[1].u_ch/u_gthe4_channel/DMONITOROUTCLK                | u_ibert_gth_core/inst/QUAD[0].u_q/CH[1].u_ch/dmonitorclk          |
| src12     | g20       | GTHE4_CHANNEL/DMONITOROUTCLK | GTHE4_CHANNEL_X0Y6* | GTHE4_CHANNEL_X0Y6 | X2Y1         |           2 |               0 |               4.000 | u_ibert_gth_core/inst/QUAD[0].u_q/CH[2].u_ch/u_gthe4_channel/DMONITOROUTCLK                         | u_ibert_gth_core/inst/QUAD[0].u_q/CH[2].u_ch/u_gthe4_channel/DMONITOROUTCLK                | u_ibert_gth_core/inst/QUAD[0].u_q/CH[2].u_ch/dmonitorclk          |
| src13     | g21       | GTHE4_CHANNEL/DMONITOROUTCLK | GTHE4_CHANNEL_X0Y7* | GTHE4_CHANNEL_X0Y7 | X2Y1         |           2 |               0 |               4.000 | u_ibert_gth_core/inst/QUAD[0].u_q/CH[3].u_ch/u_gthe4_channel/DMONITOROUTCLK                         | u_ibert_gth_core/inst/QUAD[0].u_q/CH[3].u_ch/u_gthe4_channel/DMONITOROUTCLK                | u_ibert_gth_core/inst/QUAD[0].u_q/CH[3].u_ch/dmonitorclk          |
| src14     | g22       | IBUFDS_GTE4/ODIV2            | GTHE4_COMMON_X0Y1   | GTHE4_COMMON_X0Y1  | X2Y1         |           2 |               0 |               6.400 | gth_refclk0_1                                                                                       | u_buf_gth_q1_clk0/ODIV2                                                                    | gth_odiv2_0_i                                                     |
+-----------+-----------+------------------------------+---------------------+--------------------+--------------+-------------+-----------------+---------------------+-----------------------------------------------------------------------------------------------------+--------------------------------------------------------------------------------------------+-------------------------------------------------------------------+
* Clock Loads column represents cell count of net connects that connect to a clock pin. Internal cell leaf pins are not considered
** Non-Clock Loads column represents cell count of non-clock pin loads
*** In Constraint column, symbol '*' indicates multiple constraint types applied to the clock source. Please check for potential conflicts.


4. Local Clock Details
----------------------

+----------+-----------------+------------+--------------------+--------------+-------------+-----------------+--------------+-------+----------------------------------------------------------------------------------------------------------+--------------------------------------------------------------------------------------------------+
| Local Id | Driver Type/Pin | Constraint | Site/BEL           | Clock Region | Clock Loads | Non-Clock Loads | Clock Period | Clock | Driver Pin                                                                                               | Net                                                                                              |
+----------+-----------------+------------+--------------------+--------------+-------------+-----------------+--------------+-------+----------------------------------------------------------------------------------------------------------+--------------------------------------------------------------------------------------------------+
| 0        | FDRE/Q          | PBlock     | SLICE_X56Y65/DFF2  | X2Y1         |           1 |               1 |              |       | u_ibert_gth_core/inst/QUAD[0].u_q/CH[0].u_ch/U_CHANNEL_REGS/reg_429/I_EN_CTL_EQ1.U_CTL/xsdb_reg_reg[0]/Q | u_ibert_gth_core/inst/QUAD[0].u_q/CH[0].u_ch/U_CHANNEL_REGS/reg_429/I_EN_CTL_EQ1.U_CTL/dout_o[0] |
| 1        | FDRE/Q          | PBlock     | SLICE_X54Y68/HFF   | X2Y1         |           1 |               1 |              |       | u_ibert_gth_core/inst/QUAD[0].u_q/CH[0].u_ch/U_CHANNEL_REGS/reg_429/I_EN_CTL_EQ1.U_CTL/xsdb_reg_reg[1]/Q | u_ibert_gth_core/inst/QUAD[0].u_q/CH[0].u_ch/U_CHANNEL_REGS/reg_429/I_EN_CTL_EQ1.U_CTL/dout_o[1] |
| 2        | FDRE/Q          | PBlock     | SLICE_X55Y86/HFF2  | X2Y1         |           1 |               1 |              |       | u_ibert_gth_core/inst/QUAD[0].u_q/CH[1].u_ch/U_CHANNEL_REGS/reg_429/I_EN_CTL_EQ1.U_CTL/xsdb_reg_reg[0]/Q | u_ibert_gth_core/inst/QUAD[0].u_q/CH[1].u_ch/U_CHANNEL_REGS/reg_429/I_EN_CTL_EQ1.U_CTL/dout_o[0] |
| 3        | FDRE/Q          | PBlock     | SLICE_X50Y81/CFF2  | X2Y1         |           1 |               1 |              |       | u_ibert_gth_core/inst/QUAD[0].u_q/CH[1].u_ch/U_CHANNEL_REGS/reg_429/I_EN_CTL_EQ1.U_CTL/xsdb_reg_reg[1]/Q | u_ibert_gth_core/inst/QUAD[0].u_q/CH[1].u_ch/U_CHANNEL_REGS/reg_429/I_EN_CTL_EQ1.U_CTL/dout_o[1] |
| 4        | FDRE/Q          | PBlock     | SLICE_X56Y99/AFF   | X2Y1         |           1 |               1 |              |       | u_ibert_gth_core/inst/QUAD[0].u_q/CH[2].u_ch/U_CHANNEL_REGS/reg_429/I_EN_CTL_EQ1.U_CTL/xsdb_reg_reg[0]/Q | u_ibert_gth_core/inst/QUAD[0].u_q/CH[2].u_ch/U_CHANNEL_REGS/reg_429/I_EN_CTL_EQ1.U_CTL/dout_o[0] |
| 5        | FDRE/Q          | PBlock     | SLICE_X55Y101/GFF2 | X2Y1         |           1 |               1 |              |       | u_ibert_gth_core/inst/QUAD[0].u_q/CH[2].u_ch/U_CHANNEL_REGS/reg_429/I_EN_CTL_EQ1.U_CTL/xsdb_reg_reg[1]/Q | u_ibert_gth_core/inst/QUAD[0].u_q/CH[2].u_ch/U_CHANNEL_REGS/reg_429/I_EN_CTL_EQ1.U_CTL/dout_o[1] |
| 6        | FDRE/Q          | PBlock     | SLICE_X56Y111/HFF  | X2Y1         |           1 |               1 |              |       | u_ibert_gth_core/inst/QUAD[0].u_q/CH[3].u_ch/U_CHANNEL_REGS/reg_429/I_EN_CTL_EQ1.U_CTL/xsdb_reg_reg[0]/Q | u_ibert_gth_core/inst/QUAD[0].u_q/CH[3].u_ch/U_CHANNEL_REGS/reg_429/I_EN_CTL_EQ1.U_CTL/dout_o[0] |
| 7        | FDRE/Q          | PBlock     | SLICE_X53Y109/DFF  | X2Y1         |           1 |               1 |              |       | u_ibert_gth_core/inst/QUAD[0].u_q/CH[3].u_ch/U_CHANNEL_REGS/reg_429/I_EN_CTL_EQ1.U_CTL/xsdb_reg_reg[1]/Q | u_ibert_gth_core/inst/QUAD[0].u_q/CH[3].u_ch/U_CHANNEL_REGS/reg_429/I_EN_CTL_EQ1.U_CTL/dout_o[1] |
+----------+-----------------+------------+--------------------+--------------+-------------+-----------------+--------------+-------+----------------------------------------------------------------------------------------------------------+--------------------------------------------------------------------------------------------------+
* Local Clocks in this context represents only clocks driven by non-global buffers
** Clock Loads column represents cell count of net connects that connect to a clock pin. Internal cell leaf pins are not considered
*** Non-Clock Loads column represents cell count of non-clock pin loads


5. Clock Regions : Clock Primitives
-----------------------------------

+-------------------+---------------+---------------+---------------+---------------+---------------+---------------+---------------+---------------+
|                   |  Global Clock |     BUFGCE    |   BUFGCE_DIV  |    BUFGCTRL   |    BUFG_GT    |    BUFG_PS    |      MMCM     |      PLL      |
+-------------------+-------+-------+-------+-------+-------+-------+-------+-------+-------+-------+-------+-------+-------+-------+-------+-------+
| Clock Region Name | Used  | Avail | Used  | Avail | Used  | Avail | Used  | Avail | Used  | Avail | Used  | Avail | Used  | Avail | Used  | Avail |
+-------------------+-------+-------+-------+-------+-------+-------+-------+-------+-------+-------+-------+-------+-------+-------+-------+-------+
| X0Y0              |     0 |    24 |     0 |     4 |     0 |     0 |     0 |     0 |     0 |     0 |     0 |    24 |     0 |     0 |     0 |     0 |
| X1Y0              |     3 |    24 |     0 |    24 |     0 |     4 |     0 |     8 |     0 |     0 |     0 |     0 |     0 |     1 |     0 |     2 |
| X2Y0              |     4 |    24 |     0 |     0 |     0 |     0 |     0 |     0 |     0 |    24 |     0 |     0 |     0 |     0 |     0 |     0 |
| X0Y1              |     0 |    24 |     0 |     4 |     0 |     0 |     0 |     0 |     0 |     0 |     0 |    24 |     0 |     0 |     0 |     0 |
| X1Y1              |    19 |    24 |     1 |    24 |     0 |     4 |     0 |     8 |     0 |     0 |     0 |     0 |     1 |     1 |     0 |     2 |
| X2Y1              |    22 |    24 |     0 |     0 |     0 |     0 |     0 |     0 |    21 |    24 |     0 |     0 |     0 |     0 |     0 |     0 |
| X0Y2              |     0 |    24 |     0 |     4 |     0 |     0 |     0 |     0 |     0 |     0 |     0 |    24 |     0 |     0 |     0 |     0 |
| X1Y2              |     6 |    24 |     1 |    24 |     0 |     4 |     0 |     8 |     0 |     0 |     0 |     0 |     0 |     1 |     0 |     2 |
| X2Y2              |     5 |    24 |     0 |     0 |     0 |     0 |     0 |     0 |     0 |    24 |     0 |     0 |     0 |     0 |     0 |     0 |
| X0Y3              |     0 |    24 |     0 |     4 |     0 |     0 |     0 |     0 |     0 |     0 |     0 |    24 |     0 |     0 |     0 |     0 |
| X1Y3              |     1 |    24 |     0 |    24 |     0 |     4 |     0 |     8 |     0 |     0 |     0 |     0 |     0 |     1 |     0 |     2 |
| X2Y3              |     1 |    24 |     0 |     0 |     0 |     0 |     0 |     0 |     0 |    24 |     0 |     0 |     0 |     0 |     0 |     0 |
+-------------------+-------+-------+-------+-------+-------+-------+-------+-------+-------+-------+-------+-------+-------+-------+-------+-------+
* Global Clock column represents track count; while other columns represents cell counts


6. Clock Regions : Load Primitives
----------------------------------

+-------------------+------------------+------------------+------------------+------------------+------------------+------------------+------------------+------------------+
|                   |   Global Clock   |        FF        |      LUTRAM      |  Block RAM (18K) |       URAM       |        DSP       |        GT        |      HARD IP     |
+-------------------+--------+---------+--------+---------+--------+---------+--------+---------+--------+---------+--------+---------+--------+---------+--------+---------+
| Clock Region Name | Used   | Avail   | Used   | Avail   | Used   | Avail   | Used   | Avail   | Used   | Avail   | Used   | Avail   | Used   | Avail   | Used   | Avail   |
+-------------------+--------+---------+--------+---------+--------+---------+--------+---------+--------+---------+--------+---------+--------+---------+--------+---------+
| X0Y0              |      0 |      24 |      0 |   22080 |      0 |    6240 |      0 |       0 |      0 |       0 |      0 |     144 |      0 |       0 |      0 |       0 |
| X1Y0              |      3 |      24 |    205 |   17280 |      0 |    5280 |      0 |      24 |      0 |       0 |      0 |     144 |      0 |       0 |      0 |       0 |
| X2Y0              |      4 |      24 |    294 |   19200 |      0 |    2880 |      0 |      48 |      0 |      16 |      0 |      24 |      0 |       4 |      0 |       1 |
| X0Y1              |      0 |      24 |      0 |   22080 |      0 |    6240 |      0 |       0 |      0 |       0 |      0 |     144 |      0 |       0 |      0 |       0 |
| X1Y1              |     19 |      24 |   7038 |   17280 |    153 |    5280 |     22 |      24 |      0 |       0 |      8 |     144 |      0 |       0 |      0 |       0 |
| X2Y1              |     22 |      24 |   9636 |   19200 |    134 |    2880 |     16 |      48 |      0 |      16 |      0 |      24 |      4 |       4 |      0 |       1 |
| X0Y2              |      0 |      24 |      0 |   22080 |      0 |    6240 |      0 |       0 |      0 |       0 |      0 |     144 |      0 |       0 |      0 |       0 |
| X1Y2              |      6 |      24 |    357 |   17280 |      0 |    5280 |      2 |      24 |      0 |       0 |      0 |     144 |      0 |       0 |      0 |       0 |
| X2Y2              |      5 |      24 |    423 |   19200 |      1 |    2880 |      0 |      48 |      0 |      16 |      0 |      24 |      0 |       4 |      0 |       0 |
| X0Y3              |      0 |      24 |      0 |   22080 |      0 |    6240 |      0 |       0 |      0 |       0 |      0 |     144 |      0 |       0 |      0 |       0 |
| X1Y3              |      1 |      24 |      0 |   17280 |      0 |    5280 |      0 |      24 |      0 |       0 |      0 |     144 |      0 |       0 |      0 |       0 |
| X2Y3              |      1 |      24 |     74 |   19200 |      0 |    2880 |      0 |      48 |      0 |      16 |      0 |      24 |      0 |       4 |      0 |       0 |
+-------------------+--------+---------+--------+---------+--------+---------+--------+---------+--------+---------+--------+---------+--------+---------+--------+---------+
* Global Clock column represents track count; while other columns represents cell counts


7. Clock Regions : Global Clock Summary
---------------------------------------

All Modules
+----+----+----+----+
|    | X0 | X1 | X2 |
+----+----+----+----+
| Y3 |  0 |  1 |  1 |
| Y2 |  0 |  6 |  5 |
| Y1 |  0 | 19 | 23 |
| Y0 |  0 |  3 |  4 |
+----+----+----+----+


8. Clock Regions : Routing Resource Utilization
-----------------------------------------------

All Modules
+-------------------+-----------------------+----------------------+----------------------+----------------------+
|                   |        HROUTES        |        HDISTRS       |        VROUTES       |        VDISTRS       |
+-------------------+------+-------+--------+------+-------+-------+------+-------+-------+------+-------+-------+
| Clock Region Name | Used | Avail | Util%  | Used | Avail | Util% | Used | Avail | Util% | Used | Avail | Util% |
+-------------------+------+-------+--------+------+-------+-------+------+-------+-------+------+-------+-------+
| X0Y0              |    0 |    24 |   0.00 |    0 |    24 |  0.00 |    0 |    24 |  0.00 |    0 |    24 |  0.00 |
| X1Y0              |    0 |    24 |   0.00 |    3 |    24 | 12.50 |    0 |    24 |  0.00 |    3 |    24 | 12.50 |
| X2Y0              |    0 |    24 |   0.00 |    4 |    24 | 16.67 |    1 |    24 |  4.17 |    1 |    24 |  4.17 |
| X0Y1              |    0 |    24 |   0.00 |    0 |    24 |  0.00 |    0 |    24 |  0.00 |    0 |    24 |  0.00 |
| X1Y1              |   25 |    24 | 104.17 |   19 |    24 | 79.17 |    0 |    24 |  0.00 |   19 |    24 | 79.17 |
| X2Y1              |   37 |    24 | 154.17 |   22 |    24 | 91.67 |    1 |    24 |  4.17 |    1 |    24 |  4.17 |
| X0Y2              |    0 |    24 |   0.00 |    0 |    24 |  0.00 |    0 |    24 |  0.00 |    0 |    24 |  0.00 |
| X1Y2              |    0 |    24 |   0.00 |    6 |    24 | 25.00 |    0 |    24 |  0.00 |    1 |    24 |  4.17 |
| X2Y2              |    0 |    24 |   0.00 |    5 |    24 | 20.83 |    0 |    24 |  0.00 |    0 |    24 |  0.00 |
| X0Y3              |    0 |    24 |   0.00 |    0 |    24 |  0.00 |    0 |    24 |  0.00 |    0 |    24 |  0.00 |
| X1Y3              |    0 |    24 |   0.00 |    1 |    24 |  4.17 |    0 |    24 |  0.00 |    0 |    24 |  0.00 |
| X2Y3              |    0 |    24 |   0.00 |    1 |    24 |  4.17 |    0 |    24 |  0.00 |    0 |    24 |  0.00 |
+-------------------+------+-------+--------+------+-------+-------+------+-------+-------+------+-------+-------+


9. Device Cell Placement Summary for Global Clock g0
----------------------------------------------------

+-----------+-----------------+-------------------+-----------------------+-------------+---------------+----------+-------------+----------+----------------+----------+------------------------------------------------+
| Global Id | Driver Type/Pin | Driver Region (D) | Clock                 | Period (ns) | Waveform (ns) | Root (R) | Slice Loads | IO Loads | Clocking Loads | GT Loads | Net                                            |
+-----------+-----------------+-------------------+-----------------------+-------------+---------------+----------+-------------+----------+----------------+----------+------------------------------------------------+
| g0        | BUFGCE/O        | X1Y1              | USE_DIVIDER.dclk_mmcm |      10.000 | {0.000 5.000} | X1Y1     |       12794 |        0 |              0 |        5 | dbg_hub/inst/BSCANID.u_xsdbm_id/sl_iport0_o[1] |
+-----------+-----------------+-------------------+-----------------------+-------------+---------------+----------+-------------+----------+----------------+----------+------------------------------------------------+
* Slice Loads column represents load cell count of all cell types other than IO, GT and clock resources
** IO Loads column represents load cell count of IO types
*** Clocking Loads column represents load cell count that are clock resources (global clock buffer, MMCM, PLL, etc)
**** GT Loads column represents load cell count of GT types


+----+----+--------------+-------+-----------------------+
|    | X0 | X1           | X2    | HORIZONTAL PROG DELAY |
+----+----+--------------+-------+-----------------------+
| Y3 |  0 |            0 |     0 |                     - |
| Y2 |  0 |          127 |     4 |                     0 |
| Y1 |  0 | (R) (D) 6033 |  6408 |                     0 |
| Y0 |  0 |          148 |    79 |                     0 |
+----+----+--------------+-------+-----------------------+


10. Device Cell Placement Summary for Global Clock g1
-----------------------------------------------------

+-----------+-----------------+-------------------+----------------+-------------+---------------+----------+-------------+----------+----------------+----------+----------------------------------------------------------------------+
| Global Id | Driver Type/Pin | Driver Region (D) | Clock          | Period (ns) | Waveform (ns) | Root (R) | Slice Loads | IO Loads | Clocking Loads | GT Loads | Net                                                                  |
+-----------+-----------------+-------------------+----------------+-------------+---------------+----------+-------------+----------+----------------+----------+----------------------------------------------------------------------+
| g1        | BUFG_GT/O       | X2Y1              | rxusrclk2_i[0] |       3.821 | {0.000 1.910} | X1Y1     |         747 |        0 |              0 |        1 | u_ibert_gth_core/inst/QUAD[0].u_q/u_common/u_clocking/rxusrclk2_o[0] |
+-----------+-----------------+-------------------+----------------+-------------+---------------+----------+-------------+----------+----------------+----------+----------------------------------------------------------------------+
* Slice Loads column represents load cell count of all cell types other than IO, GT and clock resources
** IO Loads column represents load cell count of IO types
*** Clocking Loads column represents load cell count that are clock resources (global clock buffer, MMCM, PLL, etc)
**** GT Loads column represents load cell count of GT types


+----+----+---------+----------+-----------------------+
|    | X0 | X1      | X2       | HORIZONTAL PROG DELAY |
+----+----+---------+----------+-----------------------+
| Y3 |  0 |       0 |        0 |                     - |
| Y2 |  0 |       0 |        0 |                     - |
| Y1 |  0 | (R) 557 |  (D) 126 |                     0 |
| Y0 |  0 |      57 |        8 |                     0 |
+----+----+---------+----------+-----------------------+


11. Device Cell Placement Summary for Global Clock g2
-----------------------------------------------------

+-----------+-----------------+-------------------+---------------+-------------+---------------+----------+-------------+----------+----------------+----------+---------------------------------------------------------------------+
| Global Id | Driver Type/Pin | Driver Region (D) | Clock         | Period (ns) | Waveform (ns) | Root (R) | Slice Loads | IO Loads | Clocking Loads | GT Loads | Net                                                                 |
+-----------+-----------------+-------------------+---------------+-------------+---------------+----------+-------------+----------+----------------+----------+---------------------------------------------------------------------+
| g2        | BUFG_GT/O       | X2Y1              | rxoutclk_o[0] |       3.821 | {0.000 1.910} | X1Y1     |          22 |        0 |              0 |        1 | u_ibert_gth_core/inst/QUAD[0].u_q/u_common/u_clocking/rxusrclk_o[0] |
+-----------+-----------------+-------------------+---------------+-------------+---------------+----------+-------------+----------+----------------+----------+---------------------------------------------------------------------+
* Slice Loads column represents load cell count of all cell types other than IO, GT and clock resources
** IO Loads column represents load cell count of IO types
*** Clocking Loads column represents load cell count that are clock resources (global clock buffer, MMCM, PLL, etc)
**** GT Loads column represents load cell count of GT types


+----+----+--------+--------+-----------------------+
|    | X0 | X1     | X2     | HORIZONTAL PROG DELAY |
+----+----+--------+--------+-----------------------+
| Y3 |  0 |      0 |      0 |                     - |
| Y2 |  0 |      0 |      0 |                     - |
| Y1 |  0 | (R) 22 |  (D) 1 |                     0 |
| Y0 |  0 |      0 |      0 |                     - |
+----+----+--------+--------+-----------------------+


12. Device Cell Placement Summary for Global Clock g3
-----------------------------------------------------

+-----------+-----------------+-------------------+-------------------+-------------+---------------+----------+-------------+----------+----------------+----------+----------------------------------------------------------------------+
| Global Id | Driver Type/Pin | Driver Region (D) | Clock             | Period (ns) | Waveform (ns) | Root (R) | Slice Loads | IO Loads | Clocking Loads | GT Loads | Net                                                                  |
+-----------+-----------------+-------------------+-------------------+-------------+---------------+----------+-------------+----------+----------------+----------+----------------------------------------------------------------------+
| g3        | BUFG_GT/O       | X2Y1              | rxusrclk2_i__0[1] |       3.821 | {0.000 1.910} | X1Y1     |         747 |        0 |              0 |        1 | u_ibert_gth_core/inst/QUAD[0].u_q/u_common/u_clocking/rxusrclk2_o[1] |
+-----------+-----------------+-------------------+-------------------+-------------+---------------+----------+-------------+----------+----------------+----------+----------------------------------------------------------------------+
* Slice Loads column represents load cell count of all cell types other than IO, GT and clock resources
** IO Loads column represents load cell count of IO types
*** Clocking Loads column represents load cell count that are clock resources (global clock buffer, MMCM, PLL, etc)
**** GT Loads column represents load cell count of GT types


+----+----+--------+----------+-----------------------+
|    | X0 | X1     | X2       | HORIZONTAL PROG DELAY |
+----+----+--------+----------+-----------------------+
| Y3 |  0 |      0 |        0 |                     - |
| Y2 |  0 |      0 |        0 |                     - |
| Y1 |  0 | (R) 25 |  (D) 723 |                     0 |
| Y0 |  0 |      0 |        0 |                     - |
+----+----+--------+----------+-----------------------+


13. Device Cell Placement Summary for Global Clock g4
-----------------------------------------------------

+-----------+-----------------+-------------------+---------------+-------------+---------------+----------+-------------+----------+----------------+----------+---------------------------------------------------------------------+
| Global Id | Driver Type/Pin | Driver Region (D) | Clock         | Period (ns) | Waveform (ns) | Root (R) | Slice Loads | IO Loads | Clocking Loads | GT Loads | Net                                                                 |
+-----------+-----------------+-------------------+---------------+-------------+---------------+----------+-------------+----------+----------------+----------+---------------------------------------------------------------------+
| g4        | BUFG_GT/O       | X2Y1              | rxoutclk_o[1] |       3.821 | {0.000 1.910} | X1Y1     |          22 |        0 |              0 |        1 | u_ibert_gth_core/inst/QUAD[0].u_q/u_common/u_clocking/rxusrclk_o[1] |
+-----------+-----------------+-------------------+---------------+-------------+---------------+----------+-------------+----------+----------------+----------+---------------------------------------------------------------------+
* Slice Loads column represents load cell count of all cell types other than IO, GT and clock resources
** IO Loads column represents load cell count of IO types
*** Clocking Loads column represents load cell count that are clock resources (global clock buffer, MMCM, PLL, etc)
**** GT Loads column represents load cell count of GT types


+----+----+--------+--------+-----------------------+
|    | X0 | X1     | X2     | HORIZONTAL PROG DELAY |
+----+----+--------+--------+-----------------------+
| Y3 |  0 |      0 |      0 |                     - |
| Y2 |  0 |      0 |      0 |                     - |
| Y1 |  0 | (R) 22 |  (D) 1 |                     0 |
| Y0 |  0 |      0 |      0 |                     - |
+----+----+--------+--------+-----------------------+


14. Device Cell Placement Summary for Global Clock g5
-----------------------------------------------------

+-----------+-----------------+-------------------+----------------+-------------+---------------+----------+-------------+----------+----------------+----------+----------------------------------------------------------------------+
| Global Id | Driver Type/Pin | Driver Region (D) | Clock          | Period (ns) | Waveform (ns) | Root (R) | Slice Loads | IO Loads | Clocking Loads | GT Loads | Net                                                                  |
+-----------+-----------------+-------------------+----------------+-------------+---------------+----------+-------------+----------+----------------+----------+----------------------------------------------------------------------+
| g5        | BUFG_GT/O       | X2Y1              | rxusrclk2_i[2] |       3.821 | {0.000 1.910} | X1Y1     |         747 |        0 |              0 |        1 | u_ibert_gth_core/inst/QUAD[0].u_q/u_common/u_clocking/rxusrclk2_o[2] |
+-----------+-----------------+-------------------+----------------+-------------+---------------+----------+-------------+----------+----------------+----------+----------------------------------------------------------------------+
* Slice Loads column represents load cell count of all cell types other than IO, GT and clock resources
** IO Loads column represents load cell count of IO types
*** Clocking Loads column represents load cell count that are clock resources (global clock buffer, MMCM, PLL, etc)
**** GT Loads column represents load cell count of GT types


+----+----+--------+----------+-----------------------+
|    | X0 | X1     | X2       | HORIZONTAL PROG DELAY |
+----+----+--------+----------+-----------------------+
| Y3 |  0 |      0 |        0 |                     - |
| Y2 |  0 |      0 |        0 |                     - |
| Y1 |  0 | (R) 24 |  (D) 724 |                     0 |
| Y0 |  0 |      0 |        0 |                     - |
+----+----+--------+----------+-----------------------+


15. Device Cell Placement Summary for Global Clock g6
-----------------------------------------------------

+-----------+-----------------+-------------------+---------------+-------------+---------------+----------+-------------+----------+----------------+----------+---------------------------------------------------------------------+
| Global Id | Driver Type/Pin | Driver Region (D) | Clock         | Period (ns) | Waveform (ns) | Root (R) | Slice Loads | IO Loads | Clocking Loads | GT Loads | Net                                                                 |
+-----------+-----------------+-------------------+---------------+-------------+---------------+----------+-------------+----------+----------------+----------+---------------------------------------------------------------------+
| g6        | BUFG_GT/O       | X2Y1              | rxoutclk_o[2] |       3.821 | {0.000 1.910} | X1Y1     |          22 |        0 |              0 |        1 | u_ibert_gth_core/inst/QUAD[0].u_q/u_common/u_clocking/rxusrclk_o[2] |
+-----------+-----------------+-------------------+---------------+-------------+---------------+----------+-------------+----------+----------------+----------+---------------------------------------------------------------------+
* Slice Loads column represents load cell count of all cell types other than IO, GT and clock resources
** IO Loads column represents load cell count of IO types
*** Clocking Loads column represents load cell count that are clock resources (global clock buffer, MMCM, PLL, etc)
**** GT Loads column represents load cell count of GT types


+----+----+--------+--------+-----------------------+
|    | X0 | X1     | X2     | HORIZONTAL PROG DELAY |
+----+----+--------+--------+-----------------------+
| Y3 |  0 |      0 |      0 |                     - |
| Y2 |  0 |      0 |      0 |                     - |
| Y1 |  0 | (R) 20 |  (D) 3 |                     0 |
| Y0 |  0 |      0 |      0 |                     - |
+----+----+--------+--------+-----------------------+


16. Device Cell Placement Summary for Global Clock g7
-----------------------------------------------------

+-----------+-----------------+-------------------+----------------+-------------+---------------+----------+-------------+----------+----------------+----------+----------------------------------------------------------------------+
| Global Id | Driver Type/Pin | Driver Region (D) | Clock          | Period (ns) | Waveform (ns) | Root (R) | Slice Loads | IO Loads | Clocking Loads | GT Loads | Net                                                                  |
+-----------+-----------------+-------------------+----------------+-------------+---------------+----------+-------------+----------+----------------+----------+----------------------------------------------------------------------+
| g7        | BUFG_GT/O       | X2Y1              | rxusrclk2_i[3] |       3.821 | {0.000 1.910} | X1Y1     |         747 |        0 |              0 |        1 | u_ibert_gth_core/inst/QUAD[0].u_q/u_common/u_clocking/rxusrclk2_o[3] |
+-----------+-----------------+-------------------+----------------+-------------+---------------+----------+-------------+----------+----------------+----------+----------------------------------------------------------------------+
* Slice Loads column represents load cell count of all cell types other than IO, GT and clock resources
** IO Loads column represents load cell count of IO types
*** Clocking Loads column represents load cell count that are clock resources (global clock buffer, MMCM, PLL, etc)
**** GT Loads column represents load cell count of GT types


+----+----+---------+----------+-----------------------+
|    | X0 | X1      | X2       | HORIZONTAL PROG DELAY |
+----+----+---------+----------+-----------------------+
| Y3 |  0 |       0 |        0 |                     - |
| Y2 |  0 |     199 |       60 |                     0 |
| Y1 |  0 | (R) 141 |  (D) 348 |                     0 |
| Y0 |  0 |       0 |        0 |                     - |
+----+----+---------+----------+-----------------------+


17. Device Cell Placement Summary for Global Clock g8
-----------------------------------------------------

+-----------+-----------------+-------------------+---------------+-------------+---------------+----------+-------------+----------+----------------+----------+---------------------------------------------------------------------+
| Global Id | Driver Type/Pin | Driver Region (D) | Clock         | Period (ns) | Waveform (ns) | Root (R) | Slice Loads | IO Loads | Clocking Loads | GT Loads | Net                                                                 |
+-----------+-----------------+-------------------+---------------+-------------+---------------+----------+-------------+----------+----------------+----------+---------------------------------------------------------------------+
| g8        | BUFG_GT/O       | X2Y1              | rxoutclk_o[3] |       3.821 | {0.000 1.910} | X1Y1     |          22 |        0 |              0 |        1 | u_ibert_gth_core/inst/QUAD[0].u_q/u_common/u_clocking/rxusrclk_o[3] |
+-----------+-----------------+-------------------+---------------+-------------+---------------+----------+-------------+----------+----------------+----------+---------------------------------------------------------------------+
* Slice Loads column represents load cell count of all cell types other than IO, GT and clock resources
** IO Loads column represents load cell count of IO types
*** Clocking Loads column represents load cell count that are clock resources (global clock buffer, MMCM, PLL, etc)
**** GT Loads column represents load cell count of GT types


+----+----+--------+--------+-----------------------+
|    | X0 | X1     | X2     | HORIZONTAL PROG DELAY |
+----+----+--------+--------+-----------------------+
| Y3 |  0 |      0 |      0 |                     - |
| Y2 |  0 |      2 |      0 |                     0 |
| Y1 |  0 | (R) 20 |  (D) 1 |                     0 |
| Y0 |  0 |      0 |      0 |                     - |
+----+----+--------+--------+-----------------------+


18. Device Cell Placement Summary for Global Clock g9
-----------------------------------------------------

+-----------+-----------------+-------------------+-----------------------------------------------------------------------------------------------------+-------------+----------------+----------+-------------+----------+----------------+----------+----------------------------------------+
| Global Id | Driver Type/Pin | Driver Region (D) | Clock                                                                                               | Period (ns) | Waveform (ns)  | Root (R) | Slice Loads | IO Loads | Clocking Loads | GT Loads | Net                                    |
+-----------+-----------------+-------------------+-----------------------------------------------------------------------------------------------------+-------------+----------------+----------+-------------+----------+----------------+----------+----------------------------------------+
| g9        | BUFGCE/O        | X1Y2              | dbg_hub/inst/BSCANID.u_xsdbm_id/SWITCH_N_EXT_BSCAN.bscan_inst/SERIES7_BSCAN.bscan_inst/INTERNAL_TCK |      50.000 | {0.000 25.000} | X1Y2     |         477 |        0 |              0 |        0 | dbg_hub/inst/BSCANID.u_xsdbm_id/itck_i |
+-----------+-----------------+-------------------+-----------------------------------------------------------------------------------------------------+-------------+----------------+----------+-------------+----------+----------------+----------+----------------------------------------+
* Slice Loads column represents load cell count of all cell types other than IO, GT and clock resources
** IO Loads column represents load cell count of IO types
*** Clocking Loads column represents load cell count that are clock resources (global clock buffer, MMCM, PLL, etc)
**** GT Loads column represents load cell count of GT types


+----+----+-----------+------+-----------------------+
|    | X0 | X1        | X2   | HORIZONTAL PROG DELAY |
+----+----+-----------+------+-----------------------+
| Y3 |  0 |         0 |   74 |                     0 |
| Y2 |  0 | (R) (D) 0 |   95 |                     0 |
| Y1 |  0 |       122 |  186 |                     0 |
| Y0 |  0 |         0 |    0 |                     - |
+----+----+-----------+------+-----------------------+


19. Device Cell Placement Summary for Global Clock g10
------------------------------------------------------

+-----------+-----------------+-------------------+----------------+-------------+---------------+----------+-------------+----------+----------------+----------+----------------------------------------------------------------------+
| Global Id | Driver Type/Pin | Driver Region (D) | Clock          | Period (ns) | Waveform (ns) | Root (R) | Slice Loads | IO Loads | Clocking Loads | GT Loads | Net                                                                  |
+-----------+-----------------+-------------------+----------------+-------------+---------------+----------+-------------+----------+----------------+----------+----------------------------------------------------------------------+
| g10       | BUFG_GT/O       | X2Y1              | txusrclk2_i[0] |       3.821 | {0.000 1.910} | X1Y1     |         407 |        0 |              0 |        1 | u_ibert_gth_core/inst/QUAD[0].u_q/u_common/u_clocking/txusrclk2_o[0] |
+-----------+-----------------+-------------------+----------------+-------------+---------------+----------+-------------+----------+----------------+----------+----------------------------------------------------------------------+
* Slice Loads column represents load cell count of all cell types other than IO, GT and clock resources
** IO Loads column represents load cell count of IO types
*** Clocking Loads column represents load cell count that are clock resources (global clock buffer, MMCM, PLL, etc)
**** GT Loads column represents load cell count of GT types


+----+----+--------+----------+-----------------------+
|    | X0 | X1     | X2       | HORIZONTAL PROG DELAY |
+----+----+--------+----------+-----------------------+
| Y3 |  0 |      0 |        0 |                     - |
| Y2 |  0 |      0 |        0 |                     - |
| Y1 |  0 | (R) 27 |  (D) 216 |                     0 |
| Y0 |  0 |      0 |      165 |                     0 |
+----+----+--------+----------+-----------------------+


20. Device Cell Placement Summary for Global Clock g11
------------------------------------------------------

+-----------+-----------------+-------------------+---------------+-------------+---------------+----------+-------------+----------+----------------+----------+---------------------------------------------------------------------+
| Global Id | Driver Type/Pin | Driver Region (D) | Clock         | Period (ns) | Waveform (ns) | Root (R) | Slice Loads | IO Loads | Clocking Loads | GT Loads | Net                                                                 |
+-----------+-----------------+-------------------+---------------+-------------+---------------+----------+-------------+----------+----------------+----------+---------------------------------------------------------------------+
| g11       | BUFG_GT/O       | X2Y1              | txoutclk_o[0] |       3.821 | {0.000 1.910} | X1Y1     |          46 |        0 |              0 |        1 | u_ibert_gth_core/inst/QUAD[0].u_q/u_common/u_clocking/txusrclk_o[0] |
+-----------+-----------------+-------------------+---------------+-------------+---------------+----------+-------------+----------+----------------+----------+---------------------------------------------------------------------+
* Slice Loads column represents load cell count of all cell types other than IO, GT and clock resources
** IO Loads column represents load cell count of IO types
*** Clocking Loads column represents load cell count that are clock resources (global clock buffer, MMCM, PLL, etc)
**** GT Loads column represents load cell count of GT types


+----+----+--------+--------+-----------------------+
|    | X0 | X1     | X2     | HORIZONTAL PROG DELAY |
+----+----+--------+--------+-----------------------+
| Y3 |  0 |      0 |      0 |                     - |
| Y2 |  0 |      0 |      0 |                     - |
| Y1 |  0 | (R) 46 |  (D) 1 |                     0 |
| Y0 |  0 |      0 |      0 |                     - |
+----+----+--------+--------+-----------------------+


21. Device Cell Placement Summary for Global Clock g12
------------------------------------------------------

+-----------+-----------------+-------------------+-------------------+-------------+---------------+----------+-------------+----------+----------------+----------+----------------------------------------------------------------------+
| Global Id | Driver Type/Pin | Driver Region (D) | Clock             | Period (ns) | Waveform (ns) | Root (R) | Slice Loads | IO Loads | Clocking Loads | GT Loads | Net                                                                  |
+-----------+-----------------+-------------------+-------------------+-------------+---------------+----------+-------------+----------+----------------+----------+----------------------------------------------------------------------+
| g12       | BUFG_GT/O       | X2Y1              | txusrclk2_i__0[1] |       3.821 | {0.000 1.910} | X1Y1     |         407 |        0 |              0 |        1 | u_ibert_gth_core/inst/QUAD[0].u_q/u_common/u_clocking/txusrclk2_o[1] |
+-----------+-----------------+-------------------+-------------------+-------------+---------------+----------+-------------+----------+----------------+----------+----------------------------------------------------------------------+
* Slice Loads column represents load cell count of all cell types other than IO, GT and clock resources
** IO Loads column represents load cell count of IO types
*** Clocking Loads column represents load cell count that are clock resources (global clock buffer, MMCM, PLL, etc)
**** GT Loads column represents load cell count of GT types


+----+----+--------+----------+-----------------------+
|    | X0 | X1     | X2       | HORIZONTAL PROG DELAY |
+----+----+--------+----------+-----------------------+
| Y3 |  0 |      0 |        0 |                     - |
| Y2 |  0 |      0 |        0 |                     - |
| Y1 |  0 | (R) 15 |  (D) 393 |                     0 |
| Y0 |  0 |      0 |        0 |                     - |
+----+----+--------+----------+-----------------------+


22. Device Cell Placement Summary for Global Clock g13
------------------------------------------------------

+-----------+-----------------+-------------------+---------------+-------------+---------------+----------+-------------+----------+----------------+----------+---------------------------------------------------------------------+
| Global Id | Driver Type/Pin | Driver Region (D) | Clock         | Period (ns) | Waveform (ns) | Root (R) | Slice Loads | IO Loads | Clocking Loads | GT Loads | Net                                                                 |
+-----------+-----------------+-------------------+---------------+-------------+---------------+----------+-------------+----------+----------------+----------+---------------------------------------------------------------------+
| g13       | BUFG_GT/O       | X2Y1              | txoutclk_o[1] |       3.821 | {0.000 1.910} | X1Y1     |          46 |        0 |              0 |        1 | u_ibert_gth_core/inst/QUAD[0].u_q/u_common/u_clocking/txusrclk_o[1] |
+-----------+-----------------+-------------------+---------------+-------------+---------------+----------+-------------+----------+----------------+----------+---------------------------------------------------------------------+
* Slice Loads column represents load cell count of all cell types other than IO, GT and clock resources
** IO Loads column represents load cell count of IO types
*** Clocking Loads column represents load cell count that are clock resources (global clock buffer, MMCM, PLL, etc)
**** GT Loads column represents load cell count of GT types


+----+----+--------+--------+-----------------------+
|    | X0 | X1     | X2     | HORIZONTAL PROG DELAY |
+----+----+--------+--------+-----------------------+
| Y3 |  0 |      0 |      0 |                     - |
| Y2 |  0 |      0 |      0 |                     - |
| Y1 |  0 | (R) 46 |  (D) 1 |                     0 |
| Y0 |  0 |      0 |      0 |                     - |
+----+----+--------+--------+-----------------------+


23. Device Cell Placement Summary for Global Clock g14
------------------------------------------------------

+-----------+-----------------+-------------------+----------------+-------------+---------------+----------+-------------+----------+----------------+----------+----------------------------------------------------------------------+
| Global Id | Driver Type/Pin | Driver Region (D) | Clock          | Period (ns) | Waveform (ns) | Root (R) | Slice Loads | IO Loads | Clocking Loads | GT Loads | Net                                                                  |
+-----------+-----------------+-------------------+----------------+-------------+---------------+----------+-------------+----------+----------------+----------+----------------------------------------------------------------------+
| g14       | BUFG_GT/O       | X2Y1              | txusrclk2_i[2] |       3.821 | {0.000 1.910} | X1Y1     |         407 |        0 |              0 |        1 | u_ibert_gth_core/inst/QUAD[0].u_q/u_common/u_clocking/txusrclk2_o[2] |
+-----------+-----------------+-------------------+----------------+-------------+---------------+----------+-------------+----------+----------------+----------+----------------------------------------------------------------------+
* Slice Loads column represents load cell count of all cell types other than IO, GT and clock resources
** IO Loads column represents load cell count of IO types
*** Clocking Loads column represents load cell count that are clock resources (global clock buffer, MMCM, PLL, etc)
**** GT Loads column represents load cell count of GT types


+----+----+-------+----------+-----------------------+
|    | X0 | X1    | X2       | HORIZONTAL PROG DELAY |
+----+----+-------+----------+-----------------------+
| Y3 |  0 |     0 |        0 |                     - |
| Y2 |  0 |     0 |        0 |                     - |
| Y1 |  0 | (R) 0 |  (D) 408 |                     0 |
| Y0 |  0 |     0 |        0 |                     - |
+----+----+-------+----------+-----------------------+


24. Device Cell Placement Summary for Global Clock g15
------------------------------------------------------

+-----------+-----------------+-------------------+---------------+-------------+---------------+----------+-------------+----------+----------------+----------+---------------------------------------------------------------------+
| Global Id | Driver Type/Pin | Driver Region (D) | Clock         | Period (ns) | Waveform (ns) | Root (R) | Slice Loads | IO Loads | Clocking Loads | GT Loads | Net                                                                 |
+-----------+-----------------+-------------------+---------------+-------------+---------------+----------+-------------+----------+----------------+----------+---------------------------------------------------------------------+
| g15       | BUFG_GT/O       | X2Y1              | txoutclk_o[2] |       3.821 | {0.000 1.910} | X1Y1     |          46 |        0 |              0 |        1 | u_ibert_gth_core/inst/QUAD[0].u_q/u_common/u_clocking/txusrclk_o[2] |
+-----------+-----------------+-------------------+---------------+-------------+---------------+----------+-------------+----------+----------------+----------+---------------------------------------------------------------------+
* Slice Loads column represents load cell count of all cell types other than IO, GT and clock resources
** IO Loads column represents load cell count of IO types
*** Clocking Loads column represents load cell count that are clock resources (global clock buffer, MMCM, PLL, etc)
**** GT Loads column represents load cell count of GT types


+----+----+--------+--------+-----------------------+
|    | X0 | X1     | X2     | HORIZONTAL PROG DELAY |
+----+----+--------+--------+-----------------------+
| Y3 |  0 |      0 |      0 |                     - |
| Y2 |  0 |      0 |      0 |                     - |
| Y1 |  0 | (R) 46 |  (D) 1 |                     0 |
| Y0 |  0 |      0 |      0 |                     - |
+----+----+--------+--------+-----------------------+


25. Device Cell Placement Summary for Global Clock g16
------------------------------------------------------

+-----------+-----------------+-------------------+----------------+-------------+---------------+----------+-------------+----------+----------------+----------+----------------------------------------------------------------------+
| Global Id | Driver Type/Pin | Driver Region (D) | Clock          | Period (ns) | Waveform (ns) | Root (R) | Slice Loads | IO Loads | Clocking Loads | GT Loads | Net                                                                  |
+-----------+-----------------+-------------------+----------------+-------------+---------------+----------+-------------+----------+----------------+----------+----------------------------------------------------------------------+
| g16       | BUFG_GT/O       | X2Y1              | txusrclk2_i[3] |       3.821 | {0.000 1.910} | X1Y1     |         407 |        0 |              0 |        1 | u_ibert_gth_core/inst/QUAD[0].u_q/u_common/u_clocking/txusrclk2_o[3] |
+-----------+-----------------+-------------------+----------------+-------------+---------------+----------+-------------+----------+----------------+----------+----------------------------------------------------------------------+
* Slice Loads column represents load cell count of all cell types other than IO, GT and clock resources
** IO Loads column represents load cell count of IO types
*** Clocking Loads column represents load cell count that are clock resources (global clock buffer, MMCM, PLL, etc)
**** GT Loads column represents load cell count of GT types


+----+----+--------+----------+-----------------------+
|    | X0 | X1     | X2       | HORIZONTAL PROG DELAY |
+----+----+--------+----------+-----------------------+
| Y3 |  0 |      0 |        0 |                     - |
| Y2 |  0 |      1 |      232 |                     0 |
| Y1 |  0 | (R) 27 |  (D) 148 |                     0 |
| Y0 |  0 |      0 |        0 |                     - |
+----+----+--------+----------+-----------------------+


26. Device Cell Placement Summary for Global Clock g17
------------------------------------------------------

+-----------+-----------------+-------------------+---------------+-------------+---------------+----------+-------------+----------+----------------+----------+---------------------------------------------------------------------+
| Global Id | Driver Type/Pin | Driver Region (D) | Clock         | Period (ns) | Waveform (ns) | Root (R) | Slice Loads | IO Loads | Clocking Loads | GT Loads | Net                                                                 |
+-----------+-----------------+-------------------+---------------+-------------+---------------+----------+-------------+----------+----------------+----------+---------------------------------------------------------------------+
| g17       | BUFG_GT/O       | X2Y1              | txoutclk_o[3] |       3.821 | {0.000 1.910} | X1Y1     |          46 |        0 |              0 |        1 | u_ibert_gth_core/inst/QUAD[0].u_q/u_common/u_clocking/txusrclk_o[3] |
+-----------+-----------------+-------------------+---------------+-------------+---------------+----------+-------------+----------+----------------+----------+---------------------------------------------------------------------+
* Slice Loads column represents load cell count of all cell types other than IO, GT and clock resources
** IO Loads column represents load cell count of IO types
*** Clocking Loads column represents load cell count that are clock resources (global clock buffer, MMCM, PLL, etc)
**** GT Loads column represents load cell count of GT types


+----+----+--------+--------+-----------------------+
|    | X0 | X1     | X2     | HORIZONTAL PROG DELAY |
+----+----+--------+--------+-----------------------+
| Y3 |  0 |      0 |      0 |                     - |
| Y2 |  0 |     29 |      0 |                     0 |
| Y1 |  0 | (R) 17 |  (D) 1 |                     0 |
| Y0 |  0 |      0 |      0 |                     - |
+----+----+--------+--------+-----------------------+


27. Device Cell Placement Summary for Global Clock g18
------------------------------------------------------

+-----------+-----------------+-------------------+-----------------------------------------------------------------------------+-------------+---------------+----------+-------------+----------+----------------+----------+------------------------------------------------------------+
| Global Id | Driver Type/Pin | Driver Region (D) | Clock                                                                       | Period (ns) | Waveform (ns) | Root (R) | Slice Loads | IO Loads | Clocking Loads | GT Loads | Net                                                        |
+-----------+-----------------+-------------------+-----------------------------------------------------------------------------+-------------+---------------+----------+-------------+----------+----------------+----------+------------------------------------------------------------+
| g18       | BUFG_GT/O       | X2Y1              | u_ibert_gth_core/inst/QUAD[0].u_q/CH[0].u_ch/u_gthe4_channel/DMONITOROUTCLK |       4.000 | {0.000 2.000} | X2Y0     |          46 |        0 |              0 |        1 | u_ibert_gth_core/inst/QUAD[0].u_q/CH[0].u_ch/dmonitorclk_o |
+-----------+-----------------+-------------------+-----------------------------------------------------------------------------+-------------+---------------+----------+-------------+----------+----------------+----------+------------------------------------------------------------+
* Slice Loads column represents load cell count of all cell types other than IO, GT and clock resources
** IO Loads column represents load cell count of IO types
*** Clocking Loads column represents load cell count that are clock resources (global clock buffer, MMCM, PLL, etc)
**** GT Loads column represents load cell count of GT types


+----+----+----+--------+-----------------------+
|    | X0 | X1 | X2     | HORIZONTAL PROG DELAY |
+----+----+----+--------+-----------------------+
| Y3 |  0 |  0 |      0 |                     - |
| Y2 |  0 |  0 |      0 |                     - |
| Y1 |  0 |  0 |  (D) 5 |                     0 |
| Y0 |  0 |  0 | (R) 42 |                     0 |
+----+----+----+--------+-----------------------+


28. Device Cell Placement Summary for Global Clock g19
------------------------------------------------------

+-----------+-----------------+-------------------+-----------------------------------------------------------------------------+-------------+---------------+----------+-------------+----------+----------------+----------+------------------------------------------------------------+
| Global Id | Driver Type/Pin | Driver Region (D) | Clock                                                                       | Period (ns) | Waveform (ns) | Root (R) | Slice Loads | IO Loads | Clocking Loads | GT Loads | Net                                                        |
+-----------+-----------------+-------------------+-----------------------------------------------------------------------------+-------------+---------------+----------+-------------+----------+----------------+----------+------------------------------------------------------------+
| g19       | BUFG_GT/O       | X2Y1              | u_ibert_gth_core/inst/QUAD[0].u_q/CH[1].u_ch/u_gthe4_channel/DMONITOROUTCLK |       4.000 | {0.000 2.000} | X2Y1     |          46 |        0 |              0 |        1 | u_ibert_gth_core/inst/QUAD[0].u_q/CH[1].u_ch/dmonitorclk_o |
+-----------+-----------------+-------------------+-----------------------------------------------------------------------------+-------------+---------------+----------+-------------+----------+----------------+----------+------------------------------------------------------------+
* Slice Loads column represents load cell count of all cell types other than IO, GT and clock resources
** IO Loads column represents load cell count of IO types
*** Clocking Loads column represents load cell count that are clock resources (global clock buffer, MMCM, PLL, etc)
**** GT Loads column represents load cell count of GT types


+----+----+----+------------+-----------------------+
|    | X0 | X1 | X2         | HORIZONTAL PROG DELAY |
+----+----+----+------------+-----------------------+
| Y3 |  0 |  0 |          0 |                     - |
| Y2 |  0 |  0 |          0 |                     - |
| Y1 |  0 |  0 | (R) (D) 47 |                     0 |
| Y0 |  0 |  0 |          0 |                     - |
+----+----+----+------------+-----------------------+


29. Device Cell Placement Summary for Global Clock g20
------------------------------------------------------

+-----------+-----------------+-------------------+-----------------------------------------------------------------------------+-------------+---------------+----------+-------------+----------+----------------+----------+------------------------------------------------------------+
| Global Id | Driver Type/Pin | Driver Region (D) | Clock                                                                       | Period (ns) | Waveform (ns) | Root (R) | Slice Loads | IO Loads | Clocking Loads | GT Loads | Net                                                        |
+-----------+-----------------+-------------------+-----------------------------------------------------------------------------+-------------+---------------+----------+-------------+----------+----------------+----------+------------------------------------------------------------+
| g20       | BUFG_GT/O       | X2Y1              | u_ibert_gth_core/inst/QUAD[0].u_q/CH[2].u_ch/u_gthe4_channel/DMONITOROUTCLK |       4.000 | {0.000 2.000} | X2Y1     |          46 |        0 |              0 |        1 | u_ibert_gth_core/inst/QUAD[0].u_q/CH[2].u_ch/dmonitorclk_o |
+-----------+-----------------+-------------------+-----------------------------------------------------------------------------+-------------+---------------+----------+-------------+----------+----------------+----------+------------------------------------------------------------+
* Slice Loads column represents load cell count of all cell types other than IO, GT and clock resources
** IO Loads column represents load cell count of IO types
*** Clocking Loads column represents load cell count that are clock resources (global clock buffer, MMCM, PLL, etc)
**** GT Loads column represents load cell count of GT types


+----+----+----+------------+-----------------------+
|    | X0 | X1 | X2         | HORIZONTAL PROG DELAY |
+----+----+----+------------+-----------------------+
| Y3 |  0 |  0 |          0 |                     - |
| Y2 |  0 |  0 |          0 |                     - |
| Y1 |  0 |  0 | (R) (D) 47 |                     0 |
| Y0 |  0 |  0 |          0 |                     - |
+----+----+----+------------+-----------------------+


30. Device Cell Placement Summary for Global Clock g21
------------------------------------------------------

+-----------+-----------------+-------------------+-----------------------------------------------------------------------------+-------------+---------------+----------+-------------+----------+----------------+----------+------------------------------------------------------------+
| Global Id | Driver Type/Pin | Driver Region (D) | Clock                                                                       | Period (ns) | Waveform (ns) | Root (R) | Slice Loads | IO Loads | Clocking Loads | GT Loads | Net                                                        |
+-----------+-----------------+-------------------+-----------------------------------------------------------------------------+-------------+---------------+----------+-------------+----------+----------------+----------+------------------------------------------------------------+
| g21       | BUFG_GT/O       | X2Y1              | u_ibert_gth_core/inst/QUAD[0].u_q/CH[3].u_ch/u_gthe4_channel/DMONITOROUTCLK |       4.000 | {0.000 2.000} | X2Y1     |          46 |        0 |              0 |        1 | u_ibert_gth_core/inst/QUAD[0].u_q/CH[3].u_ch/dmonitorclk_o |
+-----------+-----------------+-------------------+-----------------------------------------------------------------------------+-------------+---------------+----------+-------------+----------+----------------+----------+------------------------------------------------------------+
* Slice Loads column represents load cell count of all cell types other than IO, GT and clock resources
** IO Loads column represents load cell count of IO types
*** Clocking Loads column represents load cell count that are clock resources (global clock buffer, MMCM, PLL, etc)
**** GT Loads column represents load cell count of GT types


+----+----+----+------------+-----------------------+
|    | X0 | X1 | X2         | HORIZONTAL PROG DELAY |
+----+----+----+------------+-----------------------+
| Y3 |  0 |  0 |          0 |                     - |
| Y2 |  0 |  0 |         33 |                     0 |
| Y1 |  0 |  0 | (R) (D) 14 |                     0 |
| Y0 |  0 |  0 |          0 |                     - |
+----+----+----+------------+-----------------------+


31. Device Cell Placement Summary for Global Clock g22
------------------------------------------------------

+-----------+-----------------+-------------------+---------------+-------------+---------------+----------+-------------+----------+----------------+----------+--------------+
| Global Id | Driver Type/Pin | Driver Region (D) | Clock         | Period (ns) | Waveform (ns) | Root (R) | Slice Loads | IO Loads | Clocking Loads | GT Loads | Net          |
+-----------+-----------------+-------------------+---------------+-------------+---------------+----------+-------------+----------+----------------+----------+--------------+
| g22       | BUFG_GT/O       | X2Y1              | gth_refclk0_1 |       6.400 | {0.000 3.200} | X1Y1     |           0 |        0 |              1 |        0 | gth_sysclk_i |
+-----------+-----------------+-------------------+---------------+-------------+---------------+----------+-------------+----------+----------------+----------+--------------+
* Slice Loads column represents load cell count of all cell types other than IO, GT and clock resources
** IO Loads column represents load cell count of IO types
*** Clocking Loads column represents load cell count that are clock resources (global clock buffer, MMCM, PLL, etc)
**** GT Loads column represents load cell count of GT types


+----+----+-------+--------+-----------------------+
|    | X0 | X1    | X2     | HORIZONTAL PROG DELAY |
+----+----+-------+--------+-----------------------+
| Y3 |  0 |     0 |      0 |                     - |
| Y2 |  0 |     0 |      0 |                     - |
| Y1 |  0 | (R) 1 |  (D) 0 |                     0 |
| Y0 |  0 |     0 |      0 |                     - |
+----+----+-------+--------+-----------------------+


32. Clock Region Cell Placement per Global Clock: Region X1Y0
-------------------------------------------------------------

+-----------+-------+-----------------+------------+-------------+-----------------+-----+-------------+------+------+-----+----+------+-----+---------+----------------------------------------------------------------------+
| Global Id | Track | Driver Type/Pin | Constraint | Clock Loads | Non-Clock Loads | FF  | Memory LUTs | RAMB | URAM | DSP | GT | MMCM | PLL | Hard IP | Net                                                                  |
+-----------+-------+-----------------+------------+-------------+-----------------+-----+-------------+------+------+-----+----+------+-----+---------+----------------------------------------------------------------------+
| g0        | 12    | BUFGCE/O        | None       |         148 |               0 | 148 |           0 |    0 |    0 |   0 |  0 |    0 |   0 |       0 | dbg_hub/inst/BSCANID.u_xsdbm_id/sl_iport0_o[1]                       |
| g1        | 22    | BUFG_GT/O       | PBlock     |          57 |               0 |  57 |           0 |    0 |    0 |   0 |  0 |    0 |   0 |       0 | u_ibert_gth_core/inst/QUAD[0].u_q/u_common/u_clocking/rxusrclk2_o[0] |
| g10+      | 20    | BUFG_GT/O       | PBlock     |           0 |               0 |   0 |           0 |    0 |    0 |   0 |  0 |    0 |   0 |       0 | u_ibert_gth_core/inst/QUAD[0].u_q/u_common/u_clocking/txusrclk2_o[0] |
+-----------+-------+-----------------+------------+-------------+-----------------+-----+-------------+------+------+-----+----+------+-----+---------+----------------------------------------------------------------------+
* Clock Loads column represents cell count of net connects that connect to a clock pin. Internal cell leaf pins are not considered
** Non-Clock Loads column represents cell count of non-clock pin loads
*** Columns FF, LUTRAM, RAMB through 'Hard IP' represents load cell counts
**** In Global Id column, sympbol '+' indicates that global clock was used only to route through the clock region.


33. Clock Region Cell Placement per Global Clock: Region X2Y0
-------------------------------------------------------------

+-----------+-------+-----------------+------------+-------------+-----------------+-----+-------------+------+------+-----+----+------+-----+---------+----------------------------------------------------------------------+
| Global Id | Track | Driver Type/Pin | Constraint | Clock Loads | Non-Clock Loads | FF  | Memory LUTs | RAMB | URAM | DSP | GT | MMCM | PLL | Hard IP | Net                                                                  |
+-----------+-------+-----------------+------------+-------------+-----------------+-----+-------------+------+------+-----+----+------+-----+---------+----------------------------------------------------------------------+
| g0        | 12    | BUFGCE/O        | None       |          79 |               0 |  79 |           0 |    0 |    0 |   0 |  0 |    0 |   0 |       0 | dbg_hub/inst/BSCANID.u_xsdbm_id/sl_iport0_o[1]                       |
| g1        | 22    | BUFG_GT/O       | PBlock     |           8 |               0 |   8 |           0 |    0 |    0 |   0 |  0 |    0 |   0 |       0 | u_ibert_gth_core/inst/QUAD[0].u_q/u_common/u_clocking/rxusrclk2_o[0] |
| g10       | 20    | BUFG_GT/O       | PBlock     |         165 |               0 | 165 |           0 |    0 |    0 |   0 |  0 |    0 |   0 |       0 | u_ibert_gth_core/inst/QUAD[0].u_q/u_common/u_clocking/txusrclk2_o[0] |
| g18       | 1     | BUFG_GT/O       | PBlock     |          42 |               0 |  42 |           0 |    0 |    0 |   0 |  0 |    0 |   0 |       0 | u_ibert_gth_core/inst/QUAD[0].u_q/CH[0].u_ch/dmonitorclk_o           |
+-----------+-------+-----------------+------------+-------------+-----------------+-----+-------------+------+------+-----+----+------+-----+---------+----------------------------------------------------------------------+
* Clock Loads column represents cell count of net connects that connect to a clock pin. Internal cell leaf pins are not considered
** Non-Clock Loads column represents cell count of non-clock pin loads
*** Columns FF, LUTRAM, RAMB through 'Hard IP' represents load cell counts


34. Clock Region Cell Placement per Global Clock: Region X1Y1
-------------------------------------------------------------

+-----------+-------+-----------------+------------+-------------+-----------------+------+-------------+------+------+-----+----+------+-----+---------+----------------------------------------------------------------------+
| Global Id | Track | Driver Type/Pin | Constraint | Clock Loads | Non-Clock Loads | FF   | Memory LUTs | RAMB | URAM | DSP | GT | MMCM | PLL | Hard IP | Net                                                                  |
+-----------+-------+-----------------+------------+-------------+-----------------+------+-------------+------+------+-----+----+------+-----+---------+----------------------------------------------------------------------+
| g0        | 12    | BUFGCE/O        | None       |        6033 |               0 | 5909 |         113 |   11 |    0 |   0 |  0 |    0 |   0 |       0 | dbg_hub/inst/BSCANID.u_xsdbm_id/sl_iport0_o[1]                       |
| g1        | 22    | BUFG_GT/O       | PBlock     |         557 |               0 |  515 |          40 |    0 |    0 |   2 |  0 |    0 |   0 |       0 | u_ibert_gth_core/inst/QUAD[0].u_q/u_common/u_clocking/rxusrclk2_o[0] |
| g3        | 4     | BUFG_GT/O       | PBlock     |          25 |               0 |   23 |           0 |    0 |    0 |   2 |  0 |    0 |   0 |       0 | u_ibert_gth_core/inst/QUAD[0].u_q/u_common/u_clocking/rxusrclk2_o[1] |
| g5        | 8     | BUFG_GT/O       | PBlock     |          24 |               0 |   22 |           0 |    0 |    0 |   2 |  0 |    0 |   0 |       0 | u_ibert_gth_core/inst/QUAD[0].u_q/u_common/u_clocking/rxusrclk2_o[2] |
| g7        | 13    | BUFG_GT/O       | PBlock     |         141 |               0 |  139 |           0 |    0 |    0 |   2 |  0 |    0 |   0 |       0 | u_ibert_gth_core/inst/QUAD[0].u_q/u_common/u_clocking/rxusrclk2_o[3] |
| g9        | 5     | BUFGCE/O        | None       |         122 |               0 |  122 |           0 |    0 |    0 |   0 |  0 |    0 |   0 |       0 | dbg_hub/inst/BSCANID.u_xsdbm_id/itck_i                               |
| g10       | 20    | BUFG_GT/O       | PBlock     |          27 |               0 |   27 |           0 |    0 |    0 |   0 |  0 |    0 |   0 |       0 | u_ibert_gth_core/inst/QUAD[0].u_q/u_common/u_clocking/txusrclk2_o[0] |
| g12       | 15    | BUFG_GT/O       | PBlock     |          15 |               0 |   15 |           0 |    0 |    0 |   0 |  0 |    0 |   0 |       0 | u_ibert_gth_core/inst/QUAD[0].u_q/u_common/u_clocking/txusrclk2_o[1] |
| g14+      | 10    | BUFG_GT/O       | PBlock     |           0 |               0 |    0 |           0 |    0 |    0 |   0 |  0 |    0 |   0 |       0 | u_ibert_gth_core/inst/QUAD[0].u_q/u_common/u_clocking/txusrclk2_o[2] |
| g16       | 11    | BUFG_GT/O       | PBlock     |          27 |               0 |   27 |           0 |    0 |    0 |   0 |  0 |    0 |   0 |       0 | u_ibert_gth_core/inst/QUAD[0].u_q/u_common/u_clocking/txusrclk2_o[3] |
| g11       | 18    | BUFG_GT/O       | PBlock     |          46 |               0 |   46 |           0 |    0 |    0 |   0 |  0 |    0 |   0 |       0 | u_ibert_gth_core/inst/QUAD[0].u_q/u_common/u_clocking/txusrclk_o[0]  |
| g13       | 16    | BUFG_GT/O       | PBlock     |          46 |               0 |   46 |           0 |    0 |    0 |   0 |  0 |    0 |   0 |       0 | u_ibert_gth_core/inst/QUAD[0].u_q/u_common/u_clocking/txusrclk_o[1]  |
| g15       | 6     | BUFG_GT/O       | PBlock     |          46 |               0 |   46 |           0 |    0 |    0 |   0 |  0 |    0 |   0 |       0 | u_ibert_gth_core/inst/QUAD[0].u_q/u_common/u_clocking/txusrclk_o[2]  |
| g17       | 0     | BUFG_GT/O       | PBlock     |          17 |               0 |   17 |           0 |    0 |    0 |   0 |  0 |    0 |   0 |       0 | u_ibert_gth_core/inst/QUAD[0].u_q/u_common/u_clocking/txusrclk_o[3]  |
| g2        | 21    | BUFG_GT/O       | PBlock     |          22 |               0 |   22 |           0 |    0 |    0 |   0 |  0 |    0 |   0 |       0 | u_ibert_gth_core/inst/QUAD[0].u_q/u_common/u_clocking/rxusrclk_o[0]  |
| g4        | 7     | BUFG_GT/O       | PBlock     |          22 |               0 |   22 |           0 |    0 |    0 |   0 |  0 |    0 |   0 |       0 | u_ibert_gth_core/inst/QUAD[0].u_q/u_common/u_clocking/rxusrclk_o[1]  |
| g6        | 2     | BUFG_GT/O       | PBlock     |          20 |               0 |   20 |           0 |    0 |    0 |   0 |  0 |    0 |   0 |       0 | u_ibert_gth_core/inst/QUAD[0].u_q/u_common/u_clocking/rxusrclk_o[2]  |
| g8        | 19    | BUFG_GT/O       | PBlock     |          20 |               0 |   20 |           0 |    0 |    0 |   0 |  0 |    0 |   0 |       0 | u_ibert_gth_core/inst/QUAD[0].u_q/u_common/u_clocking/rxusrclk_o[3]  |
| g22       | 14    | BUFG_GT/O       | None       |           0 |               1 |    0 |           0 |    0 |    0 |   0 |  0 |    1 |   0 |       0 | gth_sysclk_i                                                         |
+-----------+-------+-----------------+------------+-------------+-----------------+------+-------------+------+------+-----+----+------+-----+---------+----------------------------------------------------------------------+
* Clock Loads column represents cell count of net connects that connect to a clock pin. Internal cell leaf pins are not considered
** Non-Clock Loads column represents cell count of non-clock pin loads
*** Columns FF, LUTRAM, RAMB through 'Hard IP' represents load cell counts
**** In Global Id column, sympbol '+' indicates that global clock was used only to route through the clock region.


35. Clock Region Cell Placement per Global Clock: Region X2Y1
-------------------------------------------------------------

+-----------+-------+-----------------+------------+-------------+-----------------+------+-------------+------+------+-----+----+------+-----+---------+----------------------------------------------------------------------+
| Global Id | Track | Driver Type/Pin | Constraint | Clock Loads | Non-Clock Loads | FF   | Memory LUTs | RAMB | URAM | DSP | GT | MMCM | PLL | Hard IP | Net                                                                  |
+-----------+-------+-----------------+------------+-------------+-----------------+------+-------------+------+------+-----+----+------+-----+---------+----------------------------------------------------------------------+
| g0        | 12    | BUFGCE/O        | None       |        6408 |               0 | 6395 |           0 |    8 |    0 |   0 |  4 |    0 |   0 |       0 | dbg_hub/inst/BSCANID.u_xsdbm_id/sl_iport0_o[1]                       |
| g1        | 22    | BUFG_GT/O       | PBlock     |         126 |               0 |  125 |           0 |    0 |    0 |   0 |  1 |    0 |   0 |       0 | u_ibert_gth_core/inst/QUAD[0].u_q/u_common/u_clocking/rxusrclk2_o[0] |
| g3        | 4     | BUFG_GT/O       | PBlock     |         723 |               0 |  682 |          40 |    0 |    0 |   0 |  1 |    0 |   0 |       0 | u_ibert_gth_core/inst/QUAD[0].u_q/u_common/u_clocking/rxusrclk2_o[1] |
| g5        | 8     | BUFG_GT/O       | PBlock     |         724 |               0 |  683 |          40 |    0 |    0 |   0 |  1 |    0 |   0 |       0 | u_ibert_gth_core/inst/QUAD[0].u_q/u_common/u_clocking/rxusrclk2_o[2] |
| g7        | 13    | BUFG_GT/O       | PBlock     |         348 |               0 |  307 |          40 |    0 |    0 |   0 |  1 |    0 |   0 |       0 | u_ibert_gth_core/inst/QUAD[0].u_q/u_common/u_clocking/rxusrclk2_o[3] |
| g9        | 5     | BUFGCE/O        | None       |         186 |               0 |  183 |           3 |    0 |    0 |   0 |  0 |    0 |   0 |       0 | dbg_hub/inst/BSCANID.u_xsdbm_id/itck_i                               |
| g10       | 20    | BUFG_GT/O       | PBlock     |         216 |               0 |  215 |           0 |    0 |    0 |   0 |  1 |    0 |   0 |       0 | u_ibert_gth_core/inst/QUAD[0].u_q/u_common/u_clocking/txusrclk2_o[0] |
| g12       | 15    | BUFG_GT/O       | PBlock     |         393 |               0 |  392 |           0 |    0 |    0 |   0 |  1 |    0 |   0 |       0 | u_ibert_gth_core/inst/QUAD[0].u_q/u_common/u_clocking/txusrclk2_o[1] |
| g14       | 10    | BUFG_GT/O       | PBlock     |         408 |               0 |  407 |           0 |    0 |    0 |   0 |  1 |    0 |   0 |       0 | u_ibert_gth_core/inst/QUAD[0].u_q/u_common/u_clocking/txusrclk2_o[2] |
| g16       | 11    | BUFG_GT/O       | PBlock     |         148 |               0 |  147 |           0 |    0 |    0 |   0 |  1 |    0 |   0 |       0 | u_ibert_gth_core/inst/QUAD[0].u_q/u_common/u_clocking/txusrclk2_o[3] |
| g18       | 1     | BUFG_GT/O       | PBlock     |           5 |               0 |    1 |           3 |    0 |    0 |   0 |  1 |    0 |   0 |       0 | u_ibert_gth_core/inst/QUAD[0].u_q/CH[0].u_ch/dmonitorclk_o           |
| g19       | 3     | BUFG_GT/O       | PBlock     |          47 |               0 |   43 |           3 |    0 |    0 |   0 |  1 |    0 |   0 |       0 | u_ibert_gth_core/inst/QUAD[0].u_q/CH[1].u_ch/dmonitorclk_o           |
| g20       | 9     | BUFG_GT/O       | PBlock     |          47 |               0 |   43 |           3 |    0 |    0 |   0 |  1 |    0 |   0 |       0 | u_ibert_gth_core/inst/QUAD[0].u_q/CH[2].u_ch/dmonitorclk_o           |
| g21       | 23    | BUFG_GT/O       | PBlock     |          14 |               0 |   11 |           2 |    0 |    0 |   0 |  1 |    0 |   0 |       0 | u_ibert_gth_core/inst/QUAD[0].u_q/CH[3].u_ch/dmonitorclk_o           |
| g11       | 18    | BUFG_GT/O       | PBlock     |           1 |               0 |    0 |           0 |    0 |    0 |   0 |  1 |    0 |   0 |       0 | u_ibert_gth_core/inst/QUAD[0].u_q/u_common/u_clocking/txusrclk_o[0]  |
| g13       | 16    | BUFG_GT/O       | PBlock     |           1 |               0 |    0 |           0 |    0 |    0 |   0 |  1 |    0 |   0 |       0 | u_ibert_gth_core/inst/QUAD[0].u_q/u_common/u_clocking/txusrclk_o[1]  |
| g15       | 6     | BUFG_GT/O       | PBlock     |           1 |               0 |    0 |           0 |    0 |    0 |   0 |  1 |    0 |   0 |       0 | u_ibert_gth_core/inst/QUAD[0].u_q/u_common/u_clocking/txusrclk_o[2]  |
| g17       | 0     | BUFG_GT/O       | PBlock     |           1 |               0 |    0 |           0 |    0 |    0 |   0 |  1 |    0 |   0 |       0 | u_ibert_gth_core/inst/QUAD[0].u_q/u_common/u_clocking/txusrclk_o[3]  |
| g2        | 21    | BUFG_GT/O       | PBlock     |           1 |               0 |    0 |           0 |    0 |    0 |   0 |  1 |    0 |   0 |       0 | u_ibert_gth_core/inst/QUAD[0].u_q/u_common/u_clocking/rxusrclk_o[0]  |
| g4        | 7     | BUFG_GT/O       | PBlock     |           1 |               0 |    0 |           0 |    0 |    0 |   0 |  1 |    0 |   0 |       0 | u_ibert_gth_core/inst/QUAD[0].u_q/u_common/u_clocking/rxusrclk_o[1]  |
| g6        | 2     | BUFG_GT/O       | PBlock     |           3 |               0 |    2 |           0 |    0 |    0 |   0 |  1 |    0 |   0 |       0 | u_ibert_gth_core/inst/QUAD[0].u_q/u_common/u_clocking/rxusrclk_o[2]  |
| g8        | 19    | BUFG_GT/O       | PBlock     |           1 |               0 |    0 |           0 |    0 |    0 |   0 |  1 |    0 |   0 |       0 | u_ibert_gth_core/inst/QUAD[0].u_q/u_common/u_clocking/rxusrclk_o[3]  |
| g22+      | 14    | BUFG_GT/O       | None       |           0 |               0 |    0 |           0 |    0 |    0 |   0 |  0 |    0 |   0 |       0 | gth_sysclk_i                                                         |
+-----------+-------+-----------------+------------+-------------+-----------------+------+-------------+------+------+-----+----+------+-----+---------+----------------------------------------------------------------------+
* Clock Loads column represents cell count of net connects that connect to a clock pin. Internal cell leaf pins are not considered
** Non-Clock Loads column represents cell count of non-clock pin loads
*** Columns FF, LUTRAM, RAMB through 'Hard IP' represents load cell counts
**** In Global Id column, sympbol '+' indicates that global clock was used only to route through the clock region.


36. Clock Region Cell Placement per Global Clock: Region X1Y2
-------------------------------------------------------------

+-----------+-------+-----------------+------------+-------------+-----------------+-----+-------------+------+------+-----+----+------+-----+---------+----------------------------------------------------------------------+
| Global Id | Track | Driver Type/Pin | Constraint | Clock Loads | Non-Clock Loads | FF  | Memory LUTs | RAMB | URAM | DSP | GT | MMCM | PLL | Hard IP | Net                                                                  |
+-----------+-------+-----------------+------------+-------------+-----------------+-----+-------------+------+------+-----+----+------+-----+---------+----------------------------------------------------------------------+
| g0        | 12    | BUFGCE/O        | None       |         127 |               0 | 126 |           0 |    1 |    0 |   0 |  0 |    0 |   0 |       0 | dbg_hub/inst/BSCANID.u_xsdbm_id/sl_iport0_o[1]                       |
| g7        | 13    | BUFG_GT/O       | PBlock     |         199 |               0 | 199 |           0 |    0 |    0 |   0 |  0 |    0 |   0 |       0 | u_ibert_gth_core/inst/QUAD[0].u_q/u_common/u_clocking/rxusrclk2_o[3] |
| g9+       | 5     | BUFGCE/O        | None       |           0 |               0 |   0 |           0 |    0 |    0 |   0 |  0 |    0 |   0 |       0 | dbg_hub/inst/BSCANID.u_xsdbm_id/itck_i                               |
| g16       | 11    | BUFG_GT/O       | PBlock     |           1 |               0 |   1 |           0 |    0 |    0 |   0 |  0 |    0 |   0 |       0 | u_ibert_gth_core/inst/QUAD[0].u_q/u_common/u_clocking/txusrclk2_o[3] |
| g17       | 0     | BUFG_GT/O       | PBlock     |          29 |               0 |  29 |           0 |    0 |    0 |   0 |  0 |    0 |   0 |       0 | u_ibert_gth_core/inst/QUAD[0].u_q/u_common/u_clocking/txusrclk_o[3]  |
| g8        | 19    | BUFG_GT/O       | PBlock     |           2 |               0 |   2 |           0 |    0 |    0 |   0 |  0 |    0 |   0 |       0 | u_ibert_gth_core/inst/QUAD[0].u_q/u_common/u_clocking/rxusrclk_o[3]  |
+-----------+-------+-----------------+------------+-------------+-----------------+-----+-------------+------+------+-----+----+------+-----+---------+----------------------------------------------------------------------+
* Clock Loads column represents cell count of net connects that connect to a clock pin. Internal cell leaf pins are not considered
** Non-Clock Loads column represents cell count of non-clock pin loads
*** Columns FF, LUTRAM, RAMB through 'Hard IP' represents load cell counts
**** In Global Id column, sympbol '+' indicates that global clock was used only to route through the clock region.


37. Clock Region Cell Placement per Global Clock: Region X2Y2
-------------------------------------------------------------

+-----------+-------+-----------------+------------+-------------+-----------------+-----+-------------+------+------+-----+----+------+-----+---------+----------------------------------------------------------------------+
| Global Id | Track | Driver Type/Pin | Constraint | Clock Loads | Non-Clock Loads | FF  | Memory LUTs | RAMB | URAM | DSP | GT | MMCM | PLL | Hard IP | Net                                                                  |
+-----------+-------+-----------------+------------+-------------+-----------------+-----+-------------+------+------+-----+----+------+-----+---------+----------------------------------------------------------------------+
| g0        | 12    | BUFGCE/O        | None       |           4 |               0 |   4 |           0 |    0 |    0 |   0 |  0 |    0 |   0 |       0 | dbg_hub/inst/BSCANID.u_xsdbm_id/sl_iport0_o[1]                       |
| g7        | 13    | BUFG_GT/O       | PBlock     |          60 |               0 |  60 |           0 |    0 |    0 |   0 |  0 |    0 |   0 |       0 | u_ibert_gth_core/inst/QUAD[0].u_q/u_common/u_clocking/rxusrclk2_o[3] |
| g9        | 5     | BUFGCE/O        | None       |          95 |               0 |  95 |           0 |    0 |    0 |   0 |  0 |    0 |   0 |       0 | dbg_hub/inst/BSCANID.u_xsdbm_id/itck_i                               |
| g16       | 11    | BUFG_GT/O       | PBlock     |         232 |               0 | 232 |           0 |    0 |    0 |   0 |  0 |    0 |   0 |       0 | u_ibert_gth_core/inst/QUAD[0].u_q/u_common/u_clocking/txusrclk2_o[3] |
| g21       | 23    | BUFG_GT/O       | PBlock     |          33 |               0 |  32 |           1 |    0 |    0 |   0 |  0 |    0 |   0 |       0 | u_ibert_gth_core/inst/QUAD[0].u_q/CH[3].u_ch/dmonitorclk_o           |
+-----------+-------+-----------------+------------+-------------+-----------------+-----+-------------+------+------+-----+----+------+-----+---------+----------------------------------------------------------------------+
* Clock Loads column represents cell count of net connects that connect to a clock pin. Internal cell leaf pins are not considered
** Non-Clock Loads column represents cell count of non-clock pin loads
*** Columns FF, LUTRAM, RAMB through 'Hard IP' represents load cell counts


38. Clock Region Cell Placement per Global Clock: Region X1Y3
-------------------------------------------------------------

+-----------+-------+-----------------+------------+-------------+-----------------+----+-------------+------+------+-----+----+------+-----+---------+----------------------------------------+
| Global Id | Track | Driver Type/Pin | Constraint | Clock Loads | Non-Clock Loads | FF | Memory LUTs | RAMB | URAM | DSP | GT | MMCM | PLL | Hard IP | Net                                    |
+-----------+-------+-----------------+------------+-------------+-----------------+----+-------------+------+------+-----+----+------+-----+---------+----------------------------------------+
| g9+       | 5     | BUFGCE/O        | None       |           0 |               0 |  0 |           0 |    0 |    0 |   0 |  0 |    0 |   0 |       0 | dbg_hub/inst/BSCANID.u_xsdbm_id/itck_i |
+-----------+-------+-----------------+------------+-------------+-----------------+----+-------------+------+------+-----+----+------+-----+---------+----------------------------------------+
* Clock Loads column represents cell count of net connects that connect to a clock pin. Internal cell leaf pins are not considered
** Non-Clock Loads column represents cell count of non-clock pin loads
*** Columns FF, LUTRAM, RAMB through 'Hard IP' represents load cell counts
**** In Global Id column, sympbol '+' indicates that global clock was used only to route through the clock region.


39. Clock Region Cell Placement per Global Clock: Region X2Y3
-------------------------------------------------------------

+-----------+-------+-----------------+------------+-------------+-----------------+----+-------------+------+------+-----+----+------+-----+---------+----------------------------------------+
| Global Id | Track | Driver Type/Pin | Constraint | Clock Loads | Non-Clock Loads | FF | Memory LUTs | RAMB | URAM | DSP | GT | MMCM | PLL | Hard IP | Net                                    |
+-----------+-------+-----------------+------------+-------------+-----------------+----+-------------+------+------+-----+----+------+-----+---------+----------------------------------------+
| g9        | 5     | BUFGCE/O        | None       |          74 |               0 | 74 |           0 |    0 |    0 |   0 |  0 |    0 |   0 |       0 | dbg_hub/inst/BSCANID.u_xsdbm_id/itck_i |
+-----------+-------+-----------------+------------+-------------+-----------------+----+-------------+------+------+-----+----+------+-----+---------+----------------------------------------+
* Clock Loads column represents cell count of net connects that connect to a clock pin. Internal cell leaf pins are not considered
** Non-Clock Loads column represents cell count of non-clock pin loads
*** Columns FF, LUTRAM, RAMB through 'Hard IP' represents load cell counts


