
*** Running vivado
    with args -log example_ibert_ultrascale_gth_0.vds -m64 -product Vivado -mode batch -messageDb vivado.pb -notrace -source example_ibert_ultrascale_gth_0.tcl



****** Vivado v2022.2 (64-bit)
  **** SW Build 3671981 on Fri Oct 14 05:00:03 MDT 2022
  **** IP Build 3669848 on Fri Oct 14 08:30:02 MDT 2022
    ** Copyright 1986-2022 Xilinx, Inc. All Rights Reserved.

source example_ibert_ultrascale_gth_0.tcl -notrace
create_project: Time (s): cpu = 00:00:06 ; elapsed = 00:00:06 . Memory (MB): peak = 378.273 ; gain = 64.434
Command: synth_design -top example_ibert_ultrascale_gth_0 -part xck26-sfvc784-2LV-c
Starting synth_design
Attempting to get a license for feature 'Synthesis' and/or device 'xck26'
INFO: [Common 17-349] Got license for feature 'Synthesis' and/or device 'xck26'
INFO: [Device 21-403] Loading part xck26-sfvc784-2LV-c
INFO: [Synth 8-7079] Multithreading enabled for synth_design using a maximum of 2 processes.
INFO: [Synth 8-7078] Launching helper process for spawning children vivado processes
INFO: [Synth 8-7075] Helper process launched with PID 7600
INFO: [Synth 8-11241] undeclared symbol 'REGCCE', assumed default net type 'wire' [D:/Xilinx/Vivado/2022.2/data/verilog/src/unimacro/BRAM_SINGLE_MACRO.v:2170]
WARNING: [Synth 8-10929] literal value 'b11 truncated to fit in 1 bits [d:/FPGA/Vivaldo Project/INTERFACE/SFP GT BERT/01_ibert_loopback/Vivado/ibert_ultrascale_gth_0_ex.gen/sources_1/ip/ibert_ultrascale_gth_0/hdl/ibert_ultrascale_gth_v1_4_syn_rfs.v:2736]
WARNING: [Synth 8-10929] literal value 'b1101 truncated to fit in 3 bits [d:/FPGA/Vivaldo Project/INTERFACE/SFP GT BERT/01_ibert_loopback/Vivado/ibert_ultrascale_gth_0_ex.gen/sources_1/ip/ibert_ultrascale_gth_0/hdl/ibert_ultrascale_gth_v1_4_syn_rfs.v:2752]
WARNING: [Synth 8-10929] literal value 'b1100 truncated to fit in 3 bits [d:/FPGA/Vivaldo Project/INTERFACE/SFP GT BERT/01_ibert_loopback/Vivado/ibert_ultrascale_gth_0_ex.gen/sources_1/ip/ibert_ultrascale_gth_0/hdl/ibert_ultrascale_gth_v1_4_syn_rfs.v:2792]
WARNING: [Synth 8-10929] literal value 'b1000000 truncated to fit in 6 bits [d:/FPGA/Vivaldo Project/INTERFACE/SFP GT BERT/01_ibert_loopback/Vivado/ibert_ultrascale_gth_0_ex.gen/sources_1/ip/ibert_ultrascale_gth_0/hdl/ibert_ultrascale_gth_v1_4_syn_rfs.v:2803]
WARNING: [Synth 8-10929] literal value 'b1101 truncated to fit in 3 bits [d:/FPGA/Vivaldo Project/INTERFACE/SFP GT BERT/01_ibert_loopback/Vivado/ibert_ultrascale_gth_0_ex.gen/sources_1/ip/ibert_ultrascale_gth_0/hdl/ibert_ultrascale_gth_v1_4_syn_rfs.v:13340]
WARNING: [Synth 8-10929] literal value 'b11 truncated to fit in 1 bits [d:/FPGA/Vivaldo Project/INTERFACE/SFP GT BERT/01_ibert_loopback/Vivado/ibert_ultrascale_gth_0_ex.gen/sources_1/ip/ibert_ultrascale_gth_0/hdl/ibert_ultrascale_gth_v1_4_syn_rfs.v:13387]
WARNING: [Synth 8-10929] literal value 'b11 truncated to fit in 1 bits [d:/FPGA/Vivaldo Project/INTERFACE/SFP GT BERT/01_ibert_loopback/Vivado/ibert_ultrascale_gth_0_ex.gen/sources_1/ip/ibert_ultrascale_gth_0/hdl/ibert_ultrascale_gth_v1_4_syn_rfs.v:13414]
WARNING: [Synth 8-10929] literal value 'b10 truncated to fit in 1 bits [d:/FPGA/Vivaldo Project/INTERFACE/SFP GT BERT/01_ibert_loopback/Vivado/ibert_ultrascale_gth_0_ex.gen/sources_1/ip/ibert_ultrascale_gth_0/hdl/ibert_ultrascale_gth_v1_4_syn_rfs.v:13428]
WARNING: [Synth 8-10929] literal value 'b11000 truncated to fit in 4 bits [d:/FPGA/Vivaldo Project/INTERFACE/SFP GT BERT/01_ibert_loopback/Vivado/ibert_ultrascale_gth_0_ex.gen/sources_1/ip/ibert_ultrascale_gth_0/hdl/ibert_ultrascale_gth_v1_4_syn_rfs.v:13441]
WARNING: [Synth 8-10929] literal value 'b11 truncated to fit in 1 bits [d:/FPGA/Vivaldo Project/INTERFACE/SFP GT BERT/01_ibert_loopback/Vivado/ibert_ultrascale_gth_0_ex.gen/sources_1/ip/ibert_ultrascale_gth_0/hdl/ibert_ultrascale_gth_v1_4_syn_rfs.v:13474]
WARNING: [Synth 8-10929] literal value 'b10 truncated to fit in 1 bits [d:/FPGA/Vivaldo Project/INTERFACE/SFP GT BERT/01_ibert_loopback/Vivado/ibert_ultrascale_gth_0_ex.gen/sources_1/ip/ibert_ultrascale_gth_0/hdl/ibert_ultrascale_gth_v1_4_syn_rfs.v:13491]
INFO: [Synth 8-11241] undeclared symbol 'rxckcaldone_gt', assumed default net type 'wire' [d:/FPGA/Vivaldo Project/INTERFACE/SFP GT BERT/01_ibert_loopback/Vivado/ibert_ultrascale_gth_0_ex.gen/sources_1/ip/ibert_ultrascale_gth_0/hdl/ibert_ultrascale_gth_v1_4_syn_rfs.v:15630]
---------------------------------------------------------------------------------
Starting RTL Elaboration : Time (s): cpu = 00:00:15 ; elapsed = 00:00:16 . Memory (MB): peak = 1761.793 ; gain = 332.293
---------------------------------------------------------------------------------
INFO: [Synth 8-6157] synthesizing module 'example_ibert_ultrascale_gth_0' [D:/FPGA/Vivaldo Project/INTERFACE/SFP GT BERT/01_ibert_loopback/Vivado/imports/example_ibert_ultrascale_gth_0.v:21]
INFO: [Synth 8-6157] synthesizing module 'IBUFDS_GTE4' [D:/Xilinx/Vivado/2022.2/scripts/rt/data/unisim_comp.v:71527]
INFO: [Synth 8-6155] done synthesizing module 'IBUFDS_GTE4' (0#1) [D:/Xilinx/Vivado/2022.2/scripts/rt/data/unisim_comp.v:71527]
INFO: [Synth 8-6157] synthesizing module 'BUFG_GT' [D:/Xilinx/Vivado/2022.2/scripts/rt/data/unisim_comp.v:1258]
INFO: [Synth 8-6155] done synthesizing module 'BUFG_GT' (0#1) [D:/Xilinx/Vivado/2022.2/scripts/rt/data/unisim_comp.v:1258]
INFO: [Synth 8-6157] synthesizing module 'ibert_ultrascale_gth_0' [d:/FPGA/Vivaldo Project/INTERFACE/SFP GT BERT/01_ibert_loopback/Vivado/ibert_ultrascale_gth_0_ex.gen/sources_1/ip/ibert_ultrascale_gth_0/synth/ibert_ultrascale_gth_0.v:53]
INFO: [Synth 8-6157] synthesizing module 'gtwizard_ultrascale_v1_7_14_gte4_drp_arb' [d:/FPGA/Vivaldo Project/INTERFACE/SFP GT BERT/01_ibert_loopback/Vivado/ibert_ultrascale_gth_0_ex.gen/sources_1/ip/ibert_ultrascale_gth_0/hdl/gtwizard_ultrascale_v1_7_gte4_drp_arb.v:55]
INFO: [Synth 8-6155] done synthesizing module 'gtwizard_ultrascale_v1_7_14_gte4_drp_arb' (0#1) [d:/FPGA/Vivaldo Project/INTERFACE/SFP GT BERT/01_ibert_loopback/Vivado/ibert_ultrascale_gth_0_ex.gen/sources_1/ip/ibert_ultrascale_gth_0/hdl/gtwizard_ultrascale_v1_7_gte4_drp_arb.v:55]
INFO: [Synth 8-6157] synthesizing module 'gtwizard_ultrascale_v1_7_14_gtwiz_reset' [d:/FPGA/Vivaldo Project/INTERFACE/SFP GT BERT/01_ibert_loopback/Vivado/ibert_ultrascale_gth_0_ex.gen/sources_1/ip/ibert_ultrascale_gth_0/hdl/gtwizard_ultrascale_v1_7_gtwiz_reset.v:55]
INFO: [Synth 8-6157] synthesizing module 'gtwizard_ultrascale_v1_7_14_reset_synchronizer' [d:/FPGA/Vivaldo Project/INTERFACE/SFP GT BERT/01_ibert_loopback/Vivado/ibert_ultrascale_gth_0_ex.gen/sources_1/ip/ibert_ultrascale_gth_0/hdl/gtwizard_ultrascale_v1_7_reset_sync.v:55]
INFO: [Synth 8-6155] done synthesizing module 'gtwizard_ultrascale_v1_7_14_reset_synchronizer' (0#1) [d:/FPGA/Vivaldo Project/INTERFACE/SFP GT BERT/01_ibert_loopback/Vivado/ibert_ultrascale_gth_0_ex.gen/sources_1/ip/ibert_ultrascale_gth_0/hdl/gtwizard_ultrascale_v1_7_reset_sync.v:55]
INFO: [Synth 8-6157] synthesizing module 'gtwizard_ultrascale_v1_7_14_bit_synchronizer' [d:/FPGA/Vivaldo Project/INTERFACE/SFP GT BERT/01_ibert_loopback/Vivado/ibert_ultrascale_gth_0_ex.gen/sources_1/ip/ibert_ultrascale_gth_0/hdl/gtwizard_ultrascale_v1_7_bit_sync.v:55]
INFO: [Synth 8-6155] done synthesizing module 'gtwizard_ultrascale_v1_7_14_bit_synchronizer' (0#1) [d:/FPGA/Vivaldo Project/INTERFACE/SFP GT BERT/01_ibert_loopback/Vivado/ibert_ultrascale_gth_0_ex.gen/sources_1/ip/ibert_ultrascale_gth_0/hdl/gtwizard_ultrascale_v1_7_bit_sync.v:55]
INFO: [Synth 8-155] case statement is not full and has no default [d:/FPGA/Vivaldo Project/INTERFACE/SFP GT BERT/01_ibert_loopback/Vivado/ibert_ultrascale_gth_0_ex.gen/sources_1/ip/ibert_ultrascale_gth_0/hdl/gtwizard_ultrascale_v1_7_gtwiz_reset.v:164]
INFO: [Synth 8-6157] synthesizing module 'gtwizard_ultrascale_v1_7_14_reset_inv_synchronizer' [d:/FPGA/Vivaldo Project/INTERFACE/SFP GT BERT/01_ibert_loopback/Vivado/ibert_ultrascale_gth_0_ex.gen/sources_1/ip/ibert_ultrascale_gth_0/hdl/gtwizard_ultrascale_v1_7_reset_inv_sync.v:55]
INFO: [Synth 8-6155] done synthesizing module 'gtwizard_ultrascale_v1_7_14_reset_inv_synchronizer' (0#1) [d:/FPGA/Vivaldo Project/INTERFACE/SFP GT BERT/01_ibert_loopback/Vivado/ibert_ultrascale_gth_0_ex.gen/sources_1/ip/ibert_ultrascale_gth_0/hdl/gtwizard_ultrascale_v1_7_reset_inv_sync.v:55]
INFO: [Synth 8-6155] done synthesizing module 'gtwizard_ultrascale_v1_7_14_gtwiz_reset' (0#1) [d:/FPGA/Vivaldo Project/INTERFACE/SFP GT BERT/01_ibert_loopback/Vivado/ibert_ultrascale_gth_0_ex.gen/sources_1/ip/ibert_ultrascale_gth_0/hdl/gtwizard_ultrascale_v1_7_gtwiz_reset.v:55]
INFO: [Synth 8-6157] synthesizing module 'FDRE' [D:/Xilinx/Vivado/2022.2/scripts/rt/data/unisim_comp.v:38708]
INFO: [Synth 8-6155] done synthesizing module 'FDRE' (0#1) [D:/Xilinx/Vivado/2022.2/scripts/rt/data/unisim_comp.v:38708]
INFO: [Synth 8-6157] synthesizing module 'FDSE' [D:/Xilinx/Vivado/2022.2/scripts/rt/data/unisim_comp.v:38844]
INFO: [Synth 8-6155] done synthesizing module 'FDSE' (0#1) [D:/Xilinx/Vivado/2022.2/scripts/rt/data/unisim_comp.v:38844]
INFO: [Synth 8-6157] synthesizing module 'GTHE4_CHANNEL' [D:/Xilinx/Vivado/2022.2/scripts/rt/data/unisim_comp.v:43148]
INFO: [Synth 8-6155] done synthesizing module 'GTHE4_CHANNEL' (0#1) [D:/Xilinx/Vivado/2022.2/scripts/rt/data/unisim_comp.v:43148]
INFO: [Synth 8-638] synthesizing module 'lmb_v10' [d:/FPGA/Vivaldo Project/INTERFACE/SFP GT BERT/01_ibert_loopback/Vivado/ibert_ultrascale_gth_0_ex.gen/sources_1/ip/ibert_ultrascale_gth_0/pcores/lmb_v10_v3_0/hdl/vhdl/lmb_v10.vhd:140]
INFO: [Synth 8-3491] module 'FDS' declared at 'D:/Xilinx/Vivado/2022.2/scripts/rt/data/unisim_comp.v:38831' bound to instance 'POR_FF_I' of component 'FDS' [d:/FPGA/Vivaldo Project/INTERFACE/SFP GT BERT/01_ibert_loopback/Vivado/ibert_ultrascale_gth_0_ex.gen/sources_1/ip/ibert_ultrascale_gth_0/pcores/lmb_v10_v3_0/hdl/vhdl/lmb_v10.vhd:169]
INFO: [Synth 8-6157] synthesizing module 'FDS' [D:/Xilinx/Vivado/2022.2/scripts/rt/data/unisim_comp.v:38831]
INFO: [Synth 8-6155] done synthesizing module 'FDS' (0#1) [D:/Xilinx/Vivado/2022.2/scripts/rt/data/unisim_comp.v:38831]
INFO: [Synth 8-256] done synthesizing module 'lmb_v10' (0#1) [d:/FPGA/Vivaldo Project/INTERFACE/SFP GT BERT/01_ibert_loopback/Vivado/ibert_ultrascale_gth_0_ex.gen/sources_1/ip/ibert_ultrascale_gth_0/pcores/lmb_v10_v3_0/hdl/vhdl/lmb_v10.vhd:140]
INFO: [Synth 8-638] synthesizing module 'lmb_v10__parameterized1' [d:/FPGA/Vivaldo Project/INTERFACE/SFP GT BERT/01_ibert_loopback/Vivado/ibert_ultrascale_gth_0_ex.gen/sources_1/ip/ibert_ultrascale_gth_0/pcores/lmb_v10_v3_0/hdl/vhdl/lmb_v10.vhd:140]
INFO: [Synth 8-3491] module 'FDS' declared at 'D:/Xilinx/Vivado/2022.2/scripts/rt/data/unisim_comp.v:38831' bound to instance 'POR_FF_I' of component 'FDS' [d:/FPGA/Vivaldo Project/INTERFACE/SFP GT BERT/01_ibert_loopback/Vivado/ibert_ultrascale_gth_0_ex.gen/sources_1/ip/ibert_ultrascale_gth_0/pcores/lmb_v10_v3_0/hdl/vhdl/lmb_v10.vhd:169]
INFO: [Synth 8-256] done synthesizing module 'lmb_v10__parameterized1' (0#1) [d:/FPGA/Vivaldo Project/INTERFACE/SFP GT BERT/01_ibert_loopback/Vivado/ibert_ultrascale_gth_0_ex.gen/sources_1/ip/ibert_ultrascale_gth_0/pcores/lmb_v10_v3_0/hdl/vhdl/lmb_v10.vhd:140]
INFO: [Synth 8-638] synthesizing module 'lmb_bram_if_cntlr' [d:/FPGA/Vivaldo Project/INTERFACE/SFP GT BERT/01_ibert_loopback/Vivado/ibert_ultrascale_gth_0_ex.gen/sources_1/ip/ibert_ultrascale_gth_0/pcores/lmb_bram_if_cntlr_v4_0/hdl/vhdl/lmb_bram_if_cntlr.vhd:215]
	Parameter C_BASEADDR bound to: 64'b0000000000000000000000000000000000000000000000000000000000000000 
	Parameter C_MASK bound to: 64'b0000000000000000000000000000000010000000000000000000000000000000 
	Parameter C_MASK1 bound to: 64'b0000000000000000000000000000000000000000100000000000000000000000 
	Parameter C_MASK2 bound to: 64'b0000000000000000000000000000000000000000100000000000000000000000 
	Parameter C_MASK3 bound to: 64'b0000000000000000000000000000000000000000100000000000000000000000 
	Parameter C_LMB_AWIDTH bound to: 32 - type: integer 
	Parameter C_LMB_DWIDTH bound to: 32 - type: integer 
	Parameter C_NUM_LMB bound to: 1 - type: integer 
INFO: [Synth 8-3491] module 'lmb_mux' declared at 'd:/FPGA/Vivaldo Project/INTERFACE/SFP GT BERT/01_ibert_loopback/Vivado/ibert_ultrascale_gth_0_ex.gen/sources_1/ip/ibert_ultrascale_gth_0/pcores/lmb_bram_if_cntlr_v4_0/hdl/vhdl/lmb_mux.vhd:88' bound to instance 'lmb_mux_I' of component 'lmb_mux' [d:/FPGA/Vivaldo Project/INTERFACE/SFP GT BERT/01_ibert_loopback/Vivado/ibert_ultrascale_gth_0_ex.gen/sources_1/ip/ibert_ultrascale_gth_0/pcores/lmb_bram_if_cntlr_v4_0/hdl/vhdl/lmb_bram_if_cntlr.vhd:427]
INFO: [Synth 8-638] synthesizing module 'lmb_mux' [d:/FPGA/Vivaldo Project/INTERFACE/SFP GT BERT/01_ibert_loopback/Vivado/ibert_ultrascale_gth_0_ex.gen/sources_1/ip/ibert_ultrascale_gth_0/pcores/lmb_bram_if_cntlr_v4_0/hdl/vhdl/lmb_mux.vhd:170]
	Parameter C_AW bound to: 32 - type: integer 
	Parameter C_BAR bound to: 64'b0000000000000000000000000000000000000000000000000000000000000000 
	Parameter C_MASK bound to: 64'b0000000000000000000000000000000010000000000000000000000000000000 
INFO: [Synth 8-3491] module 'pselect_mask' declared at 'd:/FPGA/Vivaldo Project/INTERFACE/SFP GT BERT/01_ibert_loopback/Vivado/ibert_ultrascale_gth_0_ex.gen/sources_1/ip/ibert_ultrascale_gth_0/pcores/lmb_bram_if_cntlr_v4_0/hdl/vhdl/pselect_mask.vhd:87' bound to instance 'pselect_mask_lmb' of component 'pselect_mask' [d:/FPGA/Vivaldo Project/INTERFACE/SFP GT BERT/01_ibert_loopback/Vivado/ibert_ultrascale_gth_0_ex.gen/sources_1/ip/ibert_ultrascale_gth_0/pcores/lmb_bram_if_cntlr_v4_0/hdl/vhdl/lmb_mux.vhd:222]
INFO: [Synth 8-638] synthesizing module 'lmb_bram_if_cntlr_v4_0_pselect_mask' [d:/FPGA/Vivaldo Project/INTERFACE/SFP GT BERT/01_ibert_loopback/Vivado/ibert_ultrascale_gth_0_ex.gen/sources_1/ip/ibert_ultrascale_gth_0/pcores/lmb_bram_if_cntlr_v4_0/hdl/vhdl/pselect_mask.vhd:102]
INFO: [Synth 8-256] done synthesizing module 'lmb_bram_if_cntlr_v4_0_pselect_mask' (0#1) [d:/FPGA/Vivaldo Project/INTERFACE/SFP GT BERT/01_ibert_loopback/Vivado/ibert_ultrascale_gth_0_ex.gen/sources_1/ip/ibert_ultrascale_gth_0/pcores/lmb_bram_if_cntlr_v4_0/hdl/vhdl/pselect_mask.vhd:102]
INFO: [Synth 8-256] done synthesizing module 'lmb_mux' (0#1) [d:/FPGA/Vivaldo Project/INTERFACE/SFP GT BERT/01_ibert_loopback/Vivado/ibert_ultrascale_gth_0_ex.gen/sources_1/ip/ibert_ultrascale_gth_0/pcores/lmb_bram_if_cntlr_v4_0/hdl/vhdl/lmb_mux.vhd:170]
INFO: [Synth 8-256] done synthesizing module 'lmb_bram_if_cntlr' (0#1) [d:/FPGA/Vivaldo Project/INTERFACE/SFP GT BERT/01_ibert_loopback/Vivado/ibert_ultrascale_gth_0_ex.gen/sources_1/ip/ibert_ultrascale_gth_0/pcores/lmb_bram_if_cntlr_v4_0/hdl/vhdl/lmb_bram_if_cntlr.vhd:215]
INFO: [Synth 8-638] synthesizing module 'lmb_bram_if_cntlr__parameterized1' [d:/FPGA/Vivaldo Project/INTERFACE/SFP GT BERT/01_ibert_loopback/Vivado/ibert_ultrascale_gth_0_ex.gen/sources_1/ip/ibert_ultrascale_gth_0/pcores/lmb_bram_if_cntlr_v4_0/hdl/vhdl/lmb_bram_if_cntlr.vhd:215]
	Parameter C_BASEADDR bound to: 64'b0000000000000000000000000000000000000000000000000000000000000000 
	Parameter C_MASK bound to: 64'b0000000000000000000000000000000010000000000000000000000000000000 
	Parameter C_MASK1 bound to: 64'b0000000000000000000000000000000000000000100000000000000000000000 
	Parameter C_MASK2 bound to: 64'b0000000000000000000000000000000000000000100000000000000000000000 
	Parameter C_MASK3 bound to: 64'b0000000000000000000000000000000000000000100000000000000000000000 
	Parameter C_LMB_AWIDTH bound to: 32 - type: integer 
	Parameter C_LMB_DWIDTH bound to: 32 - type: integer 
	Parameter C_NUM_LMB bound to: 1 - type: integer 
INFO: [Synth 8-3491] module 'lmb_mux' declared at 'd:/FPGA/Vivaldo Project/INTERFACE/SFP GT BERT/01_ibert_loopback/Vivado/ibert_ultrascale_gth_0_ex.gen/sources_1/ip/ibert_ultrascale_gth_0/pcores/lmb_bram_if_cntlr_v4_0/hdl/vhdl/lmb_mux.vhd:88' bound to instance 'lmb_mux_I' of component 'lmb_mux' [d:/FPGA/Vivaldo Project/INTERFACE/SFP GT BERT/01_ibert_loopback/Vivado/ibert_ultrascale_gth_0_ex.gen/sources_1/ip/ibert_ultrascale_gth_0/pcores/lmb_bram_if_cntlr_v4_0/hdl/vhdl/lmb_bram_if_cntlr.vhd:427]
INFO: [Synth 8-256] done synthesizing module 'lmb_bram_if_cntlr__parameterized1' (0#1) [d:/FPGA/Vivaldo Project/INTERFACE/SFP GT BERT/01_ibert_loopback/Vivado/ibert_ultrascale_gth_0_ex.gen/sources_1/ip/ibert_ultrascale_gth_0/pcores/lmb_bram_if_cntlr_v4_0/hdl/vhdl/lmb_bram_if_cntlr.vhd:215]
INFO: [Synth 8-638] synthesizing module 'iomodule' [d:/FPGA/Vivaldo Project/INTERFACE/SFP GT BERT/01_ibert_loopback/Vivado/ibert_ultrascale_gth_0_ex.gen/sources_1/ip/ibert_ultrascale_gth_0/pcores/iomodule_v3_0/hdl/vhdl/iomodule.vhd:286]
	Parameter C_AW bound to: 32 - type: integer 
	Parameter C_BAR bound to: 64'b0000000000000000000000000000000010000000000000000000000000000000 
	Parameter C_MASK bound to: 64'b0000000000000000000000000000000011000000000000000000000000000000 
INFO: [Synth 8-3491] module 'pselect_mask' declared at 'd:/FPGA/Vivaldo Project/INTERFACE/SFP GT BERT/01_ibert_loopback/Vivado/ibert_ultrascale_gth_0_ex.gen/sources_1/ip/ibert_ultrascale_gth_0/pcores/iomodule_v3_0/hdl/vhdl/pselect_mask.vhd:87' bound to instance 'pselect_mask_reg' of component 'pselect_mask' [d:/FPGA/Vivaldo Project/INTERFACE/SFP GT BERT/01_ibert_loopback/Vivado/ibert_ultrascale_gth_0_ex.gen/sources_1/ip/ibert_ultrascale_gth_0/pcores/iomodule_v3_0/hdl/vhdl/iomodule.vhd:597]
INFO: [Synth 8-638] synthesizing module 'iomodule_v3_0_pselect_mask' [d:/FPGA/Vivaldo Project/INTERFACE/SFP GT BERT/01_ibert_loopback/Vivado/ibert_ultrascale_gth_0_ex.gen/sources_1/ip/ibert_ultrascale_gth_0/pcores/iomodule_v3_0/hdl/vhdl/pselect_mask.vhd:102]
INFO: [Synth 8-256] done synthesizing module 'iomodule_v3_0_pselect_mask' (0#1) [d:/FPGA/Vivaldo Project/INTERFACE/SFP GT BERT/01_ibert_loopback/Vivado/ibert_ultrascale_gth_0_ex.gen/sources_1/ip/ibert_ultrascale_gth_0/pcores/iomodule_v3_0/hdl/vhdl/pselect_mask.vhd:102]
	Parameter C_AW bound to: 32 - type: integer 
	Parameter C_BAR bound to: 64'b0000000000000000000000000000000011000000000000000000000000000000 
	Parameter C_MASK bound to: 64'b0000000000000000000000000000000011000000000000000000000000000000 
INFO: [Synth 8-3491] module 'pselect_mask' declared at 'd:/FPGA/Vivaldo Project/INTERFACE/SFP GT BERT/01_ibert_loopback/Vivado/ibert_ultrascale_gth_0_ex.gen/sources_1/ip/ibert_ultrascale_gth_0/pcores/iomodule_v3_0/hdl/vhdl/pselect_mask.vhd:87' bound to instance 'pselect_mask_io' of component 'pselect_mask' [d:/FPGA/Vivaldo Project/INTERFACE/SFP GT BERT/01_ibert_loopback/Vivado/ibert_ultrascale_gth_0_ex.gen/sources_1/ip/ibert_ultrascale_gth_0/pcores/iomodule_v3_0/hdl/vhdl/iomodule.vhd:628]
INFO: [Synth 8-638] synthesizing module 'iomodule_v3_0_pselect_mask__parameterized0' [d:/FPGA/Vivaldo Project/INTERFACE/SFP GT BERT/01_ibert_loopback/Vivado/ibert_ultrascale_gth_0_ex.gen/sources_1/ip/ibert_ultrascale_gth_0/pcores/iomodule_v3_0/hdl/vhdl/pselect_mask.vhd:102]
INFO: [Synth 8-256] done synthesizing module 'iomodule_v3_0_pselect_mask__parameterized0' (0#1) [d:/FPGA/Vivaldo Project/INTERFACE/SFP GT BERT/01_ibert_loopback/Vivado/ibert_ultrascale_gth_0_ex.gen/sources_1/ip/ibert_ultrascale_gth_0/pcores/iomodule_v3_0/hdl/vhdl/pselect_mask.vhd:102]
	Parameter C_FREQ bound to: 100000000 - type: integer 
	Parameter C_USE_CONFIG_RESET bound to: 0 - type: integer 
	Parameter C_AVOID_PRIMITIVES bound to: 0 - type: integer 
	Parameter C_USE_UART_RX bound to: 0 - type: integer 
	Parameter C_USE_UART_TX bound to: 0 - type: integer 
	Parameter C_UART_BAUDRATE bound to: 9600 - type: integer 
	Parameter C_UART_DATA_BITS bound to: 8 - type: integer 
	Parameter C_UART_USE_PARITY bound to: 0 - type: integer 
	Parameter C_UART_ODD_PARITY bound to: 0 - type: integer 
	Parameter C_UART_RX_INTERRUPT bound to: 0 - type: integer 
	Parameter C_UART_TX_INTERRUPT bound to: 0 - type: integer 
	Parameter C_UART_ERROR_INTERRUPT bound to: 0 - type: integer 
	Parameter C_UART_PROG_BAUDRATE bound to: 0 - type: integer 
	Parameter C_USE_FIT1 bound to: 0 - type: integer 
	Parameter C_FIT1_No_CLOCKS bound to: 6216 - type: integer 
	Parameter C_FIT1_INTERRUPT bound to: 0 - type: integer 
	Parameter C_USE_FIT2 bound to: 0 - type: integer 
	Parameter C_FIT2_No_CLOCKS bound to: 6216 - type: integer 
	Parameter C_FIT2_INTERRUPT bound to: 0 - type: integer 
	Parameter C_USE_FIT3 bound to: 0 - type: integer 
	Parameter C_FIT3_No_CLOCKS bound to: 6216 - type: integer 
	Parameter C_FIT3_INTERRUPT bound to: 0 - type: integer 
	Parameter C_USE_FIT4 bound to: 0 - type: integer 
	Parameter C_FIT4_No_CLOCKS bound to: 6216 - type: integer 
	Parameter C_FIT4_INTERRUPT bound to: 0 - type: integer 
	Parameter C_USE_PIT1 bound to: 0 - type: integer 
	Parameter C_PIT1_SIZE bound to: 32 - type: integer 
	Parameter C_PIT1_READABLE bound to: 1 - type: integer 
	Parameter C_PIT1_PRESCALER bound to: 0 - type: integer 
	Parameter C_PIT1_INTERRUPT bound to: 0 - type: integer 
	Parameter C_USE_PIT2 bound to: 0 - type: integer 
	Parameter C_PIT2_SIZE bound to: 32 - type: integer 
	Parameter C_PIT2_READABLE bound to: 1 - type: integer 
	Parameter C_PIT2_PRESCALER bound to: 0 - type: integer 
	Parameter C_PIT2_INTERRUPT bound to: 0 - type: integer 
	Parameter C_USE_PIT3 bound to: 0 - type: integer 
	Parameter C_PIT3_SIZE bound to: 32 - type: integer 
	Parameter C_PIT3_READABLE bound to: 1 - type: integer 
	Parameter C_PIT3_PRESCALER bound to: 0 - type: integer 
	Parameter C_PIT3_INTERRUPT bound to: 0 - type: integer 
	Parameter C_USE_PIT4 bound to: 0 - type: integer 
	Parameter C_PIT4_SIZE bound to: 32 - type: integer 
	Parameter C_PIT4_READABLE bound to: 1 - type: integer 
	Parameter C_PIT4_PRESCALER bound to: 0 - type: integer 
	Parameter C_PIT4_INTERRUPT bound to: 0 - type: integer 
	Parameter C_USE_GPO1 bound to: 0 - type: integer 
	Parameter C_GPO1_SIZE bound to: 32 - type: integer 
	Parameter C_GPO1_INIT bound to: 32'b00000000000000000000000000000000 
	Parameter C_USE_GPO2 bound to: 0 - type: integer 
	Parameter C_GPO2_SIZE bound to: 32 - type: integer 
	Parameter C_GPO2_INIT bound to: 32'b00000000000000000000000000000000 
	Parameter C_USE_GPO3 bound to: 0 - type: integer 
	Parameter C_GPO3_SIZE bound to: 32 - type: integer 
	Parameter C_GPO3_INIT bound to: 32'b00000000000000000000000000000000 
	Parameter C_USE_GPO4 bound to: 0 - type: integer 
	Parameter C_GPO4_SIZE bound to: 32 - type: integer 
	Parameter C_GPO4_INIT bound to: 32'b00000000000000000000000000000000 
	Parameter C_USE_GPI1 bound to: 0 - type: integer 
	Parameter C_GPI1_SIZE bound to: 32 - type: integer 
	Parameter C_GPI1_INTERRUPT bound to: 0 - type: integer 
	Parameter C_USE_GPI2 bound to: 0 - type: integer 
	Parameter C_GPI2_SIZE bound to: 32 - type: integer 
	Parameter C_GPI2_INTERRUPT bound to: 0 - type: integer 
	Parameter C_USE_GPI3 bound to: 0 - type: integer 
	Parameter C_GPI3_SIZE bound to: 32 - type: integer 
	Parameter C_GPI3_INTERRUPT bound to: 0 - type: integer 
	Parameter C_USE_GPI4 bound to: 0 - type: integer 
	Parameter C_GPI4_SIZE bound to: 32 - type: integer 
	Parameter C_GPI4_INTERRUPT bound to: 0 - type: integer 
	Parameter C_INTC_USE_EXT_INTR bound to: 0 - type: integer 
	Parameter C_INTC_INTR_SIZE bound to: 1 - type: integer 
	Parameter C_INTC_LEVEL_EDGE bound to: 16'b0000000000000000 
	Parameter C_INTC_POSITIVE bound to: 16'b1111111111111111 
	Parameter C_INTC_HAS_FAST bound to: 1 - type: integer 
	Parameter C_INTC_ADDR_WIDTH bound to: 16 - type: integer 
	Parameter C_INTC_BASE_VECTORS bound to: 32'b00000000000000000000000000000000 
	Parameter C_INTC_ASYNC_INTR bound to: 16'b1111111111111111 
	Parameter C_INTC_NUM_SYNC_FF bound to: 2 - type: integer 
INFO: [Synth 8-3491] module 'Iomodule_core' declared at 'd:/FPGA/Vivaldo Project/INTERFACE/SFP GT BERT/01_ibert_loopback/Vivado/ibert_ultrascale_gth_0_ex.gen/sources_1/ip/ibert_ultrascale_gth_0/pcores/iomodule_v3_0/hdl/vhdl/iomodule_core.vhd:92' bound to instance 'IOModule_Core_I1' of component 'iomodule_core' [d:/FPGA/Vivaldo Project/INTERFACE/SFP GT BERT/01_ibert_loopback/Vivado/ibert_ultrascale_gth_0_ex.gen/sources_1/ip/ibert_ultrascale_gth_0/pcores/iomodule_v3_0/hdl/vhdl/iomodule.vhd:760]
INFO: [Synth 8-638] synthesizing module 'Iomodule_core' [d:/FPGA/Vivaldo Project/INTERFACE/SFP GT BERT/01_ibert_loopback/Vivado/ibert_ultrascale_gth_0_ex.gen/sources_1/ip/ibert_ultrascale_gth_0/pcores/iomodule_v3_0/hdl/vhdl/iomodule_core.vhd:284]
	Parameter C_USE_SRL16 bound to: yes - type: string 
	Parameter C_USE_FIT bound to: 0 - type: integer 
	Parameter C_NO_CLOCKS bound to: 6216 - type: integer 
	Parameter C_INACCURACY bound to: 0 - type: integer 
INFO: [Synth 8-3491] module 'FIT_Module' declared at 'd:/FPGA/Vivaldo Project/INTERFACE/SFP GT BERT/01_ibert_loopback/Vivado/ibert_ultrascale_gth_0_ex.gen/sources_1/ip/ibert_ultrascale_gth_0/pcores/iomodule_v3_0/hdl/vhdl/fit_module.vhd:90' bound to instance 'FIT_I1' of component 'FIT_Module' [d:/FPGA/Vivaldo Project/INTERFACE/SFP GT BERT/01_ibert_loopback/Vivado/ibert_ultrascale_gth_0_ex.gen/sources_1/ip/ibert_ultrascale_gth_0/pcores/iomodule_v3_0/hdl/vhdl/iomodule_core.vhd:729]
INFO: [Synth 8-638] synthesizing module 'FIT_Module' [d:/FPGA/Vivaldo Project/INTERFACE/SFP GT BERT/01_ibert_loopback/Vivado/ibert_ultrascale_gth_0_ex.gen/sources_1/ip/ibert_ultrascale_gth_0/pcores/iomodule_v3_0/hdl/vhdl/fit_module.vhd:112]
INFO: [Synth 8-256] done synthesizing module 'FIT_Module' (0#1) [d:/FPGA/Vivaldo Project/INTERFACE/SFP GT BERT/01_ibert_loopback/Vivado/ibert_ultrascale_gth_0_ex.gen/sources_1/ip/ibert_ultrascale_gth_0/pcores/iomodule_v3_0/hdl/vhdl/fit_module.vhd:112]
	Parameter C_USE_SRL16 bound to: yes - type: string 
	Parameter C_USE_FIT bound to: 0 - type: integer 
	Parameter C_NO_CLOCKS bound to: 6216 - type: integer 
	Parameter C_INACCURACY bound to: 0 - type: integer 
INFO: [Synth 8-3491] module 'FIT_Module' declared at 'd:/FPGA/Vivaldo Project/INTERFACE/SFP GT BERT/01_ibert_loopback/Vivado/ibert_ultrascale_gth_0_ex.gen/sources_1/ip/ibert_ultrascale_gth_0/pcores/iomodule_v3_0/hdl/vhdl/fit_module.vhd:90' bound to instance 'FIT_I2' of component 'FIT_Module' [d:/FPGA/Vivaldo Project/INTERFACE/SFP GT BERT/01_ibert_loopback/Vivado/ibert_ultrascale_gth_0_ex.gen/sources_1/ip/ibert_ultrascale_gth_0/pcores/iomodule_v3_0/hdl/vhdl/iomodule_core.vhd:744]
	Parameter C_USE_SRL16 bound to: yes - type: string 
	Parameter C_USE_FIT bound to: 0 - type: integer 
	Parameter C_NO_CLOCKS bound to: 6216 - type: integer 
	Parameter C_INACCURACY bound to: 0 - type: integer 
INFO: [Synth 8-3491] module 'FIT_Module' declared at 'd:/FPGA/Vivaldo Project/INTERFACE/SFP GT BERT/01_ibert_loopback/Vivado/ibert_ultrascale_gth_0_ex.gen/sources_1/ip/ibert_ultrascale_gth_0/pcores/iomodule_v3_0/hdl/vhdl/fit_module.vhd:90' bound to instance 'FIT_I3' of component 'FIT_Module' [d:/FPGA/Vivaldo Project/INTERFACE/SFP GT BERT/01_ibert_loopback/Vivado/ibert_ultrascale_gth_0_ex.gen/sources_1/ip/ibert_ultrascale_gth_0/pcores/iomodule_v3_0/hdl/vhdl/iomodule_core.vhd:759]
	Parameter C_USE_SRL16 bound to: yes - type: string 
	Parameter C_USE_FIT bound to: 0 - type: integer 
	Parameter C_NO_CLOCKS bound to: 6216 - type: integer 
	Parameter C_INACCURACY bound to: 0 - type: integer 
INFO: [Synth 8-3491] module 'FIT_Module' declared at 'd:/FPGA/Vivaldo Project/INTERFACE/SFP GT BERT/01_ibert_loopback/Vivado/ibert_ultrascale_gth_0_ex.gen/sources_1/ip/ibert_ultrascale_gth_0/pcores/iomodule_v3_0/hdl/vhdl/fit_module.vhd:90' bound to instance 'FIT_I4' of component 'FIT_Module' [d:/FPGA/Vivaldo Project/INTERFACE/SFP GT BERT/01_ibert_loopback/Vivado/ibert_ultrascale_gth_0_ex.gen/sources_1/ip/ibert_ultrascale_gth_0/pcores/iomodule_v3_0/hdl/vhdl/iomodule_core.vhd:774]
	Parameter C_USE_PIT bound to: 0 - type: integer 
	Parameter C_PIT_SIZE bound to: 32 - type: integer 
	Parameter C_PIT_READABLE bound to: 1 - type: integer 
INFO: [Synth 8-3491] module 'PIT_Module' declared at 'd:/FPGA/Vivaldo Project/INTERFACE/SFP GT BERT/01_ibert_loopback/Vivado/ibert_ultrascale_gth_0_ex.gen/sources_1/ip/ibert_ultrascale_gth_0/pcores/iomodule_v3_0/hdl/vhdl/pit_module.vhd:89' bound to instance 'PIT_I1' of component 'PIT_Module' [d:/FPGA/Vivaldo Project/INTERFACE/SFP GT BERT/01_ibert_loopback/Vivado/ibert_ultrascale_gth_0_ex.gen/sources_1/ip/ibert_ultrascale_gth_0/pcores/iomodule_v3_0/hdl/vhdl/iomodule_core.vhd:804]
INFO: [Synth 8-638] synthesizing module 'PIT_Module' [d:/FPGA/Vivaldo Project/INTERFACE/SFP GT BERT/01_ibert_loopback/Vivado/ibert_ultrascale_gth_0_ex.gen/sources_1/ip/ibert_ultrascale_gth_0/pcores/iomodule_v3_0/hdl/vhdl/pit_module.vhd:111]
INFO: [Synth 8-256] done synthesizing module 'PIT_Module' (0#1) [d:/FPGA/Vivaldo Project/INTERFACE/SFP GT BERT/01_ibert_loopback/Vivado/ibert_ultrascale_gth_0_ex.gen/sources_1/ip/ibert_ultrascale_gth_0/pcores/iomodule_v3_0/hdl/vhdl/pit_module.vhd:111]
	Parameter C_USE_PIT bound to: 0 - type: integer 
	Parameter C_PIT_SIZE bound to: 32 - type: integer 
	Parameter C_PIT_READABLE bound to: 1 - type: integer 
INFO: [Synth 8-3491] module 'PIT_Module' declared at 'd:/FPGA/Vivaldo Project/INTERFACE/SFP GT BERT/01_ibert_loopback/Vivado/ibert_ultrascale_gth_0_ex.gen/sources_1/ip/ibert_ultrascale_gth_0/pcores/iomodule_v3_0/hdl/vhdl/pit_module.vhd:89' bound to instance 'PIT_I2' of component 'PIT_Module' [d:/FPGA/Vivaldo Project/INTERFACE/SFP GT BERT/01_ibert_loopback/Vivado/ibert_ultrascale_gth_0_ex.gen/sources_1/ip/ibert_ultrascale_gth_0/pcores/iomodule_v3_0/hdl/vhdl/iomodule_core.vhd:834]
	Parameter C_USE_PIT bound to: 0 - type: integer 
	Parameter C_PIT_SIZE bound to: 32 - type: integer 
	Parameter C_PIT_READABLE bound to: 1 - type: integer 
INFO: [Synth 8-3491] module 'PIT_Module' declared at 'd:/FPGA/Vivaldo Project/INTERFACE/SFP GT BERT/01_ibert_loopback/Vivado/ibert_ultrascale_gth_0_ex.gen/sources_1/ip/ibert_ultrascale_gth_0/pcores/iomodule_v3_0/hdl/vhdl/pit_module.vhd:89' bound to instance 'PIT_I3' of component 'PIT_Module' [d:/FPGA/Vivaldo Project/INTERFACE/SFP GT BERT/01_ibert_loopback/Vivado/ibert_ultrascale_gth_0_ex.gen/sources_1/ip/ibert_ultrascale_gth_0/pcores/iomodule_v3_0/hdl/vhdl/iomodule_core.vhd:864]
	Parameter C_USE_PIT bound to: 0 - type: integer 
	Parameter C_PIT_SIZE bound to: 32 - type: integer 
	Parameter C_PIT_READABLE bound to: 1 - type: integer 
INFO: [Synth 8-3491] module 'PIT_Module' declared at 'd:/FPGA/Vivaldo Project/INTERFACE/SFP GT BERT/01_ibert_loopback/Vivado/ibert_ultrascale_gth_0_ex.gen/sources_1/ip/ibert_ultrascale_gth_0/pcores/iomodule_v3_0/hdl/vhdl/pit_module.vhd:89' bound to instance 'PIT_I4' of component 'PIT_Module' [d:/FPGA/Vivaldo Project/INTERFACE/SFP GT BERT/01_ibert_loopback/Vivado/ibert_ultrascale_gth_0_ex.gen/sources_1/ip/ibert_ultrascale_gth_0/pcores/iomodule_v3_0/hdl/vhdl/iomodule_core.vhd:894]
	Parameter C_USE_GPO bound to: 0 - type: integer 
	Parameter C_GPO_SIZE bound to: 32 - type: integer 
	Parameter C_GPO_INIT bound to: 32'b00000000000000000000000000000000 
INFO: [Synth 8-3491] module 'GPO_Module' declared at 'd:/FPGA/Vivaldo Project/INTERFACE/SFP GT BERT/01_ibert_loopback/Vivado/ibert_ultrascale_gth_0_ex.gen/sources_1/ip/ibert_ultrascale_gth_0/pcores/iomodule_v3_0/hdl/vhdl/gpo_module.vhd:89' bound to instance 'GPO_I1' of component 'GPO_Module' [d:/FPGA/Vivaldo Project/INTERFACE/SFP GT BERT/01_ibert_loopback/Vivado/ibert_ultrascale_gth_0_ex.gen/sources_1/ip/ibert_ultrascale_gth_0/pcores/iomodule_v3_0/hdl/vhdl/iomodule_core.vhd:913]
INFO: [Synth 8-638] synthesizing module 'GPO_Module' [d:/FPGA/Vivaldo Project/INTERFACE/SFP GT BERT/01_ibert_loopback/Vivado/ibert_ultrascale_gth_0_ex.gen/sources_1/ip/ibert_ultrascale_gth_0/pcores/iomodule_v3_0/hdl/vhdl/gpo_module.vhd:103]
INFO: [Synth 8-256] done synthesizing module 'GPO_Module' (0#1) [d:/FPGA/Vivaldo Project/INTERFACE/SFP GT BERT/01_ibert_loopback/Vivado/ibert_ultrascale_gth_0_ex.gen/sources_1/ip/ibert_ultrascale_gth_0/pcores/iomodule_v3_0/hdl/vhdl/gpo_module.vhd:103]
	Parameter C_USE_GPO bound to: 0 - type: integer 
	Parameter C_GPO_SIZE bound to: 32 - type: integer 
	Parameter C_GPO_INIT bound to: 32'b00000000000000000000000000000000 
INFO: [Synth 8-3491] module 'GPO_Module' declared at 'd:/FPGA/Vivaldo Project/INTERFACE/SFP GT BERT/01_ibert_loopback/Vivado/ibert_ultrascale_gth_0_ex.gen/sources_1/ip/ibert_ultrascale_gth_0/pcores/iomodule_v3_0/hdl/vhdl/gpo_module.vhd:89' bound to instance 'GPO_I2' of component 'GPO_Module' [d:/FPGA/Vivaldo Project/INTERFACE/SFP GT BERT/01_ibert_loopback/Vivado/ibert_ultrascale_gth_0_ex.gen/sources_1/ip/ibert_ultrascale_gth_0/pcores/iomodule_v3_0/hdl/vhdl/iomodule_core.vhd:925]
	Parameter C_USE_GPO bound to: 0 - type: integer 
	Parameter C_GPO_SIZE bound to: 32 - type: integer 
	Parameter C_GPO_INIT bound to: 32'b00000000000000000000000000000000 
INFO: [Synth 8-3491] module 'GPO_Module' declared at 'd:/FPGA/Vivaldo Project/INTERFACE/SFP GT BERT/01_ibert_loopback/Vivado/ibert_ultrascale_gth_0_ex.gen/sources_1/ip/ibert_ultrascale_gth_0/pcores/iomodule_v3_0/hdl/vhdl/gpo_module.vhd:89' bound to instance 'GPO_I3' of component 'GPO_Module' [d:/FPGA/Vivaldo Project/INTERFACE/SFP GT BERT/01_ibert_loopback/Vivado/ibert_ultrascale_gth_0_ex.gen/sources_1/ip/ibert_ultrascale_gth_0/pcores/iomodule_v3_0/hdl/vhdl/iomodule_core.vhd:937]
	Parameter C_USE_GPO bound to: 0 - type: integer 
	Parameter C_GPO_SIZE bound to: 32 - type: integer 
	Parameter C_GPO_INIT bound to: 32'b00000000000000000000000000000000 
INFO: [Synth 8-3491] module 'GPO_Module' declared at 'd:/FPGA/Vivaldo Project/INTERFACE/SFP GT BERT/01_ibert_loopback/Vivado/ibert_ultrascale_gth_0_ex.gen/sources_1/ip/ibert_ultrascale_gth_0/pcores/iomodule_v3_0/hdl/vhdl/gpo_module.vhd:89' bound to instance 'GPO_I4' of component 'GPO_Module' [d:/FPGA/Vivaldo Project/INTERFACE/SFP GT BERT/01_ibert_loopback/Vivado/ibert_ultrascale_gth_0_ex.gen/sources_1/ip/ibert_ultrascale_gth_0/pcores/iomodule_v3_0/hdl/vhdl/iomodule_core.vhd:949]
	Parameter C_USE_GPI bound to: 0 - type: integer 
	Parameter C_GPI_SIZE bound to: 32 - type: integer 
	Parameter C_GPI_INTERRUPT bound to: 0 - type: integer 
INFO: [Synth 8-3491] module 'GPI_Module' declared at 'd:/FPGA/Vivaldo Project/INTERFACE/SFP GT BERT/01_ibert_loopback/Vivado/ibert_ultrascale_gth_0_ex.gen/sources_1/ip/ibert_ultrascale_gth_0/pcores/iomodule_v3_0/hdl/vhdl/gpi_module.vhd:90' bound to instance 'GPI_I1' of component 'GPI_Module' [d:/FPGA/Vivaldo Project/INTERFACE/SFP GT BERT/01_ibert_loopback/Vivado/ibert_ultrascale_gth_0_ex.gen/sources_1/ip/ibert_ultrascale_gth_0/pcores/iomodule_v3_0/hdl/vhdl/iomodule_core.vhd:964]
INFO: [Synth 8-638] synthesizing module 'GPI_Module' [d:/FPGA/Vivaldo Project/INTERFACE/SFP GT BERT/01_ibert_loopback/Vivado/ibert_ultrascale_gth_0_ex.gen/sources_1/ip/ibert_ultrascale_gth_0/pcores/iomodule_v3_0/hdl/vhdl/gpi_module.vhd:105]
INFO: [Synth 8-256] done synthesizing module 'GPI_Module' (0#1) [d:/FPGA/Vivaldo Project/INTERFACE/SFP GT BERT/01_ibert_loopback/Vivado/ibert_ultrascale_gth_0_ex.gen/sources_1/ip/ibert_ultrascale_gth_0/pcores/iomodule_v3_0/hdl/vhdl/gpi_module.vhd:105]
	Parameter C_USE_GPI bound to: 0 - type: integer 
	Parameter C_GPI_SIZE bound to: 32 - type: integer 
	Parameter C_GPI_INTERRUPT bound to: 0 - type: integer 
INFO: [Synth 8-3491] module 'GPI_Module' declared at 'd:/FPGA/Vivaldo Project/INTERFACE/SFP GT BERT/01_ibert_loopback/Vivado/ibert_ultrascale_gth_0_ex.gen/sources_1/ip/ibert_ultrascale_gth_0/pcores/iomodule_v3_0/hdl/vhdl/gpi_module.vhd:90' bound to instance 'GPI_I2' of component 'GPI_Module' [d:/FPGA/Vivaldo Project/INTERFACE/SFP GT BERT/01_ibert_loopback/Vivado/ibert_ultrascale_gth_0_ex.gen/sources_1/ip/ibert_ultrascale_gth_0/pcores/iomodule_v3_0/hdl/vhdl/iomodule_core.vhd:979]
	Parameter C_USE_GPI bound to: 0 - type: integer 
	Parameter C_GPI_SIZE bound to: 32 - type: integer 
	Parameter C_GPI_INTERRUPT bound to: 0 - type: integer 
INFO: [Synth 8-3491] module 'GPI_Module' declared at 'd:/FPGA/Vivaldo Project/INTERFACE/SFP GT BERT/01_ibert_loopback/Vivado/ibert_ultrascale_gth_0_ex.gen/sources_1/ip/ibert_ultrascale_gth_0/pcores/iomodule_v3_0/hdl/vhdl/gpi_module.vhd:90' bound to instance 'GPI_I3' of component 'GPI_Module' [d:/FPGA/Vivaldo Project/INTERFACE/SFP GT BERT/01_ibert_loopback/Vivado/ibert_ultrascale_gth_0_ex.gen/sources_1/ip/ibert_ultrascale_gth_0/pcores/iomodule_v3_0/hdl/vhdl/iomodule_core.vhd:994]
	Parameter C_USE_GPI bound to: 0 - type: integer 
	Parameter C_GPI_SIZE bound to: 32 - type: integer 
	Parameter C_GPI_INTERRUPT bound to: 0 - type: integer 
INFO: [Synth 8-3491] module 'GPI_Module' declared at 'd:/FPGA/Vivaldo Project/INTERFACE/SFP GT BERT/01_ibert_loopback/Vivado/ibert_ultrascale_gth_0_ex.gen/sources_1/ip/ibert_ultrascale_gth_0/pcores/iomodule_v3_0/hdl/vhdl/gpi_module.vhd:90' bound to instance 'GPI_I4' of component 'GPI_Module' [d:/FPGA/Vivaldo Project/INTERFACE/SFP GT BERT/01_ibert_loopback/Vivado/ibert_ultrascale_gth_0_ex.gen/sources_1/ip/ibert_ultrascale_gth_0/pcores/iomodule_v3_0/hdl/vhdl/iomodule_core.vhd:1009]
	Parameter C_INTC_ENABLED bound to: 0 - type: integer 
	Parameter C_INTC_LEVEL_EDGE bound to: 32'b00000000000000001111111111111111 
	Parameter C_INTC_POSITIVE bound to: 32'b11111111111111111111111111111111 
	Parameter C_INTC_ASYNC_INTR bound to: 32'b11111111111111110000000000000000 
	Parameter C_INTC_HAS_FAST bound to: 1 - type: integer 
	Parameter C_INTC_ADDR_WIDTH bound to: 16 - type: integer 
	Parameter C_INTC_NUM_SYNC_FF bound to: 2 - type: integer 
	Parameter C_INTC_BASE_VECTORS bound to: 32'b00000000000000000000000000000000 
	Parameter C_USE_LUTRAM bound to: yes - type: string 
INFO: [Synth 8-3491] module 'intr_ctrl' declared at 'd:/FPGA/Vivaldo Project/INTERFACE/SFP GT BERT/01_ibert_loopback/Vivado/ibert_ultrascale_gth_0_ex.gen/sources_1/ip/ibert_ultrascale_gth_0/pcores/iomodule_v3_0/hdl/vhdl/intr_ctrl.vhd:91' bound to instance 'intr_ctrl_I1' of component 'intr_ctrl' [d:/FPGA/Vivaldo Project/INTERFACE/SFP GT BERT/01_ibert_loopback/Vivado/ibert_ultrascale_gth_0_ex.gen/sources_1/ip/ibert_ultrascale_gth_0/pcores/iomodule_v3_0/hdl/vhdl/iomodule_core.vhd:1050]
INFO: [Synth 8-638] synthesizing module 'intr_ctrl' [d:/FPGA/Vivaldo Project/INTERFACE/SFP GT BERT/01_ibert_loopback/Vivado/ibert_ultrascale_gth_0_ex.gen/sources_1/ip/ibert_ultrascale_gth_0/pcores/iomodule_v3_0/hdl/vhdl/intr_ctrl.vhd:126]
INFO: [Synth 8-113] binding component instance 'fdr_i' to cell 'FDR' [d:/FPGA/Vivaldo Project/INTERFACE/SFP GT BERT/01_ibert_loopback/Vivado/ibert_ultrascale_gth_0_ex.gen/sources_1/ip/ibert_ultrascale_gth_0/pcores/iomodule_v3_0/hdl/vhdl/intr_ctrl.vhd:481]
INFO: [Synth 8-113] binding component instance 'fdr_i' to cell 'FDR' [d:/FPGA/Vivaldo Project/INTERFACE/SFP GT BERT/01_ibert_loopback/Vivado/ibert_ultrascale_gth_0_ex.gen/sources_1/ip/ibert_ultrascale_gth_0/pcores/iomodule_v3_0/hdl/vhdl/intr_ctrl.vhd:481]
INFO: [Synth 8-113] binding component instance 'fdr_i' to cell 'FDR' [d:/FPGA/Vivaldo Project/INTERFACE/SFP GT BERT/01_ibert_loopback/Vivado/ibert_ultrascale_gth_0_ex.gen/sources_1/ip/ibert_ultrascale_gth_0/pcores/iomodule_v3_0/hdl/vhdl/intr_ctrl.vhd:481]
INFO: [Synth 8-113] binding component instance 'fdr_i' to cell 'FDR' [d:/FPGA/Vivaldo Project/INTERFACE/SFP GT BERT/01_ibert_loopback/Vivado/ibert_ultrascale_gth_0_ex.gen/sources_1/ip/ibert_ultrascale_gth_0/pcores/iomodule_v3_0/hdl/vhdl/intr_ctrl.vhd:481]
INFO: [Synth 8-113] binding component instance 'fdr_i' to cell 'FDR' [d:/FPGA/Vivaldo Project/INTERFACE/SFP GT BERT/01_ibert_loopback/Vivado/ibert_ultrascale_gth_0_ex.gen/sources_1/ip/ibert_ultrascale_gth_0/pcores/iomodule_v3_0/hdl/vhdl/intr_ctrl.vhd:481]
INFO: [Synth 8-113] binding component instance 'fdr_i' to cell 'FDR' [d:/FPGA/Vivaldo Project/INTERFACE/SFP GT BERT/01_ibert_loopback/Vivado/ibert_ultrascale_gth_0_ex.gen/sources_1/ip/ibert_ultrascale_gth_0/pcores/iomodule_v3_0/hdl/vhdl/intr_ctrl.vhd:481]
INFO: [Synth 8-113] binding component instance 'fdr_i' to cell 'FDR' [d:/FPGA/Vivaldo Project/INTERFACE/SFP GT BERT/01_ibert_loopback/Vivado/ibert_ultrascale_gth_0_ex.gen/sources_1/ip/ibert_ultrascale_gth_0/pcores/iomodule_v3_0/hdl/vhdl/intr_ctrl.vhd:481]
INFO: [Synth 8-113] binding component instance 'fdr_i' to cell 'FDR' [d:/FPGA/Vivaldo Project/INTERFACE/SFP GT BERT/01_ibert_loopback/Vivado/ibert_ultrascale_gth_0_ex.gen/sources_1/ip/ibert_ultrascale_gth_0/pcores/iomodule_v3_0/hdl/vhdl/intr_ctrl.vhd:481]
INFO: [Synth 8-113] binding component instance 'fdr_i' to cell 'FDR' [d:/FPGA/Vivaldo Project/INTERFACE/SFP GT BERT/01_ibert_loopback/Vivado/ibert_ultrascale_gth_0_ex.gen/sources_1/ip/ibert_ultrascale_gth_0/pcores/iomodule_v3_0/hdl/vhdl/intr_ctrl.vhd:481]
INFO: [Synth 8-113] binding component instance 'fdr_i' to cell 'FDR' [d:/FPGA/Vivaldo Project/INTERFACE/SFP GT BERT/01_ibert_loopback/Vivado/ibert_ultrascale_gth_0_ex.gen/sources_1/ip/ibert_ultrascale_gth_0/pcores/iomodule_v3_0/hdl/vhdl/intr_ctrl.vhd:481]
INFO: [Synth 8-113] binding component instance 'fdr_i' to cell 'FDR' [d:/FPGA/Vivaldo Project/INTERFACE/SFP GT BERT/01_ibert_loopback/Vivado/ibert_ultrascale_gth_0_ex.gen/sources_1/ip/ibert_ultrascale_gth_0/pcores/iomodule_v3_0/hdl/vhdl/intr_ctrl.vhd:481]
INFO: [Synth 8-113] binding component instance 'fdr_i' to cell 'FDR' [d:/FPGA/Vivaldo Project/INTERFACE/SFP GT BERT/01_ibert_loopback/Vivado/ibert_ultrascale_gth_0_ex.gen/sources_1/ip/ibert_ultrascale_gth_0/pcores/iomodule_v3_0/hdl/vhdl/intr_ctrl.vhd:481]
INFO: [Synth 8-113] binding component instance 'fdr_i' to cell 'FDR' [d:/FPGA/Vivaldo Project/INTERFACE/SFP GT BERT/01_ibert_loopback/Vivado/ibert_ultrascale_gth_0_ex.gen/sources_1/ip/ibert_ultrascale_gth_0/pcores/iomodule_v3_0/hdl/vhdl/intr_ctrl.vhd:481]
INFO: [Synth 8-113] binding component instance 'fdr_i' to cell 'FDR' [d:/FPGA/Vivaldo Project/INTERFACE/SFP GT BERT/01_ibert_loopback/Vivado/ibert_ultrascale_gth_0_ex.gen/sources_1/ip/ibert_ultrascale_gth_0/pcores/iomodule_v3_0/hdl/vhdl/intr_ctrl.vhd:481]
INFO: [Synth 8-113] binding component instance 'fdr_i' to cell 'FDR' [d:/FPGA/Vivaldo Project/INTERFACE/SFP GT BERT/01_ibert_loopback/Vivado/ibert_ultrascale_gth_0_ex.gen/sources_1/ip/ibert_ultrascale_gth_0/pcores/iomodule_v3_0/hdl/vhdl/intr_ctrl.vhd:481]
INFO: [Synth 8-113] binding component instance 'fdr_i' to cell 'FDR' [d:/FPGA/Vivaldo Project/INTERFACE/SFP GT BERT/01_ibert_loopback/Vivado/ibert_ultrascale_gth_0_ex.gen/sources_1/ip/ibert_ultrascale_gth_0/pcores/iomodule_v3_0/hdl/vhdl/intr_ctrl.vhd:481]
INFO: [Synth 8-113] binding component instance 'fdr_i' to cell 'FDR' [d:/FPGA/Vivaldo Project/INTERFACE/SFP GT BERT/01_ibert_loopback/Vivado/ibert_ultrascale_gth_0_ex.gen/sources_1/ip/ibert_ultrascale_gth_0/pcores/iomodule_v3_0/hdl/vhdl/intr_ctrl.vhd:481]
INFO: [Synth 8-113] binding component instance 'fdr_i' to cell 'FDR' [d:/FPGA/Vivaldo Project/INTERFACE/SFP GT BERT/01_ibert_loopback/Vivado/ibert_ultrascale_gth_0_ex.gen/sources_1/ip/ibert_ultrascale_gth_0/pcores/iomodule_v3_0/hdl/vhdl/intr_ctrl.vhd:481]
INFO: [Synth 8-113] binding component instance 'fdr_i' to cell 'FDR' [d:/FPGA/Vivaldo Project/INTERFACE/SFP GT BERT/01_ibert_loopback/Vivado/ibert_ultrascale_gth_0_ex.gen/sources_1/ip/ibert_ultrascale_gth_0/pcores/iomodule_v3_0/hdl/vhdl/intr_ctrl.vhd:481]
INFO: [Synth 8-113] binding component instance 'fdr_i' to cell 'FDR' [d:/FPGA/Vivaldo Project/INTERFACE/SFP GT BERT/01_ibert_loopback/Vivado/ibert_ultrascale_gth_0_ex.gen/sources_1/ip/ibert_ultrascale_gth_0/pcores/iomodule_v3_0/hdl/vhdl/intr_ctrl.vhd:481]
INFO: [Synth 8-113] binding component instance 'fdr_i' to cell 'FDR' [d:/FPGA/Vivaldo Project/INTERFACE/SFP GT BERT/01_ibert_loopback/Vivado/ibert_ultrascale_gth_0_ex.gen/sources_1/ip/ibert_ultrascale_gth_0/pcores/iomodule_v3_0/hdl/vhdl/intr_ctrl.vhd:481]
INFO: [Synth 8-113] binding component instance 'fdr_i' to cell 'FDR' [d:/FPGA/Vivaldo Project/INTERFACE/SFP GT BERT/01_ibert_loopback/Vivado/ibert_ultrascale_gth_0_ex.gen/sources_1/ip/ibert_ultrascale_gth_0/pcores/iomodule_v3_0/hdl/vhdl/intr_ctrl.vhd:481]
INFO: [Synth 8-113] binding component instance 'fdr_i' to cell 'FDR' [d:/FPGA/Vivaldo Project/INTERFACE/SFP GT BERT/01_ibert_loopback/Vivado/ibert_ultrascale_gth_0_ex.gen/sources_1/ip/ibert_ultrascale_gth_0/pcores/iomodule_v3_0/hdl/vhdl/intr_ctrl.vhd:481]
INFO: [Synth 8-113] binding component instance 'fdr_i' to cell 'FDR' [d:/FPGA/Vivaldo Project/INTERFACE/SFP GT BERT/01_ibert_loopback/Vivado/ibert_ultrascale_gth_0_ex.gen/sources_1/ip/ibert_ultrascale_gth_0/pcores/iomodule_v3_0/hdl/vhdl/intr_ctrl.vhd:481]
INFO: [Synth 8-113] binding component instance 'fdr_i' to cell 'FDR' [d:/FPGA/Vivaldo Project/INTERFACE/SFP GT BERT/01_ibert_loopback/Vivado/ibert_ultrascale_gth_0_ex.gen/sources_1/ip/ibert_ultrascale_gth_0/pcores/iomodule_v3_0/hdl/vhdl/intr_ctrl.vhd:481]
INFO: [Synth 8-113] binding component instance 'fdr_i' to cell 'FDR' [d:/FPGA/Vivaldo Project/INTERFACE/SFP GT BERT/01_ibert_loopback/Vivado/ibert_ultrascale_gth_0_ex.gen/sources_1/ip/ibert_ultrascale_gth_0/pcores/iomodule_v3_0/hdl/vhdl/intr_ctrl.vhd:481]
INFO: [Synth 8-113] binding component instance 'fdr_i' to cell 'FDR' [d:/FPGA/Vivaldo Project/INTERFACE/SFP GT BERT/01_ibert_loopback/Vivado/ibert_ultrascale_gth_0_ex.gen/sources_1/ip/ibert_ultrascale_gth_0/pcores/iomodule_v3_0/hdl/vhdl/intr_ctrl.vhd:481]
INFO: [Synth 8-113] binding component instance 'fdr_i' to cell 'FDR' [d:/FPGA/Vivaldo Project/INTERFACE/SFP GT BERT/01_ibert_loopback/Vivado/ibert_ultrascale_gth_0_ex.gen/sources_1/ip/ibert_ultrascale_gth_0/pcores/iomodule_v3_0/hdl/vhdl/intr_ctrl.vhd:481]
INFO: [Synth 8-113] binding component instance 'fdr_i' to cell 'FDR' [d:/FPGA/Vivaldo Project/INTERFACE/SFP GT BERT/01_ibert_loopback/Vivado/ibert_ultrascale_gth_0_ex.gen/sources_1/ip/ibert_ultrascale_gth_0/pcores/iomodule_v3_0/hdl/vhdl/intr_ctrl.vhd:481]
INFO: [Synth 8-113] binding component instance 'fdr_i' to cell 'FDR' [d:/FPGA/Vivaldo Project/INTERFACE/SFP GT BERT/01_ibert_loopback/Vivado/ibert_ultrascale_gth_0_ex.gen/sources_1/ip/ibert_ultrascale_gth_0/pcores/iomodule_v3_0/hdl/vhdl/intr_ctrl.vhd:481]
INFO: [Synth 8-113] binding component instance 'fdr_i' to cell 'FDR' [d:/FPGA/Vivaldo Project/INTERFACE/SFP GT BERT/01_ibert_loopback/Vivado/ibert_ultrascale_gth_0_ex.gen/sources_1/ip/ibert_ultrascale_gth_0/pcores/iomodule_v3_0/hdl/vhdl/intr_ctrl.vhd:481]
INFO: [Synth 8-113] binding component instance 'fdr_i' to cell 'FDR' [d:/FPGA/Vivaldo Project/INTERFACE/SFP GT BERT/01_ibert_loopback/Vivado/ibert_ultrascale_gth_0_ex.gen/sources_1/ip/ibert_ultrascale_gth_0/pcores/iomodule_v3_0/hdl/vhdl/intr_ctrl.vhd:481]
INFO: [Synth 8-256] done synthesizing module 'intr_ctrl' (0#1) [d:/FPGA/Vivaldo Project/INTERFACE/SFP GT BERT/01_ibert_loopback/Vivado/ibert_ultrascale_gth_0_ex.gen/sources_1/ip/ibert_ultrascale_gth_0/pcores/iomodule_v3_0/hdl/vhdl/intr_ctrl.vhd:126]
INFO: [Synth 8-256] done synthesizing module 'Iomodule_core' (0#1) [d:/FPGA/Vivaldo Project/INTERFACE/SFP GT BERT/01_ibert_loopback/Vivado/ibert_ultrascale_gth_0_ex.gen/sources_1/ip/ibert_ultrascale_gth_0/pcores/iomodule_v3_0/hdl/vhdl/iomodule_core.vhd:284]
INFO: [Synth 8-256] done synthesizing module 'iomodule' (0#1) [d:/FPGA/Vivaldo Project/INTERFACE/SFP GT BERT/01_ibert_loopback/Vivado/ibert_ultrascale_gth_0_ex.gen/sources_1/ip/ibert_ultrascale_gth_0/pcores/iomodule_v3_0/hdl/vhdl/iomodule.vhd:286]
INFO: [Synth 8-6157] synthesizing module 'GTHE4_COMMON' [D:/Xilinx/Vivado/2022.2/scripts/rt/data/unisim_comp.v:44340]
INFO: [Synth 8-6155] done synthesizing module 'GTHE4_COMMON' (0#1) [D:/Xilinx/Vivado/2022.2/scripts/rt/data/unisim_comp.v:44340]
WARNING: [Synth 8-7071] port 'txoutclk_o' of module 'ibert_ultrascale_gth_v1_4_10_ibert_ultrascale_gth' is unconnected for instance 'inst' [d:/FPGA/Vivaldo Project/INTERFACE/SFP GT BERT/01_ibert_loopback/Vivado/ibert_ultrascale_gth_0_ex.gen/sources_1/ip/ibert_ultrascale_gth_0/synth/ibert_ultrascale_gth_0.v:1033]
WARNING: [Synth 8-7071] port 'sl_oport5' of module 'ibert_ultrascale_gth_v1_4_10_ibert_ultrascale_gth' is unconnected for instance 'inst' [d:/FPGA/Vivaldo Project/INTERFACE/SFP GT BERT/01_ibert_loopback/Vivado/ibert_ultrascale_gth_0_ex.gen/sources_1/ip/ibert_ultrascale_gth_0/synth/ibert_ultrascale_gth_0.v:1033]
WARNING: [Synth 8-7071] port 'sl_oport6' of module 'ibert_ultrascale_gth_v1_4_10_ibert_ultrascale_gth' is unconnected for instance 'inst' [d:/FPGA/Vivaldo Project/INTERFACE/SFP GT BERT/01_ibert_loopback/Vivado/ibert_ultrascale_gth_0_ex.gen/sources_1/ip/ibert_ultrascale_gth_0/synth/ibert_ultrascale_gth_0.v:1033]
WARNING: [Synth 8-7071] port 'sl_oport7' of module 'ibert_ultrascale_gth_v1_4_10_ibert_ultrascale_gth' is unconnected for instance 'inst' [d:/FPGA/Vivaldo Project/INTERFACE/SFP GT BERT/01_ibert_loopback/Vivado/ibert_ultrascale_gth_0_ex.gen/sources_1/ip/ibert_ultrascale_gth_0/synth/ibert_ultrascale_gth_0.v:1033]
WARNING: [Synth 8-7071] port 'sl_oport8' of module 'ibert_ultrascale_gth_v1_4_10_ibert_ultrascale_gth' is unconnected for instance 'inst' [d:/FPGA/Vivaldo Project/INTERFACE/SFP GT BERT/01_ibert_loopback/Vivado/ibert_ultrascale_gth_0_ex.gen/sources_1/ip/ibert_ultrascale_gth_0/synth/ibert_ultrascale_gth_0.v:1033]
WARNING: [Synth 8-7071] port 'sl_oport9' of module 'ibert_ultrascale_gth_v1_4_10_ibert_ultrascale_gth' is unconnected for instance 'inst' [d:/FPGA/Vivaldo Project/INTERFACE/SFP GT BERT/01_ibert_loopback/Vivado/ibert_ultrascale_gth_0_ex.gen/sources_1/ip/ibert_ultrascale_gth_0/synth/ibert_ultrascale_gth_0.v:1033]
WARNING: [Synth 8-7071] port 'sl_oport10' of module 'ibert_ultrascale_gth_v1_4_10_ibert_ultrascale_gth' is unconnected for instance 'inst' [d:/FPGA/Vivaldo Project/INTERFACE/SFP GT BERT/01_ibert_loopback/Vivado/ibert_ultrascale_gth_0_ex.gen/sources_1/ip/ibert_ultrascale_gth_0/synth/ibert_ultrascale_gth_0.v:1033]
WARNING: [Synth 8-7071] port 'sl_oport11' of module 'ibert_ultrascale_gth_v1_4_10_ibert_ultrascale_gth' is unconnected for instance 'inst' [d:/FPGA/Vivaldo Project/INTERFACE/SFP GT BERT/01_ibert_loopback/Vivado/ibert_ultrascale_gth_0_ex.gen/sources_1/ip/ibert_ultrascale_gth_0/synth/ibert_ultrascale_gth_0.v:1033]
WARNING: [Synth 8-7071] port 'sl_oport12' of module 'ibert_ultrascale_gth_v1_4_10_ibert_ultrascale_gth' is unconnected for instance 'inst' [d:/FPGA/Vivaldo Project/INTERFACE/SFP GT BERT/01_ibert_loopback/Vivado/ibert_ultrascale_gth_0_ex.gen/sources_1/ip/ibert_ultrascale_gth_0/synth/ibert_ultrascale_gth_0.v:1033]
WARNING: [Synth 8-7071] port 'sl_oport13' of module 'ibert_ultrascale_gth_v1_4_10_ibert_ultrascale_gth' is unconnected for instance 'inst' [d:/FPGA/Vivaldo Project/INTERFACE/SFP GT BERT/01_ibert_loopback/Vivado/ibert_ultrascale_gth_0_ex.gen/sources_1/ip/ibert_ultrascale_gth_0/synth/ibert_ultrascale_gth_0.v:1033]
WARNING: [Synth 8-7071] port 'sl_oport14' of module 'ibert_ultrascale_gth_v1_4_10_ibert_ultrascale_gth' is unconnected for instance 'inst' [d:/FPGA/Vivaldo Project/INTERFACE/SFP GT BERT/01_ibert_loopback/Vivado/ibert_ultrascale_gth_0_ex.gen/sources_1/ip/ibert_ultrascale_gth_0/synth/ibert_ultrascale_gth_0.v:1033]
WARNING: [Synth 8-7071] port 'sl_oport15' of module 'ibert_ultrascale_gth_v1_4_10_ibert_ultrascale_gth' is unconnected for instance 'inst' [d:/FPGA/Vivaldo Project/INTERFACE/SFP GT BERT/01_ibert_loopback/Vivado/ibert_ultrascale_gth_0_ex.gen/sources_1/ip/ibert_ultrascale_gth_0/synth/ibert_ultrascale_gth_0.v:1033]
WARNING: [Synth 8-7071] port 'sl_oport16' of module 'ibert_ultrascale_gth_v1_4_10_ibert_ultrascale_gth' is unconnected for instance 'inst' [d:/FPGA/Vivaldo Project/INTERFACE/SFP GT BERT/01_ibert_loopback/Vivado/ibert_ultrascale_gth_0_ex.gen/sources_1/ip/ibert_ultrascale_gth_0/synth/ibert_ultrascale_gth_0.v:1033]
WARNING: [Synth 8-7071] port 'sl_oport17' of module 'ibert_ultrascale_gth_v1_4_10_ibert_ultrascale_gth' is unconnected for instance 'inst' [d:/FPGA/Vivaldo Project/INTERFACE/SFP GT BERT/01_ibert_loopback/Vivado/ibert_ultrascale_gth_0_ex.gen/sources_1/ip/ibert_ultrascale_gth_0/synth/ibert_ultrascale_gth_0.v:1033]
WARNING: [Synth 8-7071] port 'sl_oport18' of module 'ibert_ultrascale_gth_v1_4_10_ibert_ultrascale_gth' is unconnected for instance 'inst' [d:/FPGA/Vivaldo Project/INTERFACE/SFP GT BERT/01_ibert_loopback/Vivado/ibert_ultrascale_gth_0_ex.gen/sources_1/ip/ibert_ultrascale_gth_0/synth/ibert_ultrascale_gth_0.v:1033]
WARNING: [Synth 8-7071] port 'sl_oport19' of module 'ibert_ultrascale_gth_v1_4_10_ibert_ultrascale_gth' is unconnected for instance 'inst' [d:/FPGA/Vivaldo Project/INTERFACE/SFP GT BERT/01_ibert_loopback/Vivado/ibert_ultrascale_gth_0_ex.gen/sources_1/ip/ibert_ultrascale_gth_0/synth/ibert_ultrascale_gth_0.v:1033]
WARNING: [Synth 8-7071] port 'sl_oport20' of module 'ibert_ultrascale_gth_v1_4_10_ibert_ultrascale_gth' is unconnected for instance 'inst' [d:/FPGA/Vivaldo Project/INTERFACE/SFP GT BERT/01_ibert_loopback/Vivado/ibert_ultrascale_gth_0_ex.gen/sources_1/ip/ibert_ultrascale_gth_0/synth/ibert_ultrascale_gth_0.v:1033]
WARNING: [Synth 8-7071] port 'sl_oport21' of module 'ibert_ultrascale_gth_v1_4_10_ibert_ultrascale_gth' is unconnected for instance 'inst' [d:/FPGA/Vivaldo Project/INTERFACE/SFP GT BERT/01_ibert_loopback/Vivado/ibert_ultrascale_gth_0_ex.gen/sources_1/ip/ibert_ultrascale_gth_0/synth/ibert_ultrascale_gth_0.v:1033]
WARNING: [Synth 8-7071] port 'sl_oport22' of module 'ibert_ultrascale_gth_v1_4_10_ibert_ultrascale_gth' is unconnected for instance 'inst' [d:/FPGA/Vivaldo Project/INTERFACE/SFP GT BERT/01_ibert_loopback/Vivado/ibert_ultrascale_gth_0_ex.gen/sources_1/ip/ibert_ultrascale_gth_0/synth/ibert_ultrascale_gth_0.v:1033]
WARNING: [Synth 8-7071] port 'sl_oport23' of module 'ibert_ultrascale_gth_v1_4_10_ibert_ultrascale_gth' is unconnected for instance 'inst' [d:/FPGA/Vivaldo Project/INTERFACE/SFP GT BERT/01_ibert_loopback/Vivado/ibert_ultrascale_gth_0_ex.gen/sources_1/ip/ibert_ultrascale_gth_0/synth/ibert_ultrascale_gth_0.v:1033]
WARNING: [Synth 8-7071] port 'sl_oport24' of module 'ibert_ultrascale_gth_v1_4_10_ibert_ultrascale_gth' is unconnected for instance 'inst' [d:/FPGA/Vivaldo Project/INTERFACE/SFP GT BERT/01_ibert_loopback/Vivado/ibert_ultrascale_gth_0_ex.gen/sources_1/ip/ibert_ultrascale_gth_0/synth/ibert_ultrascale_gth_0.v:1033]
WARNING: [Synth 8-7071] port 'sl_oport25' of module 'ibert_ultrascale_gth_v1_4_10_ibert_ultrascale_gth' is unconnected for instance 'inst' [d:/FPGA/Vivaldo Project/INTERFACE/SFP GT BERT/01_ibert_loopback/Vivado/ibert_ultrascale_gth_0_ex.gen/sources_1/ip/ibert_ultrascale_gth_0/synth/ibert_ultrascale_gth_0.v:1033]
WARNING: [Synth 8-7071] port 'sl_oport26' of module 'ibert_ultrascale_gth_v1_4_10_ibert_ultrascale_gth' is unconnected for instance 'inst' [d:/FPGA/Vivaldo Project/INTERFACE/SFP GT BERT/01_ibert_loopback/Vivado/ibert_ultrascale_gth_0_ex.gen/sources_1/ip/ibert_ultrascale_gth_0/synth/ibert_ultrascale_gth_0.v:1033]
WARNING: [Synth 8-7071] port 'sl_oport27' of module 'ibert_ultrascale_gth_v1_4_10_ibert_ultrascale_gth' is unconnected for instance 'inst' [d:/FPGA/Vivaldo Project/INTERFACE/SFP GT BERT/01_ibert_loopback/Vivado/ibert_ultrascale_gth_0_ex.gen/sources_1/ip/ibert_ultrascale_gth_0/synth/ibert_ultrascale_gth_0.v:1033]
WARNING: [Synth 8-7071] port 'sl_oport28' of module 'ibert_ultrascale_gth_v1_4_10_ibert_ultrascale_gth' is unconnected for instance 'inst' [d:/FPGA/Vivaldo Project/INTERFACE/SFP GT BERT/01_ibert_loopback/Vivado/ibert_ultrascale_gth_0_ex.gen/sources_1/ip/ibert_ultrascale_gth_0/synth/ibert_ultrascale_gth_0.v:1033]
WARNING: [Synth 8-7071] port 'sl_oport29' of module 'ibert_ultrascale_gth_v1_4_10_ibert_ultrascale_gth' is unconnected for instance 'inst' [d:/FPGA/Vivaldo Project/INTERFACE/SFP GT BERT/01_ibert_loopback/Vivado/ibert_ultrascale_gth_0_ex.gen/sources_1/ip/ibert_ultrascale_gth_0/synth/ibert_ultrascale_gth_0.v:1033]
WARNING: [Synth 8-7071] port 'sl_oport30' of module 'ibert_ultrascale_gth_v1_4_10_ibert_ultrascale_gth' is unconnected for instance 'inst' [d:/FPGA/Vivaldo Project/INTERFACE/SFP GT BERT/01_ibert_loopback/Vivado/ibert_ultrascale_gth_0_ex.gen/sources_1/ip/ibert_ultrascale_gth_0/synth/ibert_ultrascale_gth_0.v:1033]
WARNING: [Synth 8-7071] port 'sl_oport31' of module 'ibert_ultrascale_gth_v1_4_10_ibert_ultrascale_gth' is unconnected for instance 'inst' [d:/FPGA/Vivaldo Project/INTERFACE/SFP GT BERT/01_ibert_loopback/Vivado/ibert_ultrascale_gth_0_ex.gen/sources_1/ip/ibert_ultrascale_gth_0/synth/ibert_ultrascale_gth_0.v:1033]
WARNING: [Synth 8-7071] port 'sl_oport32' of module 'ibert_ultrascale_gth_v1_4_10_ibert_ultrascale_gth' is unconnected for instance 'inst' [d:/FPGA/Vivaldo Project/INTERFACE/SFP GT BERT/01_ibert_loopback/Vivado/ibert_ultrascale_gth_0_ex.gen/sources_1/ip/ibert_ultrascale_gth_0/synth/ibert_ultrascale_gth_0.v:1033]
WARNING: [Synth 8-7071] port 'sl_oport33' of module 'ibert_ultrascale_gth_v1_4_10_ibert_ultrascale_gth' is unconnected for instance 'inst' [d:/FPGA/Vivaldo Project/INTERFACE/SFP GT BERT/01_ibert_loopback/Vivado/ibert_ultrascale_gth_0_ex.gen/sources_1/ip/ibert_ultrascale_gth_0/synth/ibert_ultrascale_gth_0.v:1033]
WARNING: [Synth 8-7071] port 'sl_oport34' of module 'ibert_ultrascale_gth_v1_4_10_ibert_ultrascale_gth' is unconnected for instance 'inst' [d:/FPGA/Vivaldo Project/INTERFACE/SFP GT BERT/01_ibert_loopback/Vivado/ibert_ultrascale_gth_0_ex.gen/sources_1/ip/ibert_ultrascale_gth_0/synth/ibert_ultrascale_gth_0.v:1033]
WARNING: [Synth 8-7071] port 'sl_oport35' of module 'ibert_ultrascale_gth_v1_4_10_ibert_ultrascale_gth' is unconnected for instance 'inst' [d:/FPGA/Vivaldo Project/INTERFACE/SFP GT BERT/01_ibert_loopback/Vivado/ibert_ultrascale_gth_0_ex.gen/sources_1/ip/ibert_ultrascale_gth_0/synth/ibert_ultrascale_gth_0.v:1033]
WARNING: [Synth 8-7071] port 'sl_oport36' of module 'ibert_ultrascale_gth_v1_4_10_ibert_ultrascale_gth' is unconnected for instance 'inst' [d:/FPGA/Vivaldo Project/INTERFACE/SFP GT BERT/01_ibert_loopback/Vivado/ibert_ultrascale_gth_0_ex.gen/sources_1/ip/ibert_ultrascale_gth_0/synth/ibert_ultrascale_gth_0.v:1033]
WARNING: [Synth 8-7071] port 'sl_oport37' of module 'ibert_ultrascale_gth_v1_4_10_ibert_ultrascale_gth' is unconnected for instance 'inst' [d:/FPGA/Vivaldo Project/INTERFACE/SFP GT BERT/01_ibert_loopback/Vivado/ibert_ultrascale_gth_0_ex.gen/sources_1/ip/ibert_ultrascale_gth_0/synth/ibert_ultrascale_gth_0.v:1033]
WARNING: [Synth 8-7071] port 'sl_oport38' of module 'ibert_ultrascale_gth_v1_4_10_ibert_ultrascale_gth' is unconnected for instance 'inst' [d:/FPGA/Vivaldo Project/INTERFACE/SFP GT BERT/01_ibert_loopback/Vivado/ibert_ultrascale_gth_0_ex.gen/sources_1/ip/ibert_ultrascale_gth_0/synth/ibert_ultrascale_gth_0.v:1033]
WARNING: [Synth 8-7071] port 'sl_oport39' of module 'ibert_ultrascale_gth_v1_4_10_ibert_ultrascale_gth' is unconnected for instance 'inst' [d:/FPGA/Vivaldo Project/INTERFACE/SFP GT BERT/01_ibert_loopback/Vivado/ibert_ultrascale_gth_0_ex.gen/sources_1/ip/ibert_ultrascale_gth_0/synth/ibert_ultrascale_gth_0.v:1033]
WARNING: [Synth 8-7071] port 'sl_oport40' of module 'ibert_ultrascale_gth_v1_4_10_ibert_ultrascale_gth' is unconnected for instance 'inst' [d:/FPGA/Vivaldo Project/INTERFACE/SFP GT BERT/01_ibert_loopback/Vivado/ibert_ultrascale_gth_0_ex.gen/sources_1/ip/ibert_ultrascale_gth_0/synth/ibert_ultrascale_gth_0.v:1033]
WARNING: [Synth 8-7071] port 'sl_oport41' of module 'ibert_ultrascale_gth_v1_4_10_ibert_ultrascale_gth' is unconnected for instance 'inst' [d:/FPGA/Vivaldo Project/INTERFACE/SFP GT BERT/01_ibert_loopback/Vivado/ibert_ultrascale_gth_0_ex.gen/sources_1/ip/ibert_ultrascale_gth_0/synth/ibert_ultrascale_gth_0.v:1033]
WARNING: [Synth 8-7071] port 'sl_oport42' of module 'ibert_ultrascale_gth_v1_4_10_ibert_ultrascale_gth' is unconnected for instance 'inst' [d:/FPGA/Vivaldo Project/INTERFACE/SFP GT BERT/01_ibert_loopback/Vivado/ibert_ultrascale_gth_0_ex.gen/sources_1/ip/ibert_ultrascale_gth_0/synth/ibert_ultrascale_gth_0.v:1033]
WARNING: [Synth 8-7071] port 'sl_oport43' of module 'ibert_ultrascale_gth_v1_4_10_ibert_ultrascale_gth' is unconnected for instance 'inst' [d:/FPGA/Vivaldo Project/INTERFACE/SFP GT BERT/01_ibert_loopback/Vivado/ibert_ultrascale_gth_0_ex.gen/sources_1/ip/ibert_ultrascale_gth_0/synth/ibert_ultrascale_gth_0.v:1033]
WARNING: [Synth 8-7071] port 'sl_oport44' of module 'ibert_ultrascale_gth_v1_4_10_ibert_ultrascale_gth' is unconnected for instance 'inst' [d:/FPGA/Vivaldo Project/INTERFACE/SFP GT BERT/01_ibert_loopback/Vivado/ibert_ultrascale_gth_0_ex.gen/sources_1/ip/ibert_ultrascale_gth_0/synth/ibert_ultrascale_gth_0.v:1033]
WARNING: [Synth 8-7071] port 'sl_oport45' of module 'ibert_ultrascale_gth_v1_4_10_ibert_ultrascale_gth' is unconnected for instance 'inst' [d:/FPGA/Vivaldo Project/INTERFACE/SFP GT BERT/01_ibert_loopback/Vivado/ibert_ultrascale_gth_0_ex.gen/sources_1/ip/ibert_ultrascale_gth_0/synth/ibert_ultrascale_gth_0.v:1033]
WARNING: [Synth 8-7071] port 'sl_oport46' of module 'ibert_ultrascale_gth_v1_4_10_ibert_ultrascale_gth' is unconnected for instance 'inst' [d:/FPGA/Vivaldo Project/INTERFACE/SFP GT BERT/01_ibert_loopback/Vivado/ibert_ultrascale_gth_0_ex.gen/sources_1/ip/ibert_ultrascale_gth_0/synth/ibert_ultrascale_gth_0.v:1033]
WARNING: [Synth 8-7071] port 'sl_oport47' of module 'ibert_ultrascale_gth_v1_4_10_ibert_ultrascale_gth' is unconnected for instance 'inst' [d:/FPGA/Vivaldo Project/INTERFACE/SFP GT BERT/01_ibert_loopback/Vivado/ibert_ultrascale_gth_0_ex.gen/sources_1/ip/ibert_ultrascale_gth_0/synth/ibert_ultrascale_gth_0.v:1033]
WARNING: [Synth 8-7071] port 'sl_oport48' of module 'ibert_ultrascale_gth_v1_4_10_ibert_ultrascale_gth' is unconnected for instance 'inst' [d:/FPGA/Vivaldo Project/INTERFACE/SFP GT BERT/01_ibert_loopback/Vivado/ibert_ultrascale_gth_0_ex.gen/sources_1/ip/ibert_ultrascale_gth_0/synth/ibert_ultrascale_gth_0.v:1033]
WARNING: [Synth 8-7071] port 'sl_oport49' of module 'ibert_ultrascale_gth_v1_4_10_ibert_ultrascale_gth' is unconnected for instance 'inst' [d:/FPGA/Vivaldo Project/INTERFACE/SFP GT BERT/01_ibert_loopback/Vivado/ibert_ultrascale_gth_0_ex.gen/sources_1/ip/ibert_ultrascale_gth_0/synth/ibert_ultrascale_gth_0.v:1033]
WARNING: [Synth 8-7071] port 'sl_oport50' of module 'ibert_ultrascale_gth_v1_4_10_ibert_ultrascale_gth' is unconnected for instance 'inst' [d:/FPGA/Vivaldo Project/INTERFACE/SFP GT BERT/01_ibert_loopback/Vivado/ibert_ultrascale_gth_0_ex.gen/sources_1/ip/ibert_ultrascale_gth_0/synth/ibert_ultrascale_gth_0.v:1033]
WARNING: [Synth 8-7071] port 'sl_oport51' of module 'ibert_ultrascale_gth_v1_4_10_ibert_ultrascale_gth' is unconnected for instance 'inst' [d:/FPGA/Vivaldo Project/INTERFACE/SFP GT BERT/01_ibert_loopback/Vivado/ibert_ultrascale_gth_0_ex.gen/sources_1/ip/ibert_ultrascale_gth_0/synth/ibert_ultrascale_gth_0.v:1033]
WARNING: [Synth 8-7071] port 'sl_oport52' of module 'ibert_ultrascale_gth_v1_4_10_ibert_ultrascale_gth' is unconnected for instance 'inst' [d:/FPGA/Vivaldo Project/INTERFACE/SFP GT BERT/01_ibert_loopback/Vivado/ibert_ultrascale_gth_0_ex.gen/sources_1/ip/ibert_ultrascale_gth_0/synth/ibert_ultrascale_gth_0.v:1033]
WARNING: [Synth 8-7071] port 'sl_oport53' of module 'ibert_ultrascale_gth_v1_4_10_ibert_ultrascale_gth' is unconnected for instance 'inst' [d:/FPGA/Vivaldo Project/INTERFACE/SFP GT BERT/01_ibert_loopback/Vivado/ibert_ultrascale_gth_0_ex.gen/sources_1/ip/ibert_ultrascale_gth_0/synth/ibert_ultrascale_gth_0.v:1033]
WARNING: [Synth 8-7071] port 'sl_oport54' of module 'ibert_ultrascale_gth_v1_4_10_ibert_ultrascale_gth' is unconnected for instance 'inst' [d:/FPGA/Vivaldo Project/INTERFACE/SFP GT BERT/01_ibert_loopback/Vivado/ibert_ultrascale_gth_0_ex.gen/sources_1/ip/ibert_ultrascale_gth_0/synth/ibert_ultrascale_gth_0.v:1033]
WARNING: [Synth 8-7071] port 'sl_oport55' of module 'ibert_ultrascale_gth_v1_4_10_ibert_ultrascale_gth' is unconnected for instance 'inst' [d:/FPGA/Vivaldo Project/INTERFACE/SFP GT BERT/01_ibert_loopback/Vivado/ibert_ultrascale_gth_0_ex.gen/sources_1/ip/ibert_ultrascale_gth_0/synth/ibert_ultrascale_gth_0.v:1033]
WARNING: [Synth 8-7071] port 'sl_oport56' of module 'ibert_ultrascale_gth_v1_4_10_ibert_ultrascale_gth' is unconnected for instance 'inst' [d:/FPGA/Vivaldo Project/INTERFACE/SFP GT BERT/01_ibert_loopback/Vivado/ibert_ultrascale_gth_0_ex.gen/sources_1/ip/ibert_ultrascale_gth_0/synth/ibert_ultrascale_gth_0.v:1033]
WARNING: [Synth 8-7071] port 'sl_oport57' of module 'ibert_ultrascale_gth_v1_4_10_ibert_ultrascale_gth' is unconnected for instance 'inst' [d:/FPGA/Vivaldo Project/INTERFACE/SFP GT BERT/01_ibert_loopback/Vivado/ibert_ultrascale_gth_0_ex.gen/sources_1/ip/ibert_ultrascale_gth_0/synth/ibert_ultrascale_gth_0.v:1033]
WARNING: [Synth 8-7071] port 'sl_oport58' of module 'ibert_ultrascale_gth_v1_4_10_ibert_ultrascale_gth' is unconnected for instance 'inst' [d:/FPGA/Vivaldo Project/INTERFACE/SFP GT BERT/01_ibert_loopback/Vivado/ibert_ultrascale_gth_0_ex.gen/sources_1/ip/ibert_ultrascale_gth_0/synth/ibert_ultrascale_gth_0.v:1033]
WARNING: [Synth 8-7071] port 'sl_oport59' of module 'ibert_ultrascale_gth_v1_4_10_ibert_ultrascale_gth' is unconnected for instance 'inst' [d:/FPGA/Vivaldo Project/INTERFACE/SFP GT BERT/01_ibert_loopback/Vivado/ibert_ultrascale_gth_0_ex.gen/sources_1/ip/ibert_ultrascale_gth_0/synth/ibert_ultrascale_gth_0.v:1033]
WARNING: [Synth 8-7071] port 'sl_oport60' of module 'ibert_ultrascale_gth_v1_4_10_ibert_ultrascale_gth' is unconnected for instance 'inst' [d:/FPGA/Vivaldo Project/INTERFACE/SFP GT BERT/01_ibert_loopback/Vivado/ibert_ultrascale_gth_0_ex.gen/sources_1/ip/ibert_ultrascale_gth_0/synth/ibert_ultrascale_gth_0.v:1033]
WARNING: [Synth 8-7071] port 'sl_oport61' of module 'ibert_ultrascale_gth_v1_4_10_ibert_ultrascale_gth' is unconnected for instance 'inst' [d:/FPGA/Vivaldo Project/INTERFACE/SFP GT BERT/01_ibert_loopback/Vivado/ibert_ultrascale_gth_0_ex.gen/sources_1/ip/ibert_ultrascale_gth_0/synth/ibert_ultrascale_gth_0.v:1033]
WARNING: [Synth 8-7071] port 'sl_oport62' of module 'ibert_ultrascale_gth_v1_4_10_ibert_ultrascale_gth' is unconnected for instance 'inst' [d:/FPGA/Vivaldo Project/INTERFACE/SFP GT BERT/01_ibert_loopback/Vivado/ibert_ultrascale_gth_0_ex.gen/sources_1/ip/ibert_ultrascale_gth_0/synth/ibert_ultrascale_gth_0.v:1033]
WARNING: [Synth 8-7071] port 'sl_oport63' of module 'ibert_ultrascale_gth_v1_4_10_ibert_ultrascale_gth' is unconnected for instance 'inst' [d:/FPGA/Vivaldo Project/INTERFACE/SFP GT BERT/01_ibert_loopback/Vivado/ibert_ultrascale_gth_0_ex.gen/sources_1/ip/ibert_ultrascale_gth_0/synth/ibert_ultrascale_gth_0.v:1033]
WARNING: [Synth 8-7071] port 'sl_oport64' of module 'ibert_ultrascale_gth_v1_4_10_ibert_ultrascale_gth' is unconnected for instance 'inst' [d:/FPGA/Vivaldo Project/INTERFACE/SFP GT BERT/01_ibert_loopback/Vivado/ibert_ultrascale_gth_0_ex.gen/sources_1/ip/ibert_ultrascale_gth_0/synth/ibert_ultrascale_gth_0.v:1033]
WARNING: [Synth 8-7071] port 'sl_oport65' of module 'ibert_ultrascale_gth_v1_4_10_ibert_ultrascale_gth' is unconnected for instance 'inst' [d:/FPGA/Vivaldo Project/INTERFACE/SFP GT BERT/01_ibert_loopback/Vivado/ibert_ultrascale_gth_0_ex.gen/sources_1/ip/ibert_ultrascale_gth_0/synth/ibert_ultrascale_gth_0.v:1033]
WARNING: [Synth 8-7071] port 'sl_oport66' of module 'ibert_ultrascale_gth_v1_4_10_ibert_ultrascale_gth' is unconnected for instance 'inst' [d:/FPGA/Vivaldo Project/INTERFACE/SFP GT BERT/01_ibert_loopback/Vivado/ibert_ultrascale_gth_0_ex.gen/sources_1/ip/ibert_ultrascale_gth_0/synth/ibert_ultrascale_gth_0.v:1033]
WARNING: [Synth 8-7071] port 'sl_oport67' of module 'ibert_ultrascale_gth_v1_4_10_ibert_ultrascale_gth' is unconnected for instance 'inst' [d:/FPGA/Vivaldo Project/INTERFACE/SFP GT BERT/01_ibert_loopback/Vivado/ibert_ultrascale_gth_0_ex.gen/sources_1/ip/ibert_ultrascale_gth_0/synth/ibert_ultrascale_gth_0.v:1033]
WARNING: [Synth 8-7071] port 'sl_oport68' of module 'ibert_ultrascale_gth_v1_4_10_ibert_ultrascale_gth' is unconnected for instance 'inst' [d:/FPGA/Vivaldo Project/INTERFACE/SFP GT BERT/01_ibert_loopback/Vivado/ibert_ultrascale_gth_0_ex.gen/sources_1/ip/ibert_ultrascale_gth_0/synth/ibert_ultrascale_gth_0.v:1033]
WARNING: [Synth 8-7071] port 'sl_oport69' of module 'ibert_ultrascale_gth_v1_4_10_ibert_ultrascale_gth' is unconnected for instance 'inst' [d:/FPGA/Vivaldo Project/INTERFACE/SFP GT BERT/01_ibert_loopback/Vivado/ibert_ultrascale_gth_0_ex.gen/sources_1/ip/ibert_ultrascale_gth_0/synth/ibert_ultrascale_gth_0.v:1033]
WARNING: [Synth 8-7071] port 'sl_oport70' of module 'ibert_ultrascale_gth_v1_4_10_ibert_ultrascale_gth' is unconnected for instance 'inst' [d:/FPGA/Vivaldo Project/INTERFACE/SFP GT BERT/01_ibert_loopback/Vivado/ibert_ultrascale_gth_0_ex.gen/sources_1/ip/ibert_ultrascale_gth_0/synth/ibert_ultrascale_gth_0.v:1033]
WARNING: [Synth 8-7071] port 'sl_oport71' of module 'ibert_ultrascale_gth_v1_4_10_ibert_ultrascale_gth' is unconnected for instance 'inst' [d:/FPGA/Vivaldo Project/INTERFACE/SFP GT BERT/01_ibert_loopback/Vivado/ibert_ultrascale_gth_0_ex.gen/sources_1/ip/ibert_ultrascale_gth_0/synth/ibert_ultrascale_gth_0.v:1033]
WARNING: [Synth 8-7071] port 'sl_oport72' of module 'ibert_ultrascale_gth_v1_4_10_ibert_ultrascale_gth' is unconnected for instance 'inst' [d:/FPGA/Vivaldo Project/INTERFACE/SFP GT BERT/01_ibert_loopback/Vivado/ibert_ultrascale_gth_0_ex.gen/sources_1/ip/ibert_ultrascale_gth_0/synth/ibert_ultrascale_gth_0.v:1033]
WARNING: [Synth 8-7071] port 'sl_oport73' of module 'ibert_ultrascale_gth_v1_4_10_ibert_ultrascale_gth' is unconnected for instance 'inst' [d:/FPGA/Vivaldo Project/INTERFACE/SFP GT BERT/01_ibert_loopback/Vivado/ibert_ultrascale_gth_0_ex.gen/sources_1/ip/ibert_ultrascale_gth_0/synth/ibert_ultrascale_gth_0.v:1033]
WARNING: [Synth 8-7071] port 'sl_oport74' of module 'ibert_ultrascale_gth_v1_4_10_ibert_ultrascale_gth' is unconnected for instance 'inst' [d:/FPGA/Vivaldo Project/INTERFACE/SFP GT BERT/01_ibert_loopback/Vivado/ibert_ultrascale_gth_0_ex.gen/sources_1/ip/ibert_ultrascale_gth_0/synth/ibert_ultrascale_gth_0.v:1033]
WARNING: [Synth 8-7071] port 'sl_oport75' of module 'ibert_ultrascale_gth_v1_4_10_ibert_ultrascale_gth' is unconnected for instance 'inst' [d:/FPGA/Vivaldo Project/INTERFACE/SFP GT BERT/01_ibert_loopback/Vivado/ibert_ultrascale_gth_0_ex.gen/sources_1/ip/ibert_ultrascale_gth_0/synth/ibert_ultrascale_gth_0.v:1033]
WARNING: [Synth 8-7071] port 'sl_oport76' of module 'ibert_ultrascale_gth_v1_4_10_ibert_ultrascale_gth' is unconnected for instance 'inst' [d:/FPGA/Vivaldo Project/INTERFACE/SFP GT BERT/01_ibert_loopback/Vivado/ibert_ultrascale_gth_0_ex.gen/sources_1/ip/ibert_ultrascale_gth_0/synth/ibert_ultrascale_gth_0.v:1033]
WARNING: [Synth 8-7071] port 'sl_oport77' of module 'ibert_ultrascale_gth_v1_4_10_ibert_ultrascale_gth' is unconnected for instance 'inst' [d:/FPGA/Vivaldo Project/INTERFACE/SFP GT BERT/01_ibert_loopback/Vivado/ibert_ultrascale_gth_0_ex.gen/sources_1/ip/ibert_ultrascale_gth_0/synth/ibert_ultrascale_gth_0.v:1033]
WARNING: [Synth 8-7071] port 'sl_oport78' of module 'ibert_ultrascale_gth_v1_4_10_ibert_ultrascale_gth' is unconnected for instance 'inst' [d:/FPGA/Vivaldo Project/INTERFACE/SFP GT BERT/01_ibert_loopback/Vivado/ibert_ultrascale_gth_0_ex.gen/sources_1/ip/ibert_ultrascale_gth_0/synth/ibert_ultrascale_gth_0.v:1033]
WARNING: [Synth 8-7071] port 'sl_oport79' of module 'ibert_ultrascale_gth_v1_4_10_ibert_ultrascale_gth' is unconnected for instance 'inst' [d:/FPGA/Vivaldo Project/INTERFACE/SFP GT BERT/01_ibert_loopback/Vivado/ibert_ultrascale_gth_0_ex.gen/sources_1/ip/ibert_ultrascale_gth_0/synth/ibert_ultrascale_gth_0.v:1033]
WARNING: [Synth 8-7071] port 'sl_oport80' of module 'ibert_ultrascale_gth_v1_4_10_ibert_ultrascale_gth' is unconnected for instance 'inst' [d:/FPGA/Vivaldo Project/INTERFACE/SFP GT BERT/01_ibert_loopback/Vivado/ibert_ultrascale_gth_0_ex.gen/sources_1/ip/ibert_ultrascale_gth_0/synth/ibert_ultrascale_gth_0.v:1033]
WARNING: [Synth 8-7071] port 'sl_oport81' of module 'ibert_ultrascale_gth_v1_4_10_ibert_ultrascale_gth' is unconnected for instance 'inst' [d:/FPGA/Vivaldo Project/INTERFACE/SFP GT BERT/01_ibert_loopback/Vivado/ibert_ultrascale_gth_0_ex.gen/sources_1/ip/ibert_ultrascale_gth_0/synth/ibert_ultrascale_gth_0.v:1033]
WARNING: [Synth 8-7071] port 'sl_oport82' of module 'ibert_ultrascale_gth_v1_4_10_ibert_ultrascale_gth' is unconnected for instance 'inst' [d:/FPGA/Vivaldo Project/INTERFACE/SFP GT BERT/01_ibert_loopback/Vivado/ibert_ultrascale_gth_0_ex.gen/sources_1/ip/ibert_ultrascale_gth_0/synth/ibert_ultrascale_gth_0.v:1033]
WARNING: [Synth 8-7071] port 'sl_oport83' of module 'ibert_ultrascale_gth_v1_4_10_ibert_ultrascale_gth' is unconnected for instance 'inst' [d:/FPGA/Vivaldo Project/INTERFACE/SFP GT BERT/01_ibert_loopback/Vivado/ibert_ultrascale_gth_0_ex.gen/sources_1/ip/ibert_ultrascale_gth_0/synth/ibert_ultrascale_gth_0.v:1033]
WARNING: [Synth 8-7071] port 'sl_oport84' of module 'ibert_ultrascale_gth_v1_4_10_ibert_ultrascale_gth' is unconnected for instance 'inst' [d:/FPGA/Vivaldo Project/INTERFACE/SFP GT BERT/01_ibert_loopback/Vivado/ibert_ultrascale_gth_0_ex.gen/sources_1/ip/ibert_ultrascale_gth_0/synth/ibert_ultrascale_gth_0.v:1033]
WARNING: [Synth 8-7071] port 'sl_oport85' of module 'ibert_ultrascale_gth_v1_4_10_ibert_ultrascale_gth' is unconnected for instance 'inst' [d:/FPGA/Vivaldo Project/INTERFACE/SFP GT BERT/01_ibert_loopback/Vivado/ibert_ultrascale_gth_0_ex.gen/sources_1/ip/ibert_ultrascale_gth_0/synth/ibert_ultrascale_gth_0.v:1033]
WARNING: [Synth 8-7071] port 'sl_oport86' of module 'ibert_ultrascale_gth_v1_4_10_ibert_ultrascale_gth' is unconnected for instance 'inst' [d:/FPGA/Vivaldo Project/INTERFACE/SFP GT BERT/01_ibert_loopback/Vivado/ibert_ultrascale_gth_0_ex.gen/sources_1/ip/ibert_ultrascale_gth_0/synth/ibert_ultrascale_gth_0.v:1033]
WARNING: [Synth 8-7071] port 'sl_oport87' of module 'ibert_ultrascale_gth_v1_4_10_ibert_ultrascale_gth' is unconnected for instance 'inst' [d:/FPGA/Vivaldo Project/INTERFACE/SFP GT BERT/01_ibert_loopback/Vivado/ibert_ultrascale_gth_0_ex.gen/sources_1/ip/ibert_ultrascale_gth_0/synth/ibert_ultrascale_gth_0.v:1033]
WARNING: [Synth 8-7071] port 'sl_oport88' of module 'ibert_ultrascale_gth_v1_4_10_ibert_ultrascale_gth' is unconnected for instance 'inst' [d:/FPGA/Vivaldo Project/INTERFACE/SFP GT BERT/01_ibert_loopback/Vivado/ibert_ultrascale_gth_0_ex.gen/sources_1/ip/ibert_ultrascale_gth_0/synth/ibert_ultrascale_gth_0.v:1033]
WARNING: [Synth 8-7071] port 'sl_oport89' of module 'ibert_ultrascale_gth_v1_4_10_ibert_ultrascale_gth' is unconnected for instance 'inst' [d:/FPGA/Vivaldo Project/INTERFACE/SFP GT BERT/01_ibert_loopback/Vivado/ibert_ultrascale_gth_0_ex.gen/sources_1/ip/ibert_ultrascale_gth_0/synth/ibert_ultrascale_gth_0.v:1033]
WARNING: [Synth 8-7071] port 'sl_oport90' of module 'ibert_ultrascale_gth_v1_4_10_ibert_ultrascale_gth' is unconnected for instance 'inst' [d:/FPGA/Vivaldo Project/INTERFACE/SFP GT BERT/01_ibert_loopback/Vivado/ibert_ultrascale_gth_0_ex.gen/sources_1/ip/ibert_ultrascale_gth_0/synth/ibert_ultrascale_gth_0.v:1033]
WARNING: [Synth 8-7071] port 'sl_oport91' of module 'ibert_ultrascale_gth_v1_4_10_ibert_ultrascale_gth' is unconnected for instance 'inst' [d:/FPGA/Vivaldo Project/INTERFACE/SFP GT BERT/01_ibert_loopback/Vivado/ibert_ultrascale_gth_0_ex.gen/sources_1/ip/ibert_ultrascale_gth_0/synth/ibert_ultrascale_gth_0.v:1033]
WARNING: [Synth 8-7071] port 'sl_oport92' of module 'ibert_ultrascale_gth_v1_4_10_ibert_ultrascale_gth' is unconnected for instance 'inst' [d:/FPGA/Vivaldo Project/INTERFACE/SFP GT BERT/01_ibert_loopback/Vivado/ibert_ultrascale_gth_0_ex.gen/sources_1/ip/ibert_ultrascale_gth_0/synth/ibert_ultrascale_gth_0.v:1033]
WARNING: [Synth 8-7071] port 'sl_oport93' of module 'ibert_ultrascale_gth_v1_4_10_ibert_ultrascale_gth' is unconnected for instance 'inst' [d:/FPGA/Vivaldo Project/INTERFACE/SFP GT BERT/01_ibert_loopback/Vivado/ibert_ultrascale_gth_0_ex.gen/sources_1/ip/ibert_ultrascale_gth_0/synth/ibert_ultrascale_gth_0.v:1033]
WARNING: [Synth 8-7071] port 'sl_oport94' of module 'ibert_ultrascale_gth_v1_4_10_ibert_ultrascale_gth' is unconnected for instance 'inst' [d:/FPGA/Vivaldo Project/INTERFACE/SFP GT BERT/01_ibert_loopback/Vivado/ibert_ultrascale_gth_0_ex.gen/sources_1/ip/ibert_ultrascale_gth_0/synth/ibert_ultrascale_gth_0.v:1033]
WARNING: [Synth 8-7071] port 'sl_oport95' of module 'ibert_ultrascale_gth_v1_4_10_ibert_ultrascale_gth' is unconnected for instance 'inst' [d:/FPGA/Vivaldo Project/INTERFACE/SFP GT BERT/01_ibert_loopback/Vivado/ibert_ultrascale_gth_0_ex.gen/sources_1/ip/ibert_ultrascale_gth_0/synth/ibert_ultrascale_gth_0.v:1033]
WARNING: [Synth 8-7071] port 'sl_oport96' of module 'ibert_ultrascale_gth_v1_4_10_ibert_ultrascale_gth' is unconnected for instance 'inst' [d:/FPGA/Vivaldo Project/INTERFACE/SFP GT BERT/01_ibert_loopback/Vivado/ibert_ultrascale_gth_0_ex.gen/sources_1/ip/ibert_ultrascale_gth_0/synth/ibert_ultrascale_gth_0.v:1033]
WARNING: [Synth 8-7071] port 'sl_oport97' of module 'ibert_ultrascale_gth_v1_4_10_ibert_ultrascale_gth' is unconnected for instance 'inst' [d:/FPGA/Vivaldo Project/INTERFACE/SFP GT BERT/01_ibert_loopback/Vivado/ibert_ultrascale_gth_0_ex.gen/sources_1/ip/ibert_ultrascale_gth_0/synth/ibert_ultrascale_gth_0.v:1033]
WARNING: [Synth 8-7071] port 'sl_oport98' of module 'ibert_ultrascale_gth_v1_4_10_ibert_ultrascale_gth' is unconnected for instance 'inst' [d:/FPGA/Vivaldo Project/INTERFACE/SFP GT BERT/01_ibert_loopback/Vivado/ibert_ultrascale_gth_0_ex.gen/sources_1/ip/ibert_ultrascale_gth_0/synth/ibert_ultrascale_gth_0.v:1033]
WARNING: [Synth 8-7071] port 'sl_oport99' of module 'ibert_ultrascale_gth_v1_4_10_ibert_ultrascale_gth' is unconnected for instance 'inst' [d:/FPGA/Vivaldo Project/INTERFACE/SFP GT BERT/01_ibert_loopback/Vivado/ibert_ultrascale_gth_0_ex.gen/sources_1/ip/ibert_ultrascale_gth_0/synth/ibert_ultrascale_gth_0.v:1033]
WARNING: [Synth 8-7071] port 'sl_oport100' of module 'ibert_ultrascale_gth_v1_4_10_ibert_ultrascale_gth' is unconnected for instance 'inst' [d:/FPGA/Vivaldo Project/INTERFACE/SFP GT BERT/01_ibert_loopback/Vivado/ibert_ultrascale_gth_0_ex.gen/sources_1/ip/ibert_ultrascale_gth_0/synth/ibert_ultrascale_gth_0.v:1033]
WARNING: [Synth 8-7071] port 'sl_oport101' of module 'ibert_ultrascale_gth_v1_4_10_ibert_ultrascale_gth' is unconnected for instance 'inst' [d:/FPGA/Vivaldo Project/INTERFACE/SFP GT BERT/01_ibert_loopback/Vivado/ibert_ultrascale_gth_0_ex.gen/sources_1/ip/ibert_ultrascale_gth_0/synth/ibert_ultrascale_gth_0.v:1033]
WARNING: [Synth 8-7071] port 'sl_oport102' of module 'ibert_ultrascale_gth_v1_4_10_ibert_ultrascale_gth' is unconnected for instance 'inst' [d:/FPGA/Vivaldo Project/INTERFACE/SFP GT BERT/01_ibert_loopback/Vivado/ibert_ultrascale_gth_0_ex.gen/sources_1/ip/ibert_ultrascale_gth_0/synth/ibert_ultrascale_gth_0.v:1033]
WARNING: [Synth 8-7071] port 'sl_oport103' of module 'ibert_ultrascale_gth_v1_4_10_ibert_ultrascale_gth' is unconnected for instance 'inst' [d:/FPGA/Vivaldo Project/INTERFACE/SFP GT BERT/01_ibert_loopback/Vivado/ibert_ultrascale_gth_0_ex.gen/sources_1/ip/ibert_ultrascale_gth_0/synth/ibert_ultrascale_gth_0.v:1033]
INFO: [Common 17-14] Message 'Synth 8-7071' appears 100 times and further instances of the messages will be disabled. Use the Tcl command set_msg_config to change the current settings.
WARNING: [Synth 8-7023] instance 'inst' of module 'ibert_ultrascale_gth_v1_4_10_ibert_ultrascale_gth' has 351 connections declared, but only 34 given [d:/FPGA/Vivaldo Project/INTERFACE/SFP GT BERT/01_ibert_loopback/Vivado/ibert_ultrascale_gth_0_ex.gen/sources_1/ip/ibert_ultrascale_gth_0/synth/ibert_ultrascale_gth_0.v:1033]
INFO: [Synth 8-6155] done synthesizing module 'ibert_ultrascale_gth_0' (0#1) [d:/FPGA/Vivaldo Project/INTERFACE/SFP GT BERT/01_ibert_loopback/Vivado/ibert_ultrascale_gth_0_ex.gen/sources_1/ip/ibert_ultrascale_gth_0/synth/ibert_ultrascale_gth_0.v:53]
WARNING: [Synth 8-7023] instance 'u_ibert_gth_core' of module 'ibert_ultrascale_gth_0' has 24 connections declared, but only 23 given [D:/FPGA/Vivaldo Project/INTERFACE/SFP GT BERT/01_ibert_loopback/Vivado/imports/example_ibert_ultrascale_gth_0.v:122]
INFO: [Synth 8-6155] done synthesizing module 'example_ibert_ultrascale_gth_0' (0#1) [D:/FPGA/Vivaldo Project/INTERFACE/SFP GT BERT/01_ibert_loopback/Vivado/imports/example_ibert_ultrascale_gth_0.v:21]
WARNING: [Synth 8-3848] Net sl_iport0 in module/entity ibert_ultrascale_gth_0 does not have driver. [d:/FPGA/Vivaldo Project/INTERFACE/SFP GT BERT/01_ibert_loopback/Vivado/ibert_ultrascale_gth_0_ex.gen/sources_1/ip/ibert_ultrascale_gth_0/synth/ibert_ultrascale_gth_0.v:120]
WARNING: [Synth 8-3848] Net sl_iport1 in module/entity ibert_ultrascale_gth_0 does not have driver. [d:/FPGA/Vivaldo Project/INTERFACE/SFP GT BERT/01_ibert_loopback/Vivado/ibert_ultrascale_gth_0_ex.gen/sources_1/ip/ibert_ultrascale_gth_0/synth/ibert_ultrascale_gth_0.v:121]
WARNING: [Synth 8-3848] Net sl_iport2 in module/entity ibert_ultrascale_gth_0 does not have driver. [d:/FPGA/Vivaldo Project/INTERFACE/SFP GT BERT/01_ibert_loopback/Vivado/ibert_ultrascale_gth_0_ex.gen/sources_1/ip/ibert_ultrascale_gth_0/synth/ibert_ultrascale_gth_0.v:122]
WARNING: [Synth 8-3848] Net sl_iport3 in module/entity ibert_ultrascale_gth_0 does not have driver. [d:/FPGA/Vivaldo Project/INTERFACE/SFP GT BERT/01_ibert_loopback/Vivado/ibert_ultrascale_gth_0_ex.gen/sources_1/ip/ibert_ultrascale_gth_0/synth/ibert_ultrascale_gth_0.v:123]
WARNING: [Synth 8-3848] Net sl_iport4 in module/entity ibert_ultrascale_gth_0 does not have driver. [d:/FPGA/Vivaldo Project/INTERFACE/SFP GT BERT/01_ibert_loopback/Vivado/ibert_ultrascale_gth_0_ex.gen/sources_1/ip/ibert_ultrascale_gth_0/synth/ibert_ultrascale_gth_0.v:124]
WARNING: [Synth 8-7129] Port mb_rden_i in module ibert_lib_v1_0_7_mbio2xsdb is either unconnected or has no load
WARNING: [Synth 8-7129] Port mb_addr_i[1] in module ibert_lib_v1_0_7_mbio2xsdb is either unconnected or has no load
WARNING: [Synth 8-7129] Port mb_addr_i[0] in module ibert_lib_v1_0_7_mbio2xsdb is either unconnected or has no load
WARNING: [Synth 8-7129] Port txusrclk_ext_o in module ibert_ultrascale_gth_v1_4_10_gthe4_quad_clocking is either unconnected or has no load
WARNING: [Synth 8-7129] Port txusrclk2_ext_o in module ibert_ultrascale_gth_v1_4_10_gthe4_quad_clocking is either unconnected or has no load
WARNING: [Synth 8-7129] Port rxusrclk_ext_o in module ibert_ultrascale_gth_v1_4_10_gthe4_quad_clocking is either unconnected or has no load
WARNING: [Synth 8-7129] Port rxusrclk2_ext_o in module ibert_ultrascale_gth_v1_4_10_gthe4_quad_clocking is either unconnected or has no load
WARNING: [Synth 8-7129] Port gtrefclk0_i in module ibert_ultrascale_gth_v1_4_10_gthe4_quad_clocking is either unconnected or has no load
WARNING: [Synth 8-7129] Port gtrefclk1_i in module ibert_ultrascale_gth_v1_4_10_gthe4_quad_clocking is either unconnected or has no load
WARNING: [Synth 8-7129] Port txusrclk_ext_i[0] in module ibert_ultrascale_gth_v1_4_10_gthe4_quad_clocking is either unconnected or has no load
WARNING: [Synth 8-7129] Port txusrclk2_ext_i[0] in module ibert_ultrascale_gth_v1_4_10_gthe4_quad_clocking is either unconnected or has no load
WARNING: [Synth 8-7129] Port rxusrclk_ext_i[0] in module ibert_ultrascale_gth_v1_4_10_gthe4_quad_clocking is either unconnected or has no load
WARNING: [Synth 8-7129] Port rxusrclk2_ext_i[0] in module ibert_ultrascale_gth_v1_4_10_gthe4_quad_clocking is either unconnected or has no load
WARNING: [Synth 8-7129] Port rst_reg_i in module xsdbs_v1_0_2_reg__parameterized130 is either unconnected or has no load
WARNING: [Synth 8-7129] Port s_daddr_i[10] in module xsdbs_v1_0_2_reg__parameterized130 is either unconnected or has no load
WARNING: [Synth 8-7129] Port s_daddr_i[9] in module xsdbs_v1_0_2_reg__parameterized130 is either unconnected or has no load
WARNING: [Synth 8-7129] Port s_daddr_i[8] in module xsdbs_v1_0_2_reg__parameterized130 is either unconnected or has no load
WARNING: [Synth 8-7129] Port s_daddr_i[7] in module xsdbs_v1_0_2_reg__parameterized130 is either unconnected or has no load
WARNING: [Synth 8-7129] Port s_daddr_i[6] in module xsdbs_v1_0_2_reg__parameterized130 is either unconnected or has no load
WARNING: [Synth 8-7129] Port s_daddr_i[5] in module xsdbs_v1_0_2_reg__parameterized130 is either unconnected or has no load
WARNING: [Synth 8-7129] Port s_daddr_i[4] in module xsdbs_v1_0_2_reg__parameterized130 is either unconnected or has no load
WARNING: [Synth 8-7129] Port s_daddr_i[3] in module xsdbs_v1_0_2_reg__parameterized130 is either unconnected or has no load
WARNING: [Synth 8-7129] Port s_daddr_i[2] in module xsdbs_v1_0_2_reg__parameterized130 is either unconnected or has no load
WARNING: [Synth 8-7129] Port s_daddr_i[1] in module xsdbs_v1_0_2_reg__parameterized130 is either unconnected or has no load
WARNING: [Synth 8-7129] Port s_daddr_i[0] in module xsdbs_v1_0_2_reg__parameterized130 is either unconnected or has no load
WARNING: [Synth 8-7129] Port s_di_i[15] in module xsdbs_v1_0_2_reg__parameterized130 is either unconnected or has no load
WARNING: [Synth 8-7129] Port s_di_i[14] in module xsdbs_v1_0_2_reg__parameterized130 is either unconnected or has no load
WARNING: [Synth 8-7129] Port s_di_i[13] in module xsdbs_v1_0_2_reg__parameterized130 is either unconnected or has no load
WARNING: [Synth 8-7129] Port s_di_i[12] in module xsdbs_v1_0_2_reg__parameterized130 is either unconnected or has no load
WARNING: [Synth 8-7129] Port s_di_i[11] in module xsdbs_v1_0_2_reg__parameterized130 is either unconnected or has no load
WARNING: [Synth 8-7129] Port s_di_i[10] in module xsdbs_v1_0_2_reg__parameterized130 is either unconnected or has no load
WARNING: [Synth 8-7129] Port s_di_i[9] in module xsdbs_v1_0_2_reg__parameterized130 is either unconnected or has no load
WARNING: [Synth 8-7129] Port s_di_i[8] in module xsdbs_v1_0_2_reg__parameterized130 is either unconnected or has no load
WARNING: [Synth 8-7129] Port s_di_i[7] in module xsdbs_v1_0_2_reg__parameterized130 is either unconnected or has no load
WARNING: [Synth 8-7129] Port s_di_i[6] in module xsdbs_v1_0_2_reg__parameterized130 is either unconnected or has no load
WARNING: [Synth 8-7129] Port s_di_i[5] in module xsdbs_v1_0_2_reg__parameterized130 is either unconnected or has no load
WARNING: [Synth 8-7129] Port s_di_i[4] in module xsdbs_v1_0_2_reg__parameterized130 is either unconnected or has no load
WARNING: [Synth 8-7129] Port s_di_i[3] in module xsdbs_v1_0_2_reg__parameterized130 is either unconnected or has no load
WARNING: [Synth 8-7129] Port s_di_i[2] in module xsdbs_v1_0_2_reg__parameterized130 is either unconnected or has no load
WARNING: [Synth 8-7129] Port s_di_i[1] in module xsdbs_v1_0_2_reg__parameterized130 is either unconnected or has no load
WARNING: [Synth 8-7129] Port s_di_i[0] in module xsdbs_v1_0_2_reg__parameterized130 is either unconnected or has no load
WARNING: [Synth 8-7129] Port s_dwe_i in module xsdbs_v1_0_2_reg__parameterized130 is either unconnected or has no load
WARNING: [Synth 8-7129] Port rst_reg_i in module xsdbs_v1_0_2_reg__parameterized50 is either unconnected or has no load
WARNING: [Synth 8-7129] Port s_daddr_i[10] in module xsdbs_v1_0_2_reg__parameterized50 is either unconnected or has no load
WARNING: [Synth 8-7129] Port s_daddr_i[9] in module xsdbs_v1_0_2_reg__parameterized50 is either unconnected or has no load
WARNING: [Synth 8-7129] Port s_daddr_i[8] in module xsdbs_v1_0_2_reg__parameterized50 is either unconnected or has no load
WARNING: [Synth 8-7129] Port s_daddr_i[7] in module xsdbs_v1_0_2_reg__parameterized50 is either unconnected or has no load
WARNING: [Synth 8-7129] Port s_daddr_i[6] in module xsdbs_v1_0_2_reg__parameterized50 is either unconnected or has no load
WARNING: [Synth 8-7129] Port s_daddr_i[5] in module xsdbs_v1_0_2_reg__parameterized50 is either unconnected or has no load
WARNING: [Synth 8-7129] Port s_daddr_i[4] in module xsdbs_v1_0_2_reg__parameterized50 is either unconnected or has no load
WARNING: [Synth 8-7129] Port s_daddr_i[3] in module xsdbs_v1_0_2_reg__parameterized50 is either unconnected or has no load
WARNING: [Synth 8-7129] Port s_daddr_i[2] in module xsdbs_v1_0_2_reg__parameterized50 is either unconnected or has no load
WARNING: [Synth 8-7129] Port s_daddr_i[1] in module xsdbs_v1_0_2_reg__parameterized50 is either unconnected or has no load
WARNING: [Synth 8-7129] Port s_daddr_i[0] in module xsdbs_v1_0_2_reg__parameterized50 is either unconnected or has no load
WARNING: [Synth 8-7129] Port s_di_i[15] in module xsdbs_v1_0_2_reg__parameterized50 is either unconnected or has no load
WARNING: [Synth 8-7129] Port s_di_i[14] in module xsdbs_v1_0_2_reg__parameterized50 is either unconnected or has no load
WARNING: [Synth 8-7129] Port s_di_i[13] in module xsdbs_v1_0_2_reg__parameterized50 is either unconnected or has no load
WARNING: [Synth 8-7129] Port s_di_i[12] in module xsdbs_v1_0_2_reg__parameterized50 is either unconnected or has no load
WARNING: [Synth 8-7129] Port s_di_i[11] in module xsdbs_v1_0_2_reg__parameterized50 is either unconnected or has no load
WARNING: [Synth 8-7129] Port s_di_i[10] in module xsdbs_v1_0_2_reg__parameterized50 is either unconnected or has no load
WARNING: [Synth 8-7129] Port s_di_i[9] in module xsdbs_v1_0_2_reg__parameterized50 is either unconnected or has no load
WARNING: [Synth 8-7129] Port s_di_i[8] in module xsdbs_v1_0_2_reg__parameterized50 is either unconnected or has no load
WARNING: [Synth 8-7129] Port s_di_i[7] in module xsdbs_v1_0_2_reg__parameterized50 is either unconnected or has no load
WARNING: [Synth 8-7129] Port s_di_i[6] in module xsdbs_v1_0_2_reg__parameterized50 is either unconnected or has no load
WARNING: [Synth 8-7129] Port s_di_i[5] in module xsdbs_v1_0_2_reg__parameterized50 is either unconnected or has no load
WARNING: [Synth 8-7129] Port s_di_i[4] in module xsdbs_v1_0_2_reg__parameterized50 is either unconnected or has no load
WARNING: [Synth 8-7129] Port s_di_i[3] in module xsdbs_v1_0_2_reg__parameterized50 is either unconnected or has no load
WARNING: [Synth 8-7129] Port s_di_i[2] in module xsdbs_v1_0_2_reg__parameterized50 is either unconnected or has no load
WARNING: [Synth 8-7129] Port s_di_i[1] in module xsdbs_v1_0_2_reg__parameterized50 is either unconnected or has no load
WARNING: [Synth 8-7129] Port s_di_i[0] in module xsdbs_v1_0_2_reg__parameterized50 is either unconnected or has no load
WARNING: [Synth 8-7129] Port s_dwe_i in module xsdbs_v1_0_2_reg__parameterized50 is either unconnected or has no load
WARNING: [Synth 8-7129] Port rst_reg_i in module xsdbs_v1_0_2_reg__parameterized129 is either unconnected or has no load
WARNING: [Synth 8-7129] Port s_daddr_i[10] in module xsdbs_v1_0_2_reg__parameterized129 is either unconnected or has no load
WARNING: [Synth 8-7129] Port s_daddr_i[9] in module xsdbs_v1_0_2_reg__parameterized129 is either unconnected or has no load
WARNING: [Synth 8-7129] Port s_daddr_i[8] in module xsdbs_v1_0_2_reg__parameterized129 is either unconnected or has no load
WARNING: [Synth 8-7129] Port s_daddr_i[7] in module xsdbs_v1_0_2_reg__parameterized129 is either unconnected or has no load
WARNING: [Synth 8-7129] Port s_daddr_i[6] in module xsdbs_v1_0_2_reg__parameterized129 is either unconnected or has no load
WARNING: [Synth 8-7129] Port s_daddr_i[5] in module xsdbs_v1_0_2_reg__parameterized129 is either unconnected or has no load
WARNING: [Synth 8-7129] Port s_daddr_i[4] in module xsdbs_v1_0_2_reg__parameterized129 is either unconnected or has no load
WARNING: [Synth 8-7129] Port s_daddr_i[3] in module xsdbs_v1_0_2_reg__parameterized129 is either unconnected or has no load
WARNING: [Synth 8-7129] Port s_daddr_i[2] in module xsdbs_v1_0_2_reg__parameterized129 is either unconnected or has no load
WARNING: [Synth 8-7129] Port s_daddr_i[1] in module xsdbs_v1_0_2_reg__parameterized129 is either unconnected or has no load
WARNING: [Synth 8-7129] Port s_daddr_i[0] in module xsdbs_v1_0_2_reg__parameterized129 is either unconnected or has no load
WARNING: [Synth 8-7129] Port s_di_i[15] in module xsdbs_v1_0_2_reg__parameterized129 is either unconnected or has no load
WARNING: [Synth 8-7129] Port s_di_i[14] in module xsdbs_v1_0_2_reg__parameterized129 is either unconnected or has no load
WARNING: [Synth 8-7129] Port s_di_i[13] in module xsdbs_v1_0_2_reg__parameterized129 is either unconnected or has no load
WARNING: [Synth 8-7129] Port s_di_i[12] in module xsdbs_v1_0_2_reg__parameterized129 is either unconnected or has no load
WARNING: [Synth 8-7129] Port s_di_i[11] in module xsdbs_v1_0_2_reg__parameterized129 is either unconnected or has no load
WARNING: [Synth 8-7129] Port s_di_i[10] in module xsdbs_v1_0_2_reg__parameterized129 is either unconnected or has no load
WARNING: [Synth 8-7129] Port s_di_i[9] in module xsdbs_v1_0_2_reg__parameterized129 is either unconnected or has no load
WARNING: [Synth 8-7129] Port s_di_i[8] in module xsdbs_v1_0_2_reg__parameterized129 is either unconnected or has no load
WARNING: [Synth 8-7129] Port s_di_i[7] in module xsdbs_v1_0_2_reg__parameterized129 is either unconnected or has no load
WARNING: [Synth 8-7129] Port s_di_i[6] in module xsdbs_v1_0_2_reg__parameterized129 is either unconnected or has no load
WARNING: [Synth 8-7129] Port s_di_i[5] in module xsdbs_v1_0_2_reg__parameterized129 is either unconnected or has no load
WARNING: [Synth 8-7129] Port s_di_i[4] in module xsdbs_v1_0_2_reg__parameterized129 is either unconnected or has no load
WARNING: [Synth 8-7129] Port s_di_i[3] in module xsdbs_v1_0_2_reg__parameterized129 is either unconnected or has no load
WARNING: [Synth 8-7129] Port s_di_i[2] in module xsdbs_v1_0_2_reg__parameterized129 is either unconnected or has no load
WARNING: [Synth 8-7129] Port s_di_i[1] in module xsdbs_v1_0_2_reg__parameterized129 is either unconnected or has no load
WARNING: [Synth 8-7129] Port s_di_i[0] in module xsdbs_v1_0_2_reg__parameterized129 is either unconnected or has no load
WARNING: [Synth 8-7129] Port s_dwe_i in module xsdbs_v1_0_2_reg__parameterized129 is either unconnected or has no load
INFO: [Common 17-14] Message 'Synth 8-7129' appears 100 times and further instances of the messages will be disabled. Use the Tcl command set_msg_config to change the current settings.
---------------------------------------------------------------------------------
Finished RTL Elaboration : Time (s): cpu = 00:00:42 ; elapsed = 00:00:49 . Memory (MB): peak = 2245.227 ; gain = 815.727
---------------------------------------------------------------------------------
---------------------------------------------------------------------------------
Start Handling Custom Attributes
---------------------------------------------------------------------------------
---------------------------------------------------------------------------------
Finished Handling Custom Attributes : Time (s): cpu = 00:00:43 ; elapsed = 00:00:49 . Memory (MB): peak = 2245.227 ; gain = 815.727
---------------------------------------------------------------------------------
---------------------------------------------------------------------------------
Finished RTL Optimization Phase 1 : Time (s): cpu = 00:00:43 ; elapsed = 00:00:49 . Memory (MB): peak = 2245.227 ; gain = 815.727
---------------------------------------------------------------------------------
Netlist sorting complete. Time (s): cpu = 00:00:01 ; elapsed = 00:00:00.828 . Memory (MB): peak = 2245.227 ; gain = 0.000
INFO: [Netlist 29-17] Analyzing 448 Unisim elements for replacement
INFO: [Netlist 29-28] Unisim Transformation completed in 0 CPU seconds
INFO: [Project 1-570] Preparing netlist for logic optimization

Processing XDC Constraints
Initializing timing engine
Parsing XDC File [d:/FPGA/Vivaldo Project/INTERFACE/SFP GT BERT/01_ibert_loopback/Vivado/ibert_ultrascale_gth_0_ex.gen/sources_1/ip/ibert_ultrascale_gth_0/synth/ibert_ultrascale_gth_0.xdc] for cell 'u_ibert_gth_core/inst'
Finished Parsing XDC File [d:/FPGA/Vivaldo Project/INTERFACE/SFP GT BERT/01_ibert_loopback/Vivado/ibert_ultrascale_gth_0_ex.gen/sources_1/ip/ibert_ultrascale_gth_0/synth/ibert_ultrascale_gth_0.xdc] for cell 'u_ibert_gth_core/inst'
INFO: [Project 1-236] Implementation specific constraints were found while reading constraint file [d:/FPGA/Vivaldo Project/INTERFACE/SFP GT BERT/01_ibert_loopback/Vivado/ibert_ultrascale_gth_0_ex.gen/sources_1/ip/ibert_ultrascale_gth_0/synth/ibert_ultrascale_gth_0.xdc]. These constraints will be ignored for synthesis but will be used in implementation. Impacted constraints are listed in the file [.Xil/example_ibert_ultrascale_gth_0_propImpl.xdc].
Resolution: To avoid this warning, move constraints listed in [.Xil/example_ibert_ultrascale_gth_0_propImpl.xdc] to another XDC file and exclude this new file from synthesis with the used_in_synthesis property (File Properties dialog in GUI) and re-run elaboration/synthesis.
Parsing XDC File [d:/FPGA/Vivaldo Project/INTERFACE/SFP GT BERT/01_ibert_loopback/Vivado/ibert_ultrascale_gth_0_ex.gen/sources_1/ip/ibert_ultrascale_gth_0/synth/sw_mcs_all.xdc] for cell 'u_ibert_gth_core/inst'
Finished Parsing XDC File [d:/FPGA/Vivaldo Project/INTERFACE/SFP GT BERT/01_ibert_loopback/Vivado/ibert_ultrascale_gth_0_ex.gen/sources_1/ip/ibert_ultrascale_gth_0/synth/sw_mcs_all.xdc] for cell 'u_ibert_gth_core/inst'
Parsing XDC File [d:/FPGA/Vivaldo Project/INTERFACE/SFP GT BERT/01_ibert_loopback/Vivado/ibert_ultrascale_gth_0_ex.gen/sources_1/ip/ibert_ultrascale_gth_0/synth/attributes.xdc] for cell 'u_ibert_gth_core/inst'
Finished Parsing XDC File [d:/FPGA/Vivaldo Project/INTERFACE/SFP GT BERT/01_ibert_loopback/Vivado/ibert_ultrascale_gth_0_ex.gen/sources_1/ip/ibert_ultrascale_gth_0/synth/attributes.xdc] for cell 'u_ibert_gth_core/inst'
INFO: [Project 1-236] Implementation specific constraints were found while reading constraint file [d:/FPGA/Vivaldo Project/INTERFACE/SFP GT BERT/01_ibert_loopback/Vivado/ibert_ultrascale_gth_0_ex.gen/sources_1/ip/ibert_ultrascale_gth_0/synth/attributes.xdc]. These constraints will be ignored for synthesis but will be used in implementation. Impacted constraints are listed in the file [.Xil/example_ibert_ultrascale_gth_0_propImpl.xdc].
Resolution: To avoid this warning, move constraints listed in [.Xil/example_ibert_ultrascale_gth_0_propImpl.xdc] to another XDC file and exclude this new file from synthesis with the used_in_synthesis property (File Properties dialog in GUI) and re-run elaboration/synthesis.
Parsing XDC File [D:/FPGA/Vivaldo Project/INTERFACE/SFP GT BERT/01_ibert_loopback/Vivado/imports/example_ibert_ultrascale_gth_0.xdc]
WARNING: [Timing 38-252] The BUFG_GT instance 'u_ibert_gth_core/inst/QUAD[0].u_q/u_common/u_clocking/rx_ind.u_rxusr0_0' has DIV pins that are not constant, so the automatically derived generated clock will use a worst case divide of 1. [D:/FPGA/Vivaldo Project/INTERFACE/SFP GT BERT/01_ibert_loopback/Vivado/imports/example_ibert_ultrascale_gth_0.xdc:35]
WARNING: [Timing 38-252] The BUFG_GT instance 'u_ibert_gth_core/inst/QUAD[0].u_q/u_common/u_clocking/rx_ind.u_rxusr0_1' has DIV pins that are not constant, so the automatically derived generated clock will use a worst case divide of 1. [D:/FPGA/Vivaldo Project/INTERFACE/SFP GT BERT/01_ibert_loopback/Vivado/imports/example_ibert_ultrascale_gth_0.xdc:35]
WARNING: [Timing 38-252] The BUFG_GT instance 'u_ibert_gth_core/inst/QUAD[0].u_q/u_common/u_clocking/rx_ind.u_rxusr1_0' has DIV pins that are not constant, so the automatically derived generated clock will use a worst case divide of 1. [D:/FPGA/Vivaldo Project/INTERFACE/SFP GT BERT/01_ibert_loopback/Vivado/imports/example_ibert_ultrascale_gth_0.xdc:35]
WARNING: [Timing 38-252] The BUFG_GT instance 'u_ibert_gth_core/inst/QUAD[0].u_q/u_common/u_clocking/rx_ind.u_rxusr1_1' has DIV pins that are not constant, so the automatically derived generated clock will use a worst case divide of 1. [D:/FPGA/Vivaldo Project/INTERFACE/SFP GT BERT/01_ibert_loopback/Vivado/imports/example_ibert_ultrascale_gth_0.xdc:35]
WARNING: [Timing 38-252] The BUFG_GT instance 'u_ibert_gth_core/inst/QUAD[0].u_q/u_common/u_clocking/rx_ind.u_rxusr2_0' has DIV pins that are not constant, so the automatically derived generated clock will use a worst case divide of 1. [D:/FPGA/Vivaldo Project/INTERFACE/SFP GT BERT/01_ibert_loopback/Vivado/imports/example_ibert_ultrascale_gth_0.xdc:35]
WARNING: [Timing 38-252] The BUFG_GT instance 'u_ibert_gth_core/inst/QUAD[0].u_q/u_common/u_clocking/rx_ind.u_rxusr2_1' has DIV pins that are not constant, so the automatically derived generated clock will use a worst case divide of 1. [D:/FPGA/Vivaldo Project/INTERFACE/SFP GT BERT/01_ibert_loopback/Vivado/imports/example_ibert_ultrascale_gth_0.xdc:35]
WARNING: [Timing 38-252] The BUFG_GT instance 'u_ibert_gth_core/inst/QUAD[0].u_q/u_common/u_clocking/rx_ind.u_rxusr3_0' has DIV pins that are not constant, so the automatically derived generated clock will use a worst case divide of 1. [D:/FPGA/Vivaldo Project/INTERFACE/SFP GT BERT/01_ibert_loopback/Vivado/imports/example_ibert_ultrascale_gth_0.xdc:35]
WARNING: [Timing 38-252] The BUFG_GT instance 'u_ibert_gth_core/inst/QUAD[0].u_q/u_common/u_clocking/rx_ind.u_rxusr3_1' has DIV pins that are not constant, so the automatically derived generated clock will use a worst case divide of 1. [D:/FPGA/Vivaldo Project/INTERFACE/SFP GT BERT/01_ibert_loopback/Vivado/imports/example_ibert_ultrascale_gth_0.xdc:35]
WARNING: [Timing 38-252] The BUFG_GT instance 'u_ibert_gth_core/inst/QUAD[0].u_q/u_common/u_clocking/tx_ind.u_txusr0_0' has DIV pins that are not constant, so the automatically derived generated clock will use a worst case divide of 1. [D:/FPGA/Vivaldo Project/INTERFACE/SFP GT BERT/01_ibert_loopback/Vivado/imports/example_ibert_ultrascale_gth_0.xdc:35]
WARNING: [Timing 38-252] The BUFG_GT instance 'u_ibert_gth_core/inst/QUAD[0].u_q/u_common/u_clocking/tx_ind.u_txusr0_1' has DIV pins that are not constant, so the automatically derived generated clock will use a worst case divide of 1. [D:/FPGA/Vivaldo Project/INTERFACE/SFP GT BERT/01_ibert_loopback/Vivado/imports/example_ibert_ultrascale_gth_0.xdc:35]
WARNING: [Timing 38-252] The BUFG_GT instance 'u_ibert_gth_core/inst/QUAD[0].u_q/u_common/u_clocking/tx_ind.u_txusr1_0' has DIV pins that are not constant, so the automatically derived generated clock will use a worst case divide of 1. [D:/FPGA/Vivaldo Project/INTERFACE/SFP GT BERT/01_ibert_loopback/Vivado/imports/example_ibert_ultrascale_gth_0.xdc:35]
WARNING: [Timing 38-252] The BUFG_GT instance 'u_ibert_gth_core/inst/QUAD[0].u_q/u_common/u_clocking/tx_ind.u_txusr1_1' has DIV pins that are not constant, so the automatically derived generated clock will use a worst case divide of 1. [D:/FPGA/Vivaldo Project/INTERFACE/SFP GT BERT/01_ibert_loopback/Vivado/imports/example_ibert_ultrascale_gth_0.xdc:35]
WARNING: [Timing 38-252] The BUFG_GT instance 'u_ibert_gth_core/inst/QUAD[0].u_q/u_common/u_clocking/tx_ind.u_txusr2_0' has DIV pins that are not constant, so the automatically derived generated clock will use a worst case divide of 1. [D:/FPGA/Vivaldo Project/INTERFACE/SFP GT BERT/01_ibert_loopback/Vivado/imports/example_ibert_ultrascale_gth_0.xdc:35]
WARNING: [Timing 38-252] The BUFG_GT instance 'u_ibert_gth_core/inst/QUAD[0].u_q/u_common/u_clocking/tx_ind.u_txusr2_1' has DIV pins that are not constant, so the automatically derived generated clock will use a worst case divide of 1. [D:/FPGA/Vivaldo Project/INTERFACE/SFP GT BERT/01_ibert_loopback/Vivado/imports/example_ibert_ultrascale_gth_0.xdc:35]
WARNING: [Timing 38-252] The BUFG_GT instance 'u_ibert_gth_core/inst/QUAD[0].u_q/u_common/u_clocking/tx_ind.u_txusr3_0' has DIV pins that are not constant, so the automatically derived generated clock will use a worst case divide of 1. [D:/FPGA/Vivaldo Project/INTERFACE/SFP GT BERT/01_ibert_loopback/Vivado/imports/example_ibert_ultrascale_gth_0.xdc:35]
WARNING: [Timing 38-252] The BUFG_GT instance 'u_ibert_gth_core/inst/QUAD[0].u_q/u_common/u_clocking/tx_ind.u_txusr3_1' has DIV pins that are not constant, so the automatically derived generated clock will use a worst case divide of 1. [D:/FPGA/Vivaldo Project/INTERFACE/SFP GT BERT/01_ibert_loopback/Vivado/imports/example_ibert_ultrascale_gth_0.xdc:35]
INFO: [Timing 38-2] Deriving generated clocks [D:/FPGA/Vivaldo Project/INTERFACE/SFP GT BERT/01_ibert_loopback/Vivado/imports/example_ibert_ultrascale_gth_0.xdc:35]
Finished Parsing XDC File [D:/FPGA/Vivaldo Project/INTERFACE/SFP GT BERT/01_ibert_loopback/Vivado/imports/example_ibert_ultrascale_gth_0.xdc]
INFO: [Project 1-236] Implementation specific constraints were found while reading constraint file [D:/FPGA/Vivaldo Project/INTERFACE/SFP GT BERT/01_ibert_loopback/Vivado/imports/example_ibert_ultrascale_gth_0.xdc]. These constraints will be ignored for synthesis but will be used in implementation. Impacted constraints are listed in the file [.Xil/example_ibert_ultrascale_gth_0_propImpl.xdc].
Resolution: To avoid this warning, move constraints listed in [.Xil/example_ibert_ultrascale_gth_0_propImpl.xdc] to another XDC file and exclude this new file from synthesis with the used_in_synthesis property (File Properties dialog in GUI) and re-run elaboration/synthesis.
Parsing XDC File [D:/FPGA/Vivaldo Project/INTERFACE/SFP GT BERT/01_ibert_loopback/Vivado/ibert_ultrascale_gth_0_ex.runs/synth_1/dont_touch.xdc]
Finished Parsing XDC File [D:/FPGA/Vivaldo Project/INTERFACE/SFP GT BERT/01_ibert_loopback/Vivado/ibert_ultrascale_gth_0_ex.runs/synth_1/dont_touch.xdc]
INFO: [Project 1-236] Implementation specific constraints were found while reading constraint file [D:/FPGA/Vivaldo Project/INTERFACE/SFP GT BERT/01_ibert_loopback/Vivado/ibert_ultrascale_gth_0_ex.runs/synth_1/dont_touch.xdc]. These constraints will be ignored for synthesis but will be used in implementation. Impacted constraints are listed in the file [.Xil/example_ibert_ultrascale_gth_0_propImpl.xdc].
Resolution: To avoid this warning, move constraints listed in [.Xil/example_ibert_ultrascale_gth_0_propImpl.xdc] to another XDC file and exclude this new file from synthesis with the used_in_synthesis property (File Properties dialog in GUI) and re-run elaboration/synthesis.
Completed Processing XDC Constraints

Netlist sorting complete. Time (s): cpu = 00:00:00 ; elapsed = 00:00:00.015 . Memory (MB): peak = 2332.520 ; gain = 0.000
INFO: [Project 1-111] Unisim Transformation Summary:
  A total of 367 instances were transformed.
  DSP48E => DSP48E2 (DSP_ALU, DSP_A_B_DATA, DSP_C_DATA, DSP_MULTIPLIER, DSP_M_DATA, DSP_OUTPUT, DSP_PREADD, DSP_PREADD_DATA): 8 instances
  FD => FDRE: 32 instances
  FDE => FDRE: 46 instances
  FDR => FDRE: 33 instances
  FDRSE => FDRSE (FDRE, LUT4, VCC): 5 instances
  FDS => FDSE: 5 instances
  LUT6_2 => LUT6_2 (LUT5, LUT6): 81 instances
  MULT_AND => LUT2: 3 instances
  MUXCY_L => MUXCY: 74 instances
  RAM32X1D => RAM32X1D (RAMD32(x2)): 64 instances
  RAMB36E1 => RAMB36E2: 16 instances

Constraint Validation Runtime : Time (s): cpu = 00:00:01 ; elapsed = 00:00:00.771 . Memory (MB): peak = 2332.520 ; gain = 0.000
INFO: [Synth 8-11241] undeclared symbol 'REGCCE', assumed default net type 'wire' [D:/Xilinx/Vivado/2022.2/data/verilog/src/unimacro/BRAM_SINGLE_MACRO.v:2170]
---------------------------------------------------------------------------------
Finished Constraint Validation : Time (s): cpu = 00:01:08 ; elapsed = 00:01:15 . Memory (MB): peak = 2332.520 ; gain = 903.020
---------------------------------------------------------------------------------
---------------------------------------------------------------------------------
Start Loading Part and Timing Information
---------------------------------------------------------------------------------
Loading part: xck26-sfvc784-2LV-c
INFO: [Synth 8-6742] Reading net delay rules and data
---------------------------------------------------------------------------------
Finished Loading Part and Timing Information : Time (s): cpu = 00:01:08 ; elapsed = 00:01:15 . Memory (MB): peak = 2332.520 ; gain = 903.020
---------------------------------------------------------------------------------
---------------------------------------------------------------------------------
Start Applying 'set_property' XDC Constraints
---------------------------------------------------------------------------------
Applied set_property KEEP_HIERARCHY = SOFT for u_ibert_gth_core/inst. (constraint file  {D:/FPGA/Vivaldo Project/INTERFACE/SFP GT BERT/01_ibert_loopback/Vivado/ibert_ultrascale_gth_0_ex.runs/synth_1/dont_touch.xdc}, line 14).
Applied set_property KEEP_HIERARCHY = SOFT for u_ibert_gth_core. (constraint file  auto generated constraint).
---------------------------------------------------------------------------------
Finished applying 'set_property' XDC Constraints : Time (s): cpu = 00:01:13 ; elapsed = 00:01:20 . Memory (MB): peak = 2332.520 ; gain = 903.020
---------------------------------------------------------------------------------
INFO: [Synth 8-802] inferred FSM for state register 'arb_state_reg' in module 'gtwizard_ultrascale_v1_7_14_gte4_drp_arb'
INFO: [Synth 8-802] inferred FSM for state register 'arb_state_reg' in module 'ibert_lib_v1_0_7_drp_arbiter'
INFO: [Synth 8-802] inferred FSM for state register 'sm_reset_all_reg' in module 'gtwizard_ultrascale_v1_7_14_gtwiz_reset'
INFO: [Synth 8-802] inferred FSM for state register 'sm_reset_tx_reg' in module 'gtwizard_ultrascale_v1_7_14_gtwiz_reset'
INFO: [Synth 8-802] inferred FSM for state register 'sm_reset_rx_reg' in module 'gtwizard_ultrascale_v1_7_14_gtwiz_reset'
INFO: [Synth 8-802] inferred FSM for state register 'state_reg' in module 'ibert_lib_v1_0_7_rxcdr_reset'
---------------------------------------------------------------------------------------------------
                   State |                     New Encoding |                Previous Encoding 
---------------------------------------------------------------------------------------------------
*
               ARB_START |                             0001 |                             0001
                ARB_WAIT |                             0010 |                             0010
              ARB_REPORT |                             0100 |                             0100
                 ARB_INC |                             1000 |                             1000
---------------------------------------------------------------------------------------------------
INFO: [Synth 8-3898] No Re-encoding of one hot register 'arb_state_reg' in module 'gtwizard_ultrascale_v1_7_14_gte4_drp_arb'
---------------------------------------------------------------------------------------------------
                   State |                     New Encoding |                Previous Encoding 
---------------------------------------------------------------------------------------------------
*
               ARB_START |                             0001 |                             0001
                ARB_WAIT |                             0010 |                             0010
              ARB_REPORT |                             0100 |                             0100
                 ARB_INC |                             1000 |                             1000
---------------------------------------------------------------------------------------------------
INFO: [Synth 8-3898] No Re-encoding of one hot register 'arb_state_reg' in module 'ibert_lib_v1_0_7_drp_arbiter'
INFO: [Synth 8-7030] Implemented Non-Cascaded Block Ram (cascade_height = 1) of width 16 for RAM "ibert_ultrascale_gth_v1_4_10_gthe4_channel_regs:/myram_reg"
---------------------------------------------------------------------------------------------------
                   State |                     New Encoding |                Previous Encoding 
---------------------------------------------------------------------------------------------------
      ST_RESET_TX_BRANCH |                              000 |                              000
         ST_RESET_TX_PLL |                              001 |                              001
    ST_RESET_TX_DATAPATH |                              010 |                              010
   ST_RESET_TX_WAIT_LOCK |                              011 |                              011
ST_RESET_TX_WAIT_USERRDY |                              100 |                              100
ST_RESET_TX_WAIT_RESETDONE |                              101 |                              101
        ST_RESET_TX_IDLE |                              110 |                              110
---------------------------------------------------------------------------------------------------
INFO: [Synth 8-3354] encoded FSM with state register 'sm_reset_tx_reg' using encoding 'sequential' in module 'gtwizard_ultrascale_v1_7_14_gtwiz_reset'
---------------------------------------------------------------------------------------------------
                   State |                     New Encoding |                Previous Encoding 
---------------------------------------------------------------------------------------------------
      ST_RESET_RX_BRANCH |                              000 |                              000
         ST_RESET_RX_PLL |                              001 |                              001
    ST_RESET_RX_DATAPATH |                              010 |                              010
   ST_RESET_RX_WAIT_LOCK |                              011 |                              011
    ST_RESET_RX_WAIT_CDR |                              100 |                              100
ST_RESET_RX_WAIT_USERRDY |                              101 |                              101
ST_RESET_RX_WAIT_RESETDONE |                              110 |                              110
        ST_RESET_RX_IDLE |                              111 |                              111
---------------------------------------------------------------------------------------------------
INFO: [Synth 8-3354] encoded FSM with state register 'sm_reset_rx_reg' using encoding 'sequential' in module 'gtwizard_ultrascale_v1_7_14_gtwiz_reset'
---------------------------------------------------------------------------------------------------
                   State |                     New Encoding |                Previous Encoding 
---------------------------------------------------------------------------------------------------
     ST_RESET_ALL_BRANCH |                              000 |                              001
     ST_RESET_ALL_TX_PLL |                              001 |                              010
ST_RESET_ALL_TX_PLL_WAIT |                              010 |                              011
      ST_RESET_ALL_RX_DP |                              011 |                              100
     ST_RESET_ALL_RX_PLL |                              100 |                              101
    ST_RESET_ALL_RX_WAIT |                              101 |                              110
                  iSTATE |                              110 |                              111
       ST_RESET_ALL_INIT |                              111 |                              000
---------------------------------------------------------------------------------------------------
INFO: [Synth 8-3354] encoded FSM with state register 'sm_reset_all_reg' using encoding 'sequential' in module 'gtwizard_ultrascale_v1_7_14_gtwiz_reset'
---------------------------------------------------------------------------------------------------
                   State |                     New Encoding |                Previous Encoding 
---------------------------------------------------------------------------------------------------
                   READY |                               00 |                               00
         ASSERT_CDRRESET |                               01 |                               01
                    WAIT |                               10 |                               10
        WAIT_RXRESETDONE |                               11 |                               11
---------------------------------------------------------------------------------------------------
INFO: [Synth 8-3354] encoded FSM with state register 'state_reg' using encoding 'sequential' in module 'ibert_lib_v1_0_7_rxcdr_reset'
INFO: [Synth 8-7030] Implemented Non-Cascaded Block Ram (cascade_height = 1) of width 16 for RAM "ibert_ultrascale_gth_v1_4_10_gthe4_channel_regs__parameterized0:/myram_reg"
INFO: [Synth 8-7030] Implemented Non-Cascaded Block Ram (cascade_height = 1) of width 16 for RAM "ibert_ultrascale_gth_v1_4_10_gthe4_channel_regs__parameterized1:/myram_reg"
INFO: [Synth 8-7030] Implemented Non-Cascaded Block Ram (cascade_height = 1) of width 16 for RAM "ibert_ultrascale_gth_v1_4_10_gthe4_channel_regs__parameterized2:/myram_reg"
---------------------------------------------------------------------------------
Finished RTL Optimization Phase 2 : Time (s): cpu = 00:01:20 ; elapsed = 00:01:28 . Memory (MB): peak = 2332.520 ; gain = 903.020
---------------------------------------------------------------------------------
---------------------------------------------------------------------------------
Start RTL Component Statistics 
---------------------------------------------------------------------------------
---------------------------------------------------------------------------------
Finished RTL Component Statistics 
---------------------------------------------------------------------------------
---------------------------------------------------------------------------------
Start Part Resource Summary
---------------------------------------------------------------------------------
Part Resources:
DSPs: 1248 (col length:96)
BRAMs: 288 (col length: RAMB18 96 RAMB36 48)
---------------------------------------------------------------------------------
Finished Part Resource Summary
---------------------------------------------------------------------------------
---------------------------------------------------------------------------------
Start Cross Boundary and Area Optimization
---------------------------------------------------------------------------------
WARNING: [Synth 8-7080] Parallel synthesis criteria is not met
INFO: [Synth 8-7030] Implemented Non-Cascaded Block Ram (cascade_height = 1) of width 16 for RAM "u_ibert_gth_core/inst/\QUAD[0].u_q /\CH[2].u_ch /U_CHANNEL_REGS/myram_reg"
INFO: [Synth 8-7030] Implemented Non-Cascaded Block Ram (cascade_height = 1) of width 16 for RAM "u_ibert_gth_core/inst/\QUAD[0].u_q /\CH[3].u_ch /U_CHANNEL_REGS/myram_reg"
INFO: [Synth 8-7030] Implemented Non-Cascaded Block Ram (cascade_height = 1) of width 16 for RAM "u_ibert_gth_core/inst/\QUAD[0].u_q /i_341_0/\CH[1].u_ch /U_CHANNEL_REGS/myram_reg"
INFO: [Synth 8-7030] Implemented Non-Cascaded Block Ram (cascade_height = 1) of width 16 for RAM "u_ibert_gth_core/inst/\QUAD[0].u_q /i_341_1/\CH[0].u_ch /U_CHANNEL_REGS/myram_reg"
WARNING: [Synth 8-3332] Sequential element (INTERNAL_MB.mcs_0/microblaze_I/MicroBlaze_Core_I/Area.Core/Data_Flow_I/Result_Mux_I/Result_Mux_Bits[31].Result_Mux_Bit_I/EX_Result_DFF/Using_FPGA.Native) is unused and will be removed from module ibert_ultrascale_gth_v1_4_10_gthe4_common_slave.
WARNING: [Synth 8-3332] Sequential element (INTERNAL_MB.mcs_0/microblaze_I/MicroBlaze_Core_I/Area.Core/Data_Flow_I/Result_Mux_I/Result_Mux_Bits[30].Result_Mux_Bit_I/EX_Result_DFF/Using_FPGA.Native) is unused and will be removed from module ibert_ultrascale_gth_v1_4_10_gthe4_common_slave.
WARNING: [Synth 8-3332] Sequential element (INTERNAL_MB.mcs_0/microblaze_I/MicroBlaze_Core_I/Area.Core/Data_Flow_I/Result_Mux_I/Result_Mux_Bits[29].Result_Mux_Bit_I/EX_Result_DFF/Using_FPGA.Native) is unused and will be removed from module ibert_ultrascale_gth_v1_4_10_gthe4_common_slave.
WARNING: [Synth 8-3332] Sequential element (INTERNAL_MB.mcs_0/microblaze_I/MicroBlaze_Core_I/Area.Core/Data_Flow_I/Result_Mux_I/Result_Mux_Bits[28].Result_Mux_Bit_I/EX_Result_DFF/Using_FPGA.Native) is unused and will be removed from module ibert_ultrascale_gth_v1_4_10_gthe4_common_slave.
WARNING: [Synth 8-3332] Sequential element (INTERNAL_MB.mcs_0/microblaze_I/MicroBlaze_Core_I/Area.Core/Data_Flow_I/Result_Mux_I/Result_Mux_Bits[27].Result_Mux_Bit_I/EX_Result_DFF/Using_FPGA.Native) is unused and will be removed from module ibert_ultrascale_gth_v1_4_10_gthe4_common_slave.
WARNING: [Synth 8-3332] Sequential element (INTERNAL_MB.mcs_0/microblaze_I/MicroBlaze_Core_I/Area.Core/Data_Flow_I/Result_Mux_I/Result_Mux_Bits[26].Result_Mux_Bit_I/EX_Result_DFF/Using_FPGA.Native) is unused and will be removed from module ibert_ultrascale_gth_v1_4_10_gthe4_common_slave.
WARNING: [Synth 8-3332] Sequential element (INTERNAL_MB.mcs_0/microblaze_I/MicroBlaze_Core_I/Area.Core/Data_Flow_I/Result_Mux_I/Result_Mux_Bits[25].Result_Mux_Bit_I/EX_Result_DFF/Using_FPGA.Native) is unused and will be removed from module ibert_ultrascale_gth_v1_4_10_gthe4_common_slave.
WARNING: [Synth 8-3332] Sequential element (INTERNAL_MB.mcs_0/microblaze_I/MicroBlaze_Core_I/Area.Core/Data_Flow_I/Result_Mux_I/Result_Mux_Bits[24].Result_Mux_Bit_I/EX_Result_DFF/Using_FPGA.Native) is unused and will be removed from module ibert_ultrascale_gth_v1_4_10_gthe4_common_slave.
WARNING: [Synth 8-3332] Sequential element (INTERNAL_MB.mcs_0/microblaze_I/MicroBlaze_Core_I/Area.Core/Data_Flow_I/Result_Mux_I/Result_Mux_Bits[23].Result_Mux_Bit_I/EX_Result_DFF/Using_FPGA.Native) is unused and will be removed from module ibert_ultrascale_gth_v1_4_10_gthe4_common_slave.
WARNING: [Synth 8-3332] Sequential element (INTERNAL_MB.mcs_0/microblaze_I/MicroBlaze_Core_I/Area.Core/Data_Flow_I/Result_Mux_I/Result_Mux_Bits[22].Result_Mux_Bit_I/EX_Result_DFF/Using_FPGA.Native) is unused and will be removed from module ibert_ultrascale_gth_v1_4_10_gthe4_common_slave.
WARNING: [Synth 8-3332] Sequential element (INTERNAL_MB.mcs_0/microblaze_I/MicroBlaze_Core_I/Area.Core/Data_Flow_I/Result_Mux_I/Result_Mux_Bits[21].Result_Mux_Bit_I/EX_Result_DFF/Using_FPGA.Native) is unused and will be removed from module ibert_ultrascale_gth_v1_4_10_gthe4_common_slave.
WARNING: [Synth 8-3332] Sequential element (INTERNAL_MB.mcs_0/microblaze_I/MicroBlaze_Core_I/Area.Core/Data_Flow_I/Result_Mux_I/Result_Mux_Bits[20].Result_Mux_Bit_I/EX_Result_DFF/Using_FPGA.Native) is unused and will be removed from module ibert_ultrascale_gth_v1_4_10_gthe4_common_slave.
WARNING: [Synth 8-3332] Sequential element (INTERNAL_MB.mcs_0/microblaze_I/MicroBlaze_Core_I/Area.Core/Data_Flow_I/Result_Mux_I/Result_Mux_Bits[19].Result_Mux_Bit_I/EX_Result_DFF/Using_FPGA.Native) is unused and will be removed from module ibert_ultrascale_gth_v1_4_10_gthe4_common_slave.
WARNING: [Synth 8-3332] Sequential element (INTERNAL_MB.mcs_0/microblaze_I/MicroBlaze_Core_I/Area.Core/Data_Flow_I/Result_Mux_I/Result_Mux_Bits[18].Result_Mux_Bit_I/EX_Result_DFF/Using_FPGA.Native) is unused and will be removed from module ibert_ultrascale_gth_v1_4_10_gthe4_common_slave.
WARNING: [Synth 8-3332] Sequential element (INTERNAL_MB.mcs_0/microblaze_I/MicroBlaze_Core_I/Area.Core/Data_Flow_I/Result_Mux_I/Result_Mux_Bits[17].Result_Mux_Bit_I/EX_Result_DFF/Using_FPGA.Native) is unused and will be removed from module ibert_ultrascale_gth_v1_4_10_gthe4_common_slave.
WARNING: [Synth 8-3332] Sequential element (INTERNAL_MB.mcs_0/microblaze_I/MicroBlaze_Core_I/Area.Core/Data_Flow_I/Result_Mux_I/Result_Mux_Bits[16].Result_Mux_Bit_I/EX_Result_DFF/Using_FPGA.Native) is unused and will be removed from module ibert_ultrascale_gth_v1_4_10_gthe4_common_slave.
WARNING: [Synth 8-3332] Sequential element (INTERNAL_MB.mcs_0/microblaze_I/MicroBlaze_Core_I/Area.Core/Data_Flow_I/Result_Mux_I/Result_Mux_Bits[15].Result_Mux_Bit_I/EX_Result_DFF/Using_FPGA.Native) is unused and will be removed from module ibert_ultrascale_gth_v1_4_10_gthe4_common_slave.
WARNING: [Synth 8-3332] Sequential element (INTERNAL_MB.mcs_0/microblaze_I/MicroBlaze_Core_I/Area.Core/Data_Flow_I/Result_Mux_I/Result_Mux_Bits[14].Result_Mux_Bit_I/EX_Result_DFF/Using_FPGA.Native) is unused and will be removed from module ibert_ultrascale_gth_v1_4_10_gthe4_common_slave.
WARNING: [Synth 8-3332] Sequential element (INTERNAL_MB.mcs_0/microblaze_I/MicroBlaze_Core_I/Area.Core/Data_Flow_I/Result_Mux_I/Result_Mux_Bits[13].Result_Mux_Bit_I/EX_Result_DFF/Using_FPGA.Native) is unused and will be removed from module ibert_ultrascale_gth_v1_4_10_gthe4_common_slave.
WARNING: [Synth 8-3332] Sequential element (INTERNAL_MB.mcs_0/microblaze_I/MicroBlaze_Core_I/Area.Core/Data_Flow_I/Result_Mux_I/Result_Mux_Bits[12].Result_Mux_Bit_I/EX_Result_DFF/Using_FPGA.Native) is unused and will be removed from module ibert_ultrascale_gth_v1_4_10_gthe4_common_slave.
WARNING: [Synth 8-3332] Sequential element (INTERNAL_MB.mcs_0/microblaze_I/MicroBlaze_Core_I/Area.Core/Data_Flow_I/Result_Mux_I/Result_Mux_Bits[11].Result_Mux_Bit_I/EX_Result_DFF/Using_FPGA.Native) is unused and will be removed from module ibert_ultrascale_gth_v1_4_10_gthe4_common_slave.
WARNING: [Synth 8-3332] Sequential element (INTERNAL_MB.mcs_0/microblaze_I/MicroBlaze_Core_I/Area.Core/Data_Flow_I/Result_Mux_I/Result_Mux_Bits[10].Result_Mux_Bit_I/EX_Result_DFF/Using_FPGA.Native) is unused and will be removed from module ibert_ultrascale_gth_v1_4_10_gthe4_common_slave.
WARNING: [Synth 8-3332] Sequential element (INTERNAL_MB.mcs_0/microblaze_I/MicroBlaze_Core_I/Area.Core/Data_Flow_I/Result_Mux_I/Result_Mux_Bits[9].Result_Mux_Bit_I/EX_Result_DFF/Using_FPGA.Native) is unused and will be removed from module ibert_ultrascale_gth_v1_4_10_gthe4_common_slave.
WARNING: [Synth 8-3332] Sequential element (INTERNAL_MB.mcs_0/microblaze_I/MicroBlaze_Core_I/Area.Core/Data_Flow_I/Result_Mux_I/Result_Mux_Bits[8].Result_Mux_Bit_I/EX_Result_DFF/Using_FPGA.Native) is unused and will be removed from module ibert_ultrascale_gth_v1_4_10_gthe4_common_slave.
WARNING: [Synth 8-3332] Sequential element (INTERNAL_MB.mcs_0/microblaze_I/MicroBlaze_Core_I/Area.Core/Data_Flow_I/Result_Mux_I/Result_Mux_Bits[7].Result_Mux_Bit_I/EX_Result_DFF/Using_FPGA.Native) is unused and will be removed from module ibert_ultrascale_gth_v1_4_10_gthe4_common_slave.
WARNING: [Synth 8-3332] Sequential element (INTERNAL_MB.mcs_0/microblaze_I/MicroBlaze_Core_I/Area.Core/Data_Flow_I/Result_Mux_I/Result_Mux_Bits[6].Result_Mux_Bit_I/EX_Result_DFF/Using_FPGA.Native) is unused and will be removed from module ibert_ultrascale_gth_v1_4_10_gthe4_common_slave.
WARNING: [Synth 8-3332] Sequential element (INTERNAL_MB.mcs_0/microblaze_I/MicroBlaze_Core_I/Area.Core/Data_Flow_I/Result_Mux_I/Result_Mux_Bits[5].Result_Mux_Bit_I/EX_Result_DFF/Using_FPGA.Native) is unused and will be removed from module ibert_ultrascale_gth_v1_4_10_gthe4_common_slave.
WARNING: [Synth 8-3332] Sequential element (INTERNAL_MB.mcs_0/microblaze_I/MicroBlaze_Core_I/Area.Core/Data_Flow_I/Result_Mux_I/Result_Mux_Bits[4].Result_Mux_Bit_I/EX_Result_DFF/Using_FPGA.Native) is unused and will be removed from module ibert_ultrascale_gth_v1_4_10_gthe4_common_slave.
WARNING: [Synth 8-3332] Sequential element (INTERNAL_MB.mcs_0/microblaze_I/MicroBlaze_Core_I/Area.Core/Data_Flow_I/Result_Mux_I/Result_Mux_Bits[3].Result_Mux_Bit_I/EX_Result_DFF/Using_FPGA.Native) is unused and will be removed from module ibert_ultrascale_gth_v1_4_10_gthe4_common_slave.
WARNING: [Synth 8-3332] Sequential element (INTERNAL_MB.mcs_0/microblaze_I/MicroBlaze_Core_I/Area.Core/Data_Flow_I/Result_Mux_I/Result_Mux_Bits[2].Result_Mux_Bit_I/EX_Result_DFF/Using_FPGA.Native) is unused and will be removed from module ibert_ultrascale_gth_v1_4_10_gthe4_common_slave.
WARNING: [Synth 8-3332] Sequential element (INTERNAL_MB.mcs_0/microblaze_I/MicroBlaze_Core_I/Area.Core/Data_Flow_I/Result_Mux_I/Result_Mux_Bits[1].Result_Mux_Bit_I/EX_Result_DFF/Using_FPGA.Native) is unused and will be removed from module ibert_ultrascale_gth_v1_4_10_gthe4_common_slave.
WARNING: [Synth 8-3332] Sequential element (INTERNAL_MB.mcs_0/microblaze_I/MicroBlaze_Core_I/Area.Core/Data_Flow_I/Result_Mux_I/Result_Mux_Bits[0].Result_Mux_Bit_I/EX_Result_DFF/Using_FPGA.Native) is unused and will be removed from module ibert_ultrascale_gth_v1_4_10_gthe4_common_slave.
WARNING: [Synth 8-3332] Sequential element (INTERNAL_MB.mcs_0/microblaze_I/MicroBlaze_Core_I/Area.Core/Data_Flow_I/PC_Module_I/Not_All_Bits.PC_GEN[29].PC_Bit_I/PC_EX_DFF/Using_FPGA.Native) is unused and will be removed from module ibert_ultrascale_gth_v1_4_10_gthe4_common_slave.
WARNING: [Synth 8-3332] Sequential element (INTERNAL_MB.mcs_0/microblaze_I/MicroBlaze_Core_I/Area.Core/Data_Flow_I/PC_Module_I/Not_All_Bits.PC_GEN[28].PC_Bit_I/PC_EX_DFF/Using_FPGA.Native) is unused and will be removed from module ibert_ultrascale_gth_v1_4_10_gthe4_common_slave.
WARNING: [Synth 8-3332] Sequential element (INTERNAL_MB.mcs_0/microblaze_I/MicroBlaze_Core_I/Area.Core/Data_Flow_I/PC_Module_I/Not_All_Bits.PC_GEN[27].PC_Bit_I/PC_EX_DFF/Using_FPGA.Native) is unused and will be removed from module ibert_ultrascale_gth_v1_4_10_gthe4_common_slave.
WARNING: [Synth 8-3332] Sequential element (INTERNAL_MB.mcs_0/microblaze_I/MicroBlaze_Core_I/Area.Core/Data_Flow_I/PC_Module_I/Not_All_Bits.PC_GEN[26].PC_Bit_I/PC_EX_DFF/Using_FPGA.Native) is unused and will be removed from module ibert_ultrascale_gth_v1_4_10_gthe4_common_slave.
WARNING: [Synth 8-3332] Sequential element (INTERNAL_MB.mcs_0/microblaze_I/MicroBlaze_Core_I/Area.Core/Data_Flow_I/PC_Module_I/Not_All_Bits.PC_GEN[25].PC_Bit_I/PC_EX_DFF/Using_FPGA.Native) is unused and will be removed from module ibert_ultrascale_gth_v1_4_10_gthe4_common_slave.
WARNING: [Synth 8-3332] Sequential element (INTERNAL_MB.mcs_0/microblaze_I/MicroBlaze_Core_I/Area.Core/Data_Flow_I/PC_Module_I/Not_All_Bits.PC_GEN[24].PC_Bit_I/PC_EX_DFF/Using_FPGA.Native) is unused and will be removed from module ibert_ultrascale_gth_v1_4_10_gthe4_common_slave.
WARNING: [Synth 8-3332] Sequential element (INTERNAL_MB.mcs_0/microblaze_I/MicroBlaze_Core_I/Area.Core/Data_Flow_I/PC_Module_I/Not_All_Bits.PC_GEN[23].PC_Bit_I/PC_EX_DFF/Using_FPGA.Native) is unused and will be removed from module ibert_ultrascale_gth_v1_4_10_gthe4_common_slave.
WARNING: [Synth 8-3332] Sequential element (INTERNAL_MB.mcs_0/microblaze_I/MicroBlaze_Core_I/Area.Core/Data_Flow_I/PC_Module_I/Not_All_Bits.PC_GEN[22].PC_Bit_I/PC_EX_DFF/Using_FPGA.Native) is unused and will be removed from module ibert_ultrascale_gth_v1_4_10_gthe4_common_slave.
WARNING: [Synth 8-3332] Sequential element (INTERNAL_MB.mcs_0/microblaze_I/MicroBlaze_Core_I/Area.Core/Data_Flow_I/PC_Module_I/Not_All_Bits.PC_GEN[21].PC_Bit_I/PC_EX_DFF/Using_FPGA.Native) is unused and will be removed from module ibert_ultrascale_gth_v1_4_10_gthe4_common_slave.
WARNING: [Synth 8-3332] Sequential element (INTERNAL_MB.mcs_0/microblaze_I/MicroBlaze_Core_I/Area.Core/Data_Flow_I/PC_Module_I/Not_All_Bits.PC_GEN[20].PC_Bit_I/PC_EX_DFF/Using_FPGA.Native) is unused and will be removed from module ibert_ultrascale_gth_v1_4_10_gthe4_common_slave.
WARNING: [Synth 8-3332] Sequential element (INTERNAL_MB.mcs_0/microblaze_I/MicroBlaze_Core_I/Area.Core/Data_Flow_I/PC_Module_I/Not_All_Bits.PC_GEN[19].PC_Bit_I/PC_EX_DFF/Using_FPGA.Native) is unused and will be removed from module ibert_ultrascale_gth_v1_4_10_gthe4_common_slave.
WARNING: [Synth 8-3332] Sequential element (INTERNAL_MB.mcs_0/microblaze_I/MicroBlaze_Core_I/Area.Core/Data_Flow_I/PC_Module_I/Not_All_Bits.PC_GEN[18].PC_Bit_I/PC_EX_DFF/Using_FPGA.Native) is unused and will be removed from module ibert_ultrascale_gth_v1_4_10_gthe4_common_slave.
WARNING: [Synth 8-3332] Sequential element (INTERNAL_MB.mcs_0/microblaze_I/MicroBlaze_Core_I/Area.Core/Data_Flow_I/PC_Module_I/Not_All_Bits.PC_GEN[17].PC_Bit_I/PC_EX_DFF/Using_FPGA.Native) is unused and will be removed from module ibert_ultrascale_gth_v1_4_10_gthe4_common_slave.
WARNING: [Synth 8-3332] Sequential element (INTERNAL_MB.mcs_0/microblaze_I/MicroBlaze_Core_I/Area.Core/Data_Flow_I/PC_Module_I/Not_All_Bits.PC_GEN[16].PC_Bit_I/PC_EX_DFF/Using_FPGA.Native) is unused and will be removed from module ibert_ultrascale_gth_v1_4_10_gthe4_common_slave.
WARNING: [Synth 8-3332] Sequential element (INTERNAL_MB.mcs_0/iomodule_0/IOModule_Core_I1/intr_ctrl_I1/cipr_rd_dff_all[0].fdr_i) is unused and will be removed from module ibert_ultrascale_gth_v1_4_10_gthe4_common_slave.
WARNING: [Synth 8-3332] Sequential element (INTERNAL_MB.mcs_0/iomodule_0/IOModule_Core_I1/intr_ctrl_I1/cipr_rd_dff_all[1].fdr_i) is unused and will be removed from module ibert_ultrascale_gth_v1_4_10_gthe4_common_slave.
WARNING: [Synth 8-3332] Sequential element (INTERNAL_MB.mcs_0/iomodule_0/IOModule_Core_I1/intr_ctrl_I1/cipr_rd_dff_all[2].fdr_i) is unused and will be removed from module ibert_ultrascale_gth_v1_4_10_gthe4_common_slave.
WARNING: [Synth 8-3332] Sequential element (INTERNAL_MB.mcs_0/iomodule_0/IOModule_Core_I1/intr_ctrl_I1/cipr_rd_dff_all[3].fdr_i) is unused and will be removed from module ibert_ultrascale_gth_v1_4_10_gthe4_common_slave.
WARNING: [Synth 8-3332] Sequential element (INTERNAL_MB.mcs_0/iomodule_0/IOModule_Core_I1/intr_ctrl_I1/cipr_rd_dff_all[4].fdr_i) is unused and will be removed from module ibert_ultrascale_gth_v1_4_10_gthe4_common_slave.
WARNING: [Synth 8-3332] Sequential element (INTERNAL_MB.mcs_0/iomodule_0/IOModule_Core_I1/intr_ctrl_I1/cipr_rd_dff_all[5].fdr_i) is unused and will be removed from module ibert_ultrascale_gth_v1_4_10_gthe4_common_slave.
WARNING: [Synth 8-3332] Sequential element (INTERNAL_MB.mcs_0/iomodule_0/IOModule_Core_I1/intr_ctrl_I1/cipr_rd_dff_all[6].fdr_i) is unused and will be removed from module ibert_ultrascale_gth_v1_4_10_gthe4_common_slave.
WARNING: [Synth 8-3332] Sequential element (INTERNAL_MB.mcs_0/iomodule_0/IOModule_Core_I1/intr_ctrl_I1/cipr_rd_dff_all[7].fdr_i) is unused and will be removed from module ibert_ultrascale_gth_v1_4_10_gthe4_common_slave.
WARNING: [Synth 8-3332] Sequential element (INTERNAL_MB.mcs_0/iomodule_0/IOModule_Core_I1/intr_ctrl_I1/cipr_rd_dff_all[8].fdr_i) is unused and will be removed from module ibert_ultrascale_gth_v1_4_10_gthe4_common_slave.
WARNING: [Synth 8-3332] Sequential element (INTERNAL_MB.mcs_0/iomodule_0/IOModule_Core_I1/intr_ctrl_I1/cipr_rd_dff_all[9].fdr_i) is unused and will be removed from module ibert_ultrascale_gth_v1_4_10_gthe4_common_slave.
WARNING: [Synth 8-3332] Sequential element (INTERNAL_MB.mcs_0/iomodule_0/IOModule_Core_I1/intr_ctrl_I1/cipr_rd_dff_all[10].fdr_i) is unused and will be removed from module ibert_ultrascale_gth_v1_4_10_gthe4_common_slave.
WARNING: [Synth 8-3332] Sequential element (INTERNAL_MB.mcs_0/iomodule_0/IOModule_Core_I1/intr_ctrl_I1/cipr_rd_dff_all[11].fdr_i) is unused and will be removed from module ibert_ultrascale_gth_v1_4_10_gthe4_common_slave.
WARNING: [Synth 8-3332] Sequential element (INTERNAL_MB.mcs_0/iomodule_0/IOModule_Core_I1/intr_ctrl_I1/cipr_rd_dff_all[12].fdr_i) is unused and will be removed from module ibert_ultrascale_gth_v1_4_10_gthe4_common_slave.
WARNING: [Synth 8-3332] Sequential element (INTERNAL_MB.mcs_0/iomodule_0/IOModule_Core_I1/intr_ctrl_I1/cipr_rd_dff_all[13].fdr_i) is unused and will be removed from module ibert_ultrascale_gth_v1_4_10_gthe4_common_slave.
WARNING: [Synth 8-3332] Sequential element (INTERNAL_MB.mcs_0/iomodule_0/IOModule_Core_I1/intr_ctrl_I1/cipr_rd_dff_all[14].fdr_i) is unused and will be removed from module ibert_ultrascale_gth_v1_4_10_gthe4_common_slave.
WARNING: [Synth 8-3332] Sequential element (INTERNAL_MB.mcs_0/iomodule_0/IOModule_Core_I1/intr_ctrl_I1/cipr_rd_dff_all[15].fdr_i) is unused and will be removed from module ibert_ultrascale_gth_v1_4_10_gthe4_common_slave.
WARNING: [Synth 8-3332] Sequential element (INTERNAL_MB.mcs_0/iomodule_0/IOModule_Core_I1/intr_ctrl_I1/cipr_rd_dff_all[16].fdr_i) is unused and will be removed from module ibert_ultrascale_gth_v1_4_10_gthe4_common_slave.
WARNING: [Synth 8-3332] Sequential element (INTERNAL_MB.mcs_0/iomodule_0/IOModule_Core_I1/intr_ctrl_I1/cipr_rd_dff_all[17].fdr_i) is unused and will be removed from module ibert_ultrascale_gth_v1_4_10_gthe4_common_slave.
WARNING: [Synth 8-3332] Sequential element (INTERNAL_MB.mcs_0/iomodule_0/IOModule_Core_I1/intr_ctrl_I1/cipr_rd_dff_all[18].fdr_i) is unused and will be removed from module ibert_ultrascale_gth_v1_4_10_gthe4_common_slave.
WARNING: [Synth 8-3332] Sequential element (INTERNAL_MB.mcs_0/iomodule_0/IOModule_Core_I1/intr_ctrl_I1/cipr_rd_dff_all[19].fdr_i) is unused and will be removed from module ibert_ultrascale_gth_v1_4_10_gthe4_common_slave.
WARNING: [Synth 8-3332] Sequential element (INTERNAL_MB.mcs_0/iomodule_0/IOModule_Core_I1/intr_ctrl_I1/cipr_rd_dff_all[20].fdr_i) is unused and will be removed from module ibert_ultrascale_gth_v1_4_10_gthe4_common_slave.
WARNING: [Synth 8-3332] Sequential element (INTERNAL_MB.mcs_0/iomodule_0/IOModule_Core_I1/intr_ctrl_I1/cipr_rd_dff_all[21].fdr_i) is unused and will be removed from module ibert_ultrascale_gth_v1_4_10_gthe4_common_slave.
WARNING: [Synth 8-3332] Sequential element (INTERNAL_MB.mcs_0/iomodule_0/IOModule_Core_I1/intr_ctrl_I1/cipr_rd_dff_all[22].fdr_i) is unused and will be removed from module ibert_ultrascale_gth_v1_4_10_gthe4_common_slave.
WARNING: [Synth 8-3332] Sequential element (INTERNAL_MB.mcs_0/iomodule_0/IOModule_Core_I1/intr_ctrl_I1/cipr_rd_dff_all[23].fdr_i) is unused and will be removed from module ibert_ultrascale_gth_v1_4_10_gthe4_common_slave.
WARNING: [Synth 8-3332] Sequential element (INTERNAL_MB.mcs_0/iomodule_0/IOModule_Core_I1/intr_ctrl_I1/cipr_rd_dff_all[24].fdr_i) is unused and will be removed from module ibert_ultrascale_gth_v1_4_10_gthe4_common_slave.
WARNING: [Synth 8-3332] Sequential element (INTERNAL_MB.mcs_0/iomodule_0/IOModule_Core_I1/intr_ctrl_I1/cipr_rd_dff_all[25].fdr_i) is unused and will be removed from module ibert_ultrascale_gth_v1_4_10_gthe4_common_slave.
WARNING: [Synth 8-3332] Sequential element (INTERNAL_MB.mcs_0/iomodule_0/IOModule_Core_I1/intr_ctrl_I1/cipr_rd_dff_all[26].fdr_i) is unused and will be removed from module ibert_ultrascale_gth_v1_4_10_gthe4_common_slave.
WARNING: [Synth 8-3332] Sequential element (INTERNAL_MB.mcs_0/iomodule_0/IOModule_Core_I1/intr_ctrl_I1/cipr_rd_dff_all[27].fdr_i) is unused and will be removed from module ibert_ultrascale_gth_v1_4_10_gthe4_common_slave.
WARNING: [Synth 8-3332] Sequential element (INTERNAL_MB.mcs_0/iomodule_0/IOModule_Core_I1/intr_ctrl_I1/cipr_rd_dff_all[28].fdr_i) is unused and will be removed from module ibert_ultrascale_gth_v1_4_10_gthe4_common_slave.
WARNING: [Synth 8-3332] Sequential element (INTERNAL_MB.mcs_0/iomodule_0/IOModule_Core_I1/intr_ctrl_I1/cipr_rd_dff_all[29].fdr_i) is unused and will be removed from module ibert_ultrascale_gth_v1_4_10_gthe4_common_slave.
WARNING: [Synth 8-3332] Sequential element (INTERNAL_MB.mcs_0/iomodule_0/IOModule_Core_I1/intr_ctrl_I1/cipr_rd_dff_all[30].fdr_i) is unused and will be removed from module ibert_ultrascale_gth_v1_4_10_gthe4_common_slave.
WARNING: [Synth 8-3332] Sequential element (INTERNAL_MB.mcs_0/iomodule_0/IOModule_Core_I1/intr_ctrl_I1/cipr_rd_dff_all[31].fdr_i) is unused and will be removed from module ibert_ultrascale_gth_v1_4_10_gthe4_common_slave.
---------------------------------------------------------------------------------
Finished Cross Boundary and Area Optimization : Time (s): cpu = 00:02:09 ; elapsed = 00:02:18 . Memory (MB): peak = 2332.520 ; gain = 903.020
---------------------------------------------------------------------------------
---------------------------------------------------------------------------------
Start Applying XDC Timing Constraints
---------------------------------------------------------------------------------
---------------------------------------------------------------------------------
Finished Applying XDC Timing Constraints : Time (s): cpu = 00:02:24 ; elapsed = 00:02:34 . Memory (MB): peak = 2600.164 ; gain = 1170.664
---------------------------------------------------------------------------------
---------------------------------------------------------------------------------
Start Timing Optimization
---------------------------------------------------------------------------------
---------------------------------------------------------------------------------
Finished Timing Optimization : Time (s): cpu = 00:02:27 ; elapsed = 00:02:37 . Memory (MB): peak = 2666.598 ; gain = 1237.098
---------------------------------------------------------------------------------
---------------------------------------------------------------------------------
Start Technology Mapping
---------------------------------------------------------------------------------
INFO: [Synth 8-7052] The timing for the instance u_ibert_gth_core/inst/QUAD[0].u_q/CH[2].u_ch/U_CHANNEL_REGS/myram_reg_bram_0 (implemented as a Block RAM) might be sub-optimal as no optional output register could be merged into the ram block. Providing additional output register may help in improving timing.
INFO: [Synth 8-7052] The timing for the instance u_ibert_gth_core/inst/QUAD[0].u_q/CH[3].u_ch/U_CHANNEL_REGS/myram_reg_bram_0 (implemented as a Block RAM) might be sub-optimal as no optional output register could be merged into the ram block. Providing additional output register may help in improving timing.
INFO: [Synth 8-7052] The timing for the instance u_ibert_gth_core/inst/QUAD[0].u_q/CH[1].u_ch/U_CHANNEL_REGS/myram_reg_bram_0 (implemented as a Block RAM) might be sub-optimal as no optional output register could be merged into the ram block. Providing additional output register may help in improving timing.
INFO: [Synth 8-7052] The timing for the instance u_ibert_gth_core/inst/QUAD[0].u_q/CH[0].u_ch/U_CHANNEL_REGS/myram_reg_bram_0 (implemented as a Block RAM) might be sub-optimal as no optional output register could be merged into the ram block. Providing additional output register may help in improving timing.
---------------------------------------------------------------------------------
Finished Technology Mapping : Time (s): cpu = 00:02:36 ; elapsed = 00:02:47 . Memory (MB): peak = 2673.801 ; gain = 1244.301
---------------------------------------------------------------------------------
---------------------------------------------------------------------------------
Start IO Insertion
---------------------------------------------------------------------------------
---------------------------------------------------------------------------------
Start Flattening Before IO Insertion
---------------------------------------------------------------------------------
---------------------------------------------------------------------------------
Finished Flattening Before IO Insertion
---------------------------------------------------------------------------------
---------------------------------------------------------------------------------
Start Final Netlist Cleanup
---------------------------------------------------------------------------------
---------------------------------------------------------------------------------
Finished Final Netlist Cleanup
---------------------------------------------------------------------------------
WARNING: [Synth 8-3295] tying undriven pin U_CHANNEL_REGS:gtrefclkmonitor_i to constant 0
WARNING: [Synth 8-3295] tying undriven pin U_CHANNEL_REGS:rxdfestadaptdone_i to constant 0
WARNING: [Synth 8-3295] tying undriven pin U_CHANNEL_REGS:txgearboxready_i to constant 0
WARNING: [Synth 8-3295] tying undriven pin U_CHANNEL_REGS:rxphmonitor_i[4] to constant 0
WARNING: [Synth 8-3295] tying undriven pin U_CHANNEL_REGS:rxphmonitor_i[3] to constant 0
WARNING: [Synth 8-3295] tying undriven pin U_CHANNEL_REGS:rxphmonitor_i[2] to constant 0
WARNING: [Synth 8-3295] tying undriven pin U_CHANNEL_REGS:rxphmonitor_i[1] to constant 0
WARNING: [Synth 8-3295] tying undriven pin U_CHANNEL_REGS:rxphmonitor_i[0] to constant 0
WARNING: [Synth 8-3295] tying undriven pin U_CHANNEL_REGS:rxphslipmonitor_i[4] to constant 0
WARNING: [Synth 8-3295] tying undriven pin U_CHANNEL_REGS:rxphslipmonitor_i[3] to constant 0
WARNING: [Synth 8-3295] tying undriven pin U_CHANNEL_REGS:rxphslipmonitor_i[2] to constant 0
WARNING: [Synth 8-3295] tying undriven pin U_CHANNEL_REGS:rxphslipmonitor_i[1] to constant 0
WARNING: [Synth 8-3295] tying undriven pin U_CHANNEL_REGS:rxphslipmonitor_i[0] to constant 0
WARNING: [Synth 8-3295] tying undriven pin U_CHANNEL_REGS:pmascanout_i[11] to constant 0
WARNING: [Synth 8-3295] tying undriven pin U_CHANNEL_REGS:pmascanout_i[10] to constant 0
WARNING: [Synth 8-3295] tying undriven pin U_CHANNEL_REGS:pmascanout_i[9] to constant 0
WARNING: [Synth 8-3295] tying undriven pin U_CHANNEL_REGS:pmascanout_i[8] to constant 0
WARNING: [Synth 8-3295] tying undriven pin U_CHANNEL_REGS:pmascanout_i[7] to constant 0
WARNING: [Synth 8-3295] tying undriven pin U_CHANNEL_REGS:pmascanout_i[6] to constant 0
WARNING: [Synth 8-3295] tying undriven pin U_CHANNEL_REGS:pmascanout_i[5] to constant 0
WARNING: [Synth 8-3295] tying undriven pin U_CHANNEL_REGS:pmascanout_i[4] to constant 0
WARNING: [Synth 8-3295] tying undriven pin U_CHANNEL_REGS:pmascanout_i[3] to constant 0
WARNING: [Synth 8-3295] tying undriven pin U_CHANNEL_REGS:pmascanout_i[2] to constant 0
WARNING: [Synth 8-3295] tying undriven pin U_CHANNEL_REGS:pmascanout_i[1] to constant 0
WARNING: [Synth 8-3295] tying undriven pin U_CHANNEL_REGS:pmascanout_i[0] to constant 0
WARNING: [Synth 8-3295] tying undriven pin U_CHANNEL_REGS:scanout_i[18] to constant 0
WARNING: [Synth 8-3295] tying undriven pin U_CHANNEL_REGS:scanout_i[17] to constant 0
WARNING: [Synth 8-3295] tying undriven pin U_CHANNEL_REGS:scanout_i[16] to constant 0
WARNING: [Synth 8-3295] tying undriven pin U_CHANNEL_REGS:scanout_i[15] to constant 0
WARNING: [Synth 8-3295] tying undriven pin U_CHANNEL_REGS:scanout_i[14] to constant 0
WARNING: [Synth 8-3295] tying undriven pin U_CHANNEL_REGS:scanout_i[13] to constant 0
WARNING: [Synth 8-3295] tying undriven pin U_CHANNEL_REGS:scanout_i[12] to constant 0
WARNING: [Synth 8-3295] tying undriven pin U_CHANNEL_REGS:scanout_i[11] to constant 0
WARNING: [Synth 8-3295] tying undriven pin U_CHANNEL_REGS:scanout_i[10] to constant 0
WARNING: [Synth 8-3295] tying undriven pin U_CHANNEL_REGS:scanout_i[9] to constant 0
WARNING: [Synth 8-3295] tying undriven pin U_CHANNEL_REGS:scanout_i[8] to constant 0
WARNING: [Synth 8-3295] tying undriven pin U_CHANNEL_REGS:scanout_i[7] to constant 0
WARNING: [Synth 8-3295] tying undriven pin U_CHANNEL_REGS:scanout_i[6] to constant 0
WARNING: [Synth 8-3295] tying undriven pin U_CHANNEL_REGS:scanout_i[5] to constant 0
WARNING: [Synth 8-3295] tying undriven pin U_CHANNEL_REGS:scanout_i[4] to constant 0
WARNING: [Synth 8-3295] tying undriven pin U_CHANNEL_REGS:scanout_i[3] to constant 0
WARNING: [Synth 8-3295] tying undriven pin U_CHANNEL_REGS:scanout_i[2] to constant 0
WARNING: [Synth 8-3295] tying undriven pin U_CHANNEL_REGS:scanout_i[1] to constant 0
WARNING: [Synth 8-3295] tying undriven pin U_CHANNEL_REGS:scanout_i[0] to constant 0
WARNING: [Synth 8-3295] tying undriven pin U_CHANNEL_REGS:mgt_errcnt_reset_stat_i to constant 0
WARNING: [Synth 8-3295] tying undriven pin U_CHANNEL_REGS:dmon_trace_data_i[15] to constant 0
WARNING: [Synth 8-3295] tying undriven pin U_CHANNEL_REGS:dmon_trace_data_i[14] to constant 0
WARNING: [Synth 8-3295] tying undriven pin U_CHANNEL_REGS:dmon_trace_data_i[13] to constant 0
WARNING: [Synth 8-3295] tying undriven pin U_CHANNEL_REGS:dmon_trace_data_i[12] to constant 0
WARNING: [Synth 8-3295] tying undriven pin U_CHANNEL_REGS:dmon_trace_data_i[11] to constant 0
WARNING: [Synth 8-3295] tying undriven pin U_CHANNEL_REGS:dmon_trace_data_i[10] to constant 0
WARNING: [Synth 8-3295] tying undriven pin U_CHANNEL_REGS:dmon_trace_data_i[9] to constant 0
WARNING: [Synth 8-3295] tying undriven pin U_CHANNEL_REGS:dmon_trace_data_i[8] to constant 0
WARNING: [Synth 8-3295] tying undriven pin U_CHANNEL_REGS:dmon_trace_data_i[7] to constant 0
WARNING: [Synth 8-3295] tying undriven pin U_CHANNEL_REGS:dmon_trace_data_i[6] to constant 0
WARNING: [Synth 8-3295] tying undriven pin U_CHANNEL_REGS:dmon_trace_data_i[5] to constant 0
WARNING: [Synth 8-3295] tying undriven pin U_CHANNEL_REGS:dmon_trace_data_i[4] to constant 0
WARNING: [Synth 8-3295] tying undriven pin U_CHANNEL_REGS:dmon_trace_data_i[3] to constant 0
WARNING: [Synth 8-3295] tying undriven pin U_CHANNEL_REGS:dmon_trace_data_i[2] to constant 0
WARNING: [Synth 8-3295] tying undriven pin U_CHANNEL_REGS:dmon_trace_data_i[1] to constant 0
WARNING: [Synth 8-3295] tying undriven pin U_CHANNEL_REGS:dmon_trace_data_i[0] to constant 0
WARNING: [Synth 8-3295] tying undriven pin U_CHANNEL_REGS:dmon_trace_full_i to constant 0
WARNING: [Synth 8-3295] tying undriven pin U_CHANNEL_REGS:gtrefclkmonitor_i to constant 0
WARNING: [Synth 8-3295] tying undriven pin U_CHANNEL_REGS:rxdfestadaptdone_i to constant 0
WARNING: [Synth 8-3295] tying undriven pin U_CHANNEL_REGS:txgearboxready_i to constant 0
WARNING: [Synth 8-3295] tying undriven pin U_CHANNEL_REGS:rxphmonitor_i[4] to constant 0
WARNING: [Synth 8-3295] tying undriven pin U_CHANNEL_REGS:rxphmonitor_i[3] to constant 0
WARNING: [Synth 8-3295] tying undriven pin U_CHANNEL_REGS:rxphmonitor_i[2] to constant 0
WARNING: [Synth 8-3295] tying undriven pin U_CHANNEL_REGS:rxphmonitor_i[1] to constant 0
WARNING: [Synth 8-3295] tying undriven pin U_CHANNEL_REGS:rxphmonitor_i[0] to constant 0
WARNING: [Synth 8-3295] tying undriven pin U_CHANNEL_REGS:rxphslipmonitor_i[4] to constant 0
WARNING: [Synth 8-3295] tying undriven pin U_CHANNEL_REGS:rxphslipmonitor_i[3] to constant 0
WARNING: [Synth 8-3295] tying undriven pin U_CHANNEL_REGS:rxphslipmonitor_i[2] to constant 0
WARNING: [Synth 8-3295] tying undriven pin U_CHANNEL_REGS:rxphslipmonitor_i[1] to constant 0
WARNING: [Synth 8-3295] tying undriven pin U_CHANNEL_REGS:rxphslipmonitor_i[0] to constant 0
WARNING: [Synth 8-3295] tying undriven pin U_CHANNEL_REGS:pmascanout_i[11] to constant 0
WARNING: [Synth 8-3295] tying undriven pin U_CHANNEL_REGS:pmascanout_i[10] to constant 0
WARNING: [Synth 8-3295] tying undriven pin U_CHANNEL_REGS:pmascanout_i[9] to constant 0
WARNING: [Synth 8-3295] tying undriven pin U_CHANNEL_REGS:pmascanout_i[8] to constant 0
WARNING: [Synth 8-3295] tying undriven pin U_CHANNEL_REGS:pmascanout_i[7] to constant 0
WARNING: [Synth 8-3295] tying undriven pin U_CHANNEL_REGS:pmascanout_i[6] to constant 0
WARNING: [Synth 8-3295] tying undriven pin U_CHANNEL_REGS:pmascanout_i[5] to constant 0
WARNING: [Synth 8-3295] tying undriven pin U_CHANNEL_REGS:pmascanout_i[4] to constant 0
WARNING: [Synth 8-3295] tying undriven pin U_CHANNEL_REGS:pmascanout_i[3] to constant 0
WARNING: [Synth 8-3295] tying undriven pin U_CHANNEL_REGS:pmascanout_i[2] to constant 0
WARNING: [Synth 8-3295] tying undriven pin U_CHANNEL_REGS:pmascanout_i[1] to constant 0
WARNING: [Synth 8-3295] tying undriven pin U_CHANNEL_REGS:pmascanout_i[0] to constant 0
WARNING: [Synth 8-3295] tying undriven pin U_CHANNEL_REGS:scanout_i[18] to constant 0
WARNING: [Synth 8-3295] tying undriven pin U_CHANNEL_REGS:scanout_i[17] to constant 0
WARNING: [Synth 8-3295] tying undriven pin U_CHANNEL_REGS:scanout_i[16] to constant 0
WARNING: [Synth 8-3295] tying undriven pin U_CHANNEL_REGS:scanout_i[15] to constant 0
WARNING: [Synth 8-3295] tying undriven pin U_CHANNEL_REGS:scanout_i[14] to constant 0
WARNING: [Synth 8-3295] tying undriven pin U_CHANNEL_REGS:scanout_i[13] to constant 0
WARNING: [Synth 8-3295] tying undriven pin U_CHANNEL_REGS:scanout_i[12] to constant 0
WARNING: [Synth 8-3295] tying undriven pin U_CHANNEL_REGS:scanout_i[11] to constant 0
WARNING: [Synth 8-3295] tying undriven pin U_CHANNEL_REGS:scanout_i[10] to constant 0
WARNING: [Synth 8-3295] tying undriven pin U_CHANNEL_REGS:scanout_i[9] to constant 0
WARNING: [Synth 8-3295] tying undriven pin U_CHANNEL_REGS:scanout_i[8] to constant 0
WARNING: [Synth 8-3295] tying undriven pin U_CHANNEL_REGS:scanout_i[7] to constant 0
WARNING: [Synth 8-3295] tying undriven pin U_CHANNEL_REGS:scanout_i[6] to constant 0
INFO: [Common 17-14] Message 'Synth 8-3295' appears 100 times and further instances of the messages will be disabled. Use the Tcl command set_msg_config to change the current settings.
---------------------------------------------------------------------------------
Finished IO Insertion : Time (s): cpu = 00:02:41 ; elapsed = 00:02:52 . Memory (MB): peak = 2673.801 ; gain = 1244.301
---------------------------------------------------------------------------------
---------------------------------------------------------------------------------
Start Renaming Generated Instances
---------------------------------------------------------------------------------
---------------------------------------------------------------------------------
Finished Renaming Generated Instances : Time (s): cpu = 00:02:41 ; elapsed = 00:02:52 . Memory (MB): peak = 2673.801 ; gain = 1244.301
---------------------------------------------------------------------------------
---------------------------------------------------------------------------------
Start Rebuilding User Hierarchy
---------------------------------------------------------------------------------
---------------------------------------------------------------------------------
Finished Rebuilding User Hierarchy : Time (s): cpu = 00:02:43 ; elapsed = 00:02:54 . Memory (MB): peak = 2673.801 ; gain = 1244.301
---------------------------------------------------------------------------------
---------------------------------------------------------------------------------
Start Renaming Generated Ports
---------------------------------------------------------------------------------
---------------------------------------------------------------------------------
Finished Renaming Generated Ports : Time (s): cpu = 00:02:43 ; elapsed = 00:02:54 . Memory (MB): peak = 2673.801 ; gain = 1244.301
---------------------------------------------------------------------------------
---------------------------------------------------------------------------------
Start Handling Custom Attributes
---------------------------------------------------------------------------------
---------------------------------------------------------------------------------
Finished Handling Custom Attributes : Time (s): cpu = 00:02:43 ; elapsed = 00:02:55 . Memory (MB): peak = 2673.801 ; gain = 1244.301
---------------------------------------------------------------------------------
---------------------------------------------------------------------------------
Start Renaming Generated Nets
---------------------------------------------------------------------------------
---------------------------------------------------------------------------------
Finished Renaming Generated Nets : Time (s): cpu = 00:02:44 ; elapsed = 00:02:55 . Memory (MB): peak = 2673.801 ; gain = 1244.301
---------------------------------------------------------------------------------
---------------------------------------------------------------------------------
Start Writing Synthesis Report
---------------------------------------------------------------------------------

Report BlackBoxes: 
+------+--------------+----------+
|      |BlackBox name |Instances |
+------+--------------+----------+
|1     |DSP48E        |         8|
+------+--------------+----------+

Report Cell Usage: 
+------+--------------+------+
|      |Cell          |Count |
+------+--------------+------+
|1     |DSP48E_bbox   |     1|
|2     |DSP48E_bbox_0 |     7|
|9     |BUFG_GT       |    21|
|10    |CARRY8        |   146|
|11    |GTHE4_CHANNEL |     4|
|12    |GTHE4_COMMON  |     1|
|13    |IBUFDS_GTE4   |     2|
|14    |LUT1          |   208|
|15    |LUT2          |  1665|
|16    |LUT3          |   903|
|17    |LUT4          |  1701|
|18    |LUT5          |  2160|
|19    |LUT6          |  3612|
|21    |MULT_AND      |     2|
|22    |MUXCY_L       |    71|
|23    |MUXF7         |   588|
|24    |MUXF8         |    64|
|25    |RAM32M16      |     4|
|26    |RAM32X1D      |    72|
|27    |RAMB36E1      |    16|
|28    |RAMB36E2      |     4|
|29    |SRL16E        |   210|
|30    |XORCY         |    49|
|31    |FDCE          |   452|
|32    |FDE           |    32|
|33    |FDPE          |   272|
|34    |FDR           |     1|
|35    |FDRE          | 16630|
|36    |FDS           |     5|
|37    |FDSE          |   264|
+------+--------------+------+
---------------------------------------------------------------------------------
Finished Writing Synthesis Report : Time (s): cpu = 00:02:44 ; elapsed = 00:02:55 . Memory (MB): peak = 2673.801 ; gain = 1244.301
---------------------------------------------------------------------------------
Synthesis finished with 0 errors, 0 critical warnings and 8962 warnings.
Synthesis Optimization Runtime : Time (s): cpu = 00:01:43 ; elapsed = 00:02:37 . Memory (MB): peak = 2673.801 ; gain = 1157.008
Synthesis Optimization Complete : Time (s): cpu = 00:02:44 ; elapsed = 00:02:55 . Memory (MB): peak = 2673.801 ; gain = 1244.301
INFO: [Project 1-571] Translating synthesized netlist
Netlist sorting complete. Time (s): cpu = 00:00:00 ; elapsed = 00:00:00.466 . Memory (MB): peak = 2681.852 ; gain = 0.000
INFO: [Netlist 29-17] Analyzing 1139 Unisim elements for replacement
INFO: [Netlist 29-28] Unisim Transformation completed in 1 CPU seconds
INFO: [Project 1-570] Preparing netlist for logic optimization
INFO: [Chipscope 16-324] Core: u_ibert_gth_core UUID: 2cf3eb45-6b05-5406-9c5e-3f6a66c230b3 
INFO: [Opt 31-138] Pushed 0 inverter(s) to 0 load pin(s).
INFO: [Opt 31-441] Inserted BUFG_GT_SYNC BUFG_GT_SYNC for BUFG_GT u_gth_sysclk_internal
INFO: [Opt 31-441] Inserted BUFG_GT_SYNC u_ibert_gth_core/inst/QUAD[0].u_q/CH[0].u_ch/BUFG_GT_SYNC for BUFG_GT u_ibert_gth_core/inst/QUAD[0].u_q/CH[0].u_ch/u_buf_dmonitorclk
INFO: [Opt 31-441] Inserted BUFG_GT_SYNC u_ibert_gth_core/inst/QUAD[0].u_q/CH[0].u_ch/BUFG_GT_SYNC_1 for BUFG_GT u_ibert_gth_core/inst/QUAD[0].u_q/u_common/u_clocking/rx_ind.u_rxusr0_0
INFO: [Opt 31-441] Inserted BUFG_GT_SYNC u_ibert_gth_core/inst/QUAD[0].u_q/CH[0].u_ch/BUFG_GT_SYNC_2 for BUFG_GT u_ibert_gth_core/inst/QUAD[0].u_q/u_common/u_clocking/tx_ind.u_txusr0_0
INFO: [Opt 31-441] Inserted BUFG_GT_SYNC u_ibert_gth_core/inst/QUAD[0].u_q/CH[1].u_ch/BUFG_GT_SYNC for BUFG_GT u_ibert_gth_core/inst/QUAD[0].u_q/CH[1].u_ch/u_buf_dmonitorclk
INFO: [Opt 31-441] Inserted BUFG_GT_SYNC u_ibert_gth_core/inst/QUAD[0].u_q/CH[1].u_ch/BUFG_GT_SYNC_1 for BUFG_GT u_ibert_gth_core/inst/QUAD[0].u_q/u_common/u_clocking/rx_ind.u_rxusr1_0
INFO: [Opt 31-441] Inserted BUFG_GT_SYNC u_ibert_gth_core/inst/QUAD[0].u_q/CH[1].u_ch/BUFG_GT_SYNC_2 for BUFG_GT u_ibert_gth_core/inst/QUAD[0].u_q/u_common/u_clocking/tx_ind.u_txusr1_0
INFO: [Opt 31-441] Inserted BUFG_GT_SYNC u_ibert_gth_core/inst/QUAD[0].u_q/CH[2].u_ch/BUFG_GT_SYNC for BUFG_GT u_ibert_gth_core/inst/QUAD[0].u_q/CH[2].u_ch/u_buf_dmonitorclk
INFO: [Opt 31-441] Inserted BUFG_GT_SYNC u_ibert_gth_core/inst/QUAD[0].u_q/CH[2].u_ch/BUFG_GT_SYNC_1 for BUFG_GT u_ibert_gth_core/inst/QUAD[0].u_q/u_common/u_clocking/rx_ind.u_rxusr2_0
INFO: [Opt 31-441] Inserted BUFG_GT_SYNC u_ibert_gth_core/inst/QUAD[0].u_q/CH[2].u_ch/BUFG_GT_SYNC_2 for BUFG_GT u_ibert_gth_core/inst/QUAD[0].u_q/u_common/u_clocking/tx_ind.u_txusr2_0
INFO: [Opt 31-441] Inserted BUFG_GT_SYNC u_ibert_gth_core/inst/QUAD[0].u_q/CH[3].u_ch/BUFG_GT_SYNC for BUFG_GT u_ibert_gth_core/inst/QUAD[0].u_q/CH[3].u_ch/u_buf_dmonitorclk
INFO: [Opt 31-441] Inserted BUFG_GT_SYNC u_ibert_gth_core/inst/QUAD[0].u_q/CH[3].u_ch/BUFG_GT_SYNC_1 for BUFG_GT u_ibert_gth_core/inst/QUAD[0].u_q/u_common/u_clocking/rx_ind.u_rxusr3_0
INFO: [Opt 31-441] Inserted BUFG_GT_SYNC u_ibert_gth_core/inst/QUAD[0].u_q/CH[3].u_ch/BUFG_GT_SYNC_2 for BUFG_GT u_ibert_gth_core/inst/QUAD[0].u_q/u_common/u_clocking/tx_ind.u_txusr3_0
INFO: [Opt 31-422] The CLOCK_DOMAINS attribute on the BRAM cell u_ibert_gth_core/inst/QUAD[0].u_q/u_common/INTERNAL_MB.mcs_0/lmb_bram_I/RAM_Inst/Using_B36_S2.The_BRAMs[0].RAMB36_I1 has been changed from INDEPENDENT to COMMON to match the clocking topology used for the BRAM.
INFO: [Opt 31-422] The CLOCK_DOMAINS attribute on the BRAM cell u_ibert_gth_core/inst/QUAD[0].u_q/u_common/INTERNAL_MB.mcs_0/lmb_bram_I/RAM_Inst/Using_B36_S2.The_BRAMs[10].RAMB36_I1 has been changed from INDEPENDENT to COMMON to match the clocking topology used for the BRAM.
INFO: [Opt 31-422] The CLOCK_DOMAINS attribute on the BRAM cell u_ibert_gth_core/inst/QUAD[0].u_q/u_common/INTERNAL_MB.mcs_0/lmb_bram_I/RAM_Inst/Using_B36_S2.The_BRAMs[11].RAMB36_I1 has been changed from INDEPENDENT to COMMON to match the clocking topology used for the BRAM.
INFO: [Opt 31-422] The CLOCK_DOMAINS attribute on the BRAM cell u_ibert_gth_core/inst/QUAD[0].u_q/u_common/INTERNAL_MB.mcs_0/lmb_bram_I/RAM_Inst/Using_B36_S2.The_BRAMs[12].RAMB36_I1 has been changed from INDEPENDENT to COMMON to match the clocking topology used for the BRAM.
INFO: [Opt 31-422] The CLOCK_DOMAINS attribute on the BRAM cell u_ibert_gth_core/inst/QUAD[0].u_q/u_common/INTERNAL_MB.mcs_0/lmb_bram_I/RAM_Inst/Using_B36_S2.The_BRAMs[13].RAMB36_I1 has been changed from INDEPENDENT to COMMON to match the clocking topology used for the BRAM.
INFO: [Opt 31-422] The CLOCK_DOMAINS attribute on the BRAM cell u_ibert_gth_core/inst/QUAD[0].u_q/u_common/INTERNAL_MB.mcs_0/lmb_bram_I/RAM_Inst/Using_B36_S2.The_BRAMs[14].RAMB36_I1 has been changed from INDEPENDENT to COMMON to match the clocking topology used for the BRAM.
INFO: [Opt 31-422] The CLOCK_DOMAINS attribute on the BRAM cell u_ibert_gth_core/inst/QUAD[0].u_q/u_common/INTERNAL_MB.mcs_0/lmb_bram_I/RAM_Inst/Using_B36_S2.The_BRAMs[15].RAMB36_I1 has been changed from INDEPENDENT to COMMON to match the clocking topology used for the BRAM.
INFO: [Opt 31-422] The CLOCK_DOMAINS attribute on the BRAM cell u_ibert_gth_core/inst/QUAD[0].u_q/u_common/INTERNAL_MB.mcs_0/lmb_bram_I/RAM_Inst/Using_B36_S2.The_BRAMs[1].RAMB36_I1 has been changed from INDEPENDENT to COMMON to match the clocking topology used for the BRAM.
INFO: [Opt 31-422] The CLOCK_DOMAINS attribute on the BRAM cell u_ibert_gth_core/inst/QUAD[0].u_q/u_common/INTERNAL_MB.mcs_0/lmb_bram_I/RAM_Inst/Using_B36_S2.The_BRAMs[2].RAMB36_I1 has been changed from INDEPENDENT to COMMON to match the clocking topology used for the BRAM.
INFO: [Opt 31-422] The CLOCK_DOMAINS attribute on the BRAM cell u_ibert_gth_core/inst/QUAD[0].u_q/u_common/INTERNAL_MB.mcs_0/lmb_bram_I/RAM_Inst/Using_B36_S2.The_BRAMs[3].RAMB36_I1 has been changed from INDEPENDENT to COMMON to match the clocking topology used for the BRAM.
INFO: [Opt 31-422] The CLOCK_DOMAINS attribute on the BRAM cell u_ibert_gth_core/inst/QUAD[0].u_q/u_common/INTERNAL_MB.mcs_0/lmb_bram_I/RAM_Inst/Using_B36_S2.The_BRAMs[4].RAMB36_I1 has been changed from INDEPENDENT to COMMON to match the clocking topology used for the BRAM.
INFO: [Opt 31-422] The CLOCK_DOMAINS attribute on the BRAM cell u_ibert_gth_core/inst/QUAD[0].u_q/u_common/INTERNAL_MB.mcs_0/lmb_bram_I/RAM_Inst/Using_B36_S2.The_BRAMs[5].RAMB36_I1 has been changed from INDEPENDENT to COMMON to match the clocking topology used for the BRAM.
INFO: [Opt 31-422] The CLOCK_DOMAINS attribute on the BRAM cell u_ibert_gth_core/inst/QUAD[0].u_q/u_common/INTERNAL_MB.mcs_0/lmb_bram_I/RAM_Inst/Using_B36_S2.The_BRAMs[6].RAMB36_I1 has been changed from INDEPENDENT to COMMON to match the clocking topology used for the BRAM.
INFO: [Opt 31-422] The CLOCK_DOMAINS attribute on the BRAM cell u_ibert_gth_core/inst/QUAD[0].u_q/u_common/INTERNAL_MB.mcs_0/lmb_bram_I/RAM_Inst/Using_B36_S2.The_BRAMs[7].RAMB36_I1 has been changed from INDEPENDENT to COMMON to match the clocking topology used for the BRAM.
INFO: [Opt 31-422] The CLOCK_DOMAINS attribute on the BRAM cell u_ibert_gth_core/inst/QUAD[0].u_q/u_common/INTERNAL_MB.mcs_0/lmb_bram_I/RAM_Inst/Using_B36_S2.The_BRAMs[8].RAMB36_I1 has been changed from INDEPENDENT to COMMON to match the clocking topology used for the BRAM.
INFO: [Opt 31-422] The CLOCK_DOMAINS attribute on the BRAM cell u_ibert_gth_core/inst/QUAD[0].u_q/u_common/INTERNAL_MB.mcs_0/lmb_bram_I/RAM_Inst/Using_B36_S2.The_BRAMs[9].RAMB36_I1 has been changed from INDEPENDENT to COMMON to match the clocking topology used for the BRAM.
Netlist sorting complete. Time (s): cpu = 00:00:00 ; elapsed = 00:00:00.014 . Memory (MB): peak = 2755.527 ; gain = 0.000
INFO: [Project 1-111] Unisim Transformation Summary:
  A total of 232 instances were transformed.
  (CARRY4) => CARRY8: 11 instances
  DSP48E => DSP48E2 (DSP_ALU, DSP_A_B_DATA, DSP_C_DATA, DSP_MULTIPLIER, DSP_M_DATA, DSP_OUTPUT, DSP_PREADD, DSP_PREADD_DATA): 8 instances
  FDE => FDRE: 32 instances
  FDR => FDRE: 1 instance 
  FDS => FDSE: 5 instances
  LUT6_2 => LUT6_2 (LUT5, LUT6): 81 instances
  MULT_AND => LUT2: 2 instances
  RAM32M16 => RAM32M16 (RAMD32(x14), RAMS32(x2)): 4 instances
  RAM32X1D => RAM32X1D (RAMD32(x2)): 72 instances
  RAMB36E1 => RAMB36E2: 16 instances

Synth Design complete, checksum: 3cc35a98
INFO: [Common 17-83] Releasing license: Synthesis
198 Infos, 413 Warnings, 0 Critical Warnings and 0 Errors encountered.
synth_design completed successfully
synth_design: Time (s): cpu = 00:03:00 ; elapsed = 00:03:13 . Memory (MB): peak = 2755.527 ; gain = 2303.988
INFO: [Common 17-1381] The checkpoint 'D:/FPGA/Vivaldo Project/INTERFACE/SFP GT BERT/01_ibert_loopback/Vivado/ibert_ultrascale_gth_0_ex.runs/synth_1/example_ibert_ultrascale_gth_0.dcp' has been generated.
INFO: [runtcl-4] Executing : report_utilization -file example_ibert_ultrascale_gth_0_utilization_synth.rpt -pb example_ibert_ultrascale_gth_0_utilization_synth.pb
INFO: [Common 17-206] Exiting Vivado at Tue Oct  6 14:24:36 2026...
