#-----------------------------------------------------------
# Vivado v2022.2 (64-bit)
# SW Build 3671981 on Fri Oct 14 05:00:03 MDT 2022
# IP Build 3669848 on Fri Oct 14 08:30:02 MDT 2022
# Start of session at: Fri Aug  7 08:34:26 2026
# Process ID: 22424
# Current directory: D:/FPGA/Vivaldo Project/INTERFACE/SPI/05_w25q64_controller/Vivado
# Command line: vivado.exe -gui_launcher_event rodinguilauncherevent12196 D:\FPGA\Vivaldo Project\INTERFACE\SPI\05_w25q64_controller\Vivado\05_w25q64_controller.xpr
# Log file: D:/FPGA/Vivaldo Project/INTERFACE/SPI/05_w25q64_controller/Vivado/vivado.log
# Journal file: D:/FPGA/Vivaldo Project/INTERFACE/SPI/05_w25q64_controller/Vivado\vivado.jou
# Running On: LAPTOP-CHCSI1R5, OS: Windows, CPU Frequency: 3194 MHz, CPU Physical cores: 16, Host memory: 21319 MB
#-----------------------------------------------------------
start_gui
open_project {D:/FPGA/Vivaldo Project/INTERFACE/SPI/05_w25q64_controller/Vivado/05_w25q64_controller.xpr}
WARNING: [Board 49-26] cannot add Board Part xilinx.com:ac701:part0:1.4 available at D:/Xilinx/Vivado/2022.2/data/xhub/boards/XilinxBoardStore/boards/Xilinx/ac701/1.4/board.xml as part xc7a200tfbg676-2 specified in board_part file is either invalid or not available
WARNING: [Board 49-26] cannot add Board Part xilinx.com:kc705:part0:1.6 available at D:/Xilinx/Vivado/2022.2/data/xhub/boards/XilinxBoardStore/boards/Xilinx/kc705/1.6/board.xml as part xc7k325tffg900-2 specified in board_part file is either invalid or not available
WARNING: [Board 49-26] cannot add Board Part xilinx.com:kcu105:part0:1.6 available at D:/Xilinx/Vivado/2022.2/data/xhub/boards/XilinxBoardStore/boards/Xilinx/kcu105/1.6/board.xml as part xcku040-ffva1156-2-e specified in board_part file is either invalid or not available
WARNING: [Board 49-26] cannot add Board Part xilinx.com:kcu105:part0:1.7 available at D:/Xilinx/Vivado/2022.2/data/xhub/boards/XilinxBoardStore/boards/Xilinx/kcu105/1.7/board.xml as part xcku040-ffva1156-2-e specified in board_part file is either invalid or not available
WARNING: [Board 49-26] cannot add Board Part xilinx.com:kcu116:part0:1.4 available at D:/Xilinx/Vivado/2022.2/data/xhub/boards/XilinxBoardStore/boards/Xilinx/kcu116/1.4/board.xml as part xcku5p-ffvb676-2-e specified in board_part file is either invalid or not available
WARNING: [Board 49-26] cannot add Board Part xilinx.com:kcu116:part0:1.5 available at D:/Xilinx/Vivado/2022.2/data/xhub/boards/XilinxBoardStore/boards/Xilinx/kcu116/1.5/board.xml as part xcku5p-ffvb676-2-e specified in board_part file is either invalid or not available
WARNING: [Board 49-26] cannot add Board Part xilinx.com:kcu1500:part0:1.2 available at D:/Xilinx/Vivado/2022.2/data/xhub/boards/XilinxBoardStore/boards/Xilinx/kcu1500/1.2/board.xml as part xcku115-flvb2104-2-e specified in board_part file is either invalid or not available
WARNING: [Board 49-26] cannot add Board Part xilinx.com:sp701:part0:1.0 available at D:/Xilinx/Vivado/2022.2/data/xhub/boards/XilinxBoardStore/boards/Xilinx/sp701/1.0/board.xml as part xc7s100fgga676-2 specified in board_part file is either invalid or not available
WARNING: [Board 49-26] cannot add Board Part xilinx.com:sp701:part0:1.1 available at D:/Xilinx/Vivado/2022.2/data/xhub/boards/XilinxBoardStore/boards/Xilinx/sp701/1.1/board.xml as part xc7s100fgga676-2 specified in board_part file is either invalid or not available
WARNING: [Board 49-26] cannot add Board Part xilinx.com:vc707:part0:1.4 available at D:/Xilinx/Vivado/2022.2/data/xhub/boards/XilinxBoardStore/boards/Xilinx/vc707/1.4/board.xml as part xc7vx485tffg1761-2 specified in board_part file is either invalid or not available
WARNING: [Board 49-26] cannot add Board Part xilinx.com:vc709:part0:1.8 available at D:/Xilinx/Vivado/2022.2/data/xhub/boards/XilinxBoardStore/boards/Xilinx/vc709/1.8/board.xml as part xc7vx690tffg1761-2 specified in board_part file is either invalid or not available
WARNING: [Board 49-26] cannot add Board Part xilinx.com:vck190:part0:2.2 available at D:/Xilinx/Vivado/2022.2/data/xhub/boards/XilinxBoardStore/boards/Xilinx/vck190/production/2.2/board.xml as part xcvc1902-vsva2197-2mp-e-s specified in board_part file is either invalid or not available
WARNING: [Board 49-26] cannot add Board Part xilinx.com:vck190:part0:3.0 available at D:/Xilinx/Vivado/2022.2/data/xhub/boards/XilinxBoardStore/boards/Xilinx/vck190/production/3.0/board.xml as part xcvc1902-vsva2197-2mp-e-s specified in board_part file is either invalid or not available
WARNING: [Board 49-26] cannot add Board Part xilinx.com:vck190:part0:3.1 available at D:/Xilinx/Vivado/2022.2/data/xhub/boards/XilinxBoardStore/boards/Xilinx/vck190/production/3.1/board.xml as part xcvc1902-vsva2197-2mp-e-s specified in board_part file is either invalid or not available
WARNING: [Board 49-26] cannot add Board Part xilinx.com:vck190_newl:part0:1.0 available at D:/Xilinx/Vivado/2022.2/data/xhub/boards/XilinxBoardStore/boards/Xilinx/vck190_newl/production/1.0/board.xml as part xcvc1902-vsva2197-2mp-e-s specified in board_part file is either invalid or not available
WARNING: [Board 49-26] cannot add Board Part xilinx.com:vcu108:part0:1.6 available at D:/Xilinx/Vivado/2022.2/data/xhub/boards/XilinxBoardStore/boards/Xilinx/vcu108/1.6/board.xml as part xcvu095-ffva2104-2-e specified in board_part file is either invalid or not available
WARNING: [Board 49-26] cannot add Board Part xilinx.com:vcu108:part0:1.7 available at D:/Xilinx/Vivado/2022.2/data/xhub/boards/XilinxBoardStore/boards/Xilinx/vcu108/1.7/board.xml as part xcvu095-ffva2104-2-e specified in board_part file is either invalid or not available
WARNING: [Board 49-26] cannot add Board Part xilinx.com:vcu110:part0:1.4 available at D:/Xilinx/Vivado/2022.2/data/xhub/boards/XilinxBoardStore/boards/Xilinx/vcu110/1.4/board.xml as part xcvu190-flgc2104-2-e specified in board_part file is either invalid or not available
WARNING: [Board 49-26] cannot add Board Part xilinx.com:vcu118:part0:2.0 available at D:/Xilinx/Vivado/2022.2/data/xhub/boards/XilinxBoardStore/boards/Xilinx/vcu118/2.0/board.xml as part xcvu9p-flga2104-2l-e specified in board_part file is either invalid or not available
WARNING: [Board 49-26] cannot add Board Part xilinx.com:vcu118:part0:2.3 available at D:/Xilinx/Vivado/2022.2/data/xhub/boards/XilinxBoardStore/boards/Xilinx/vcu118/2.3/board.xml as part xcvu9p-flga2104-2l-e specified in board_part file is either invalid or not available
WARNING: [Board 49-26] cannot add Board Part xilinx.com:vcu118:part0:2.4 available at D:/Xilinx/Vivado/2022.2/data/xhub/boards/XilinxBoardStore/boards/Xilinx/vcu118/2.4/board.xml as part xcvu9p-flga2104-2l-e specified in board_part file is either invalid or not available
WARNING: [Board 49-26] cannot add Board Part xilinx.com:vcu128:part0:1.0 available at D:/Xilinx/Vivado/2022.2/data/xhub/boards/XilinxBoardStore/boards/Xilinx/vcu128/production/1.0/board.xml as part xcvu37p-fsvh2892-2l-e specified in board_part file is either invalid or not available
WARNING: [Board 49-26] cannot add Board Part xilinx.com:vcu129:part0:1.0 available at D:/Xilinx/Vivado/2022.2/data/xhub/boards/XilinxBoardStore/boards/Xilinx/vcu129/production/1.0/board.xml as part xcvu29p-fsga2577-2l-e specified in board_part file is either invalid or not available
WARNING: [Board 49-26] cannot add Board Part xilinx.com:vcu1525:part0:1.3 available at D:/Xilinx/Vivado/2022.2/data/xhub/boards/XilinxBoardStore/boards/Xilinx/vcu1525/1.3/board.xml as part xcvu9p-fsgd2104-2l-e specified in board_part file is either invalid or not available
WARNING: [Board 49-26] cannot add Board Part xilinx.com:vek280_es:part0:1.0 available at D:/Xilinx/Vivado/2022.2/data/xhub/boards/XilinxBoardStore/boards/Xilinx/vek280/es/1.0/board.xml as part xcve2802-vsvh1760-2lp-e-s-es1 specified in board_part file is either invalid or not available
WARNING: [Board 49-26] cannot add Board Part xilinx.com:vermeo_t1_rfsoc:part0:1.0 available at D:/Xilinx/Vivado/2022.2/data/xhub/boards/XilinxBoardStore/boards/Xilinx/vermeo_t1_rfsoc/1.0/board.xml as part xczu21dr-ffvd1156-2l-e specified in board_part file is either invalid or not available
WARNING: [Board 49-26] cannot add Board Part xilinx.com:vhk158_es:part0:1.0 available at D:/Xilinx/Vivado/2022.2/data/xhub/boards/XilinxBoardStore/boards/Xilinx/vhk158/es/1.0/board.xml as part xcvh1582-vsva3697-2mp-e-s-es1 specified in board_part file is either invalid or not available
WARNING: [Board 49-26] cannot add Board Part xilinx.com:vmk180:part0:2.2 available at D:/Xilinx/Vivado/2022.2/data/xhub/boards/XilinxBoardStore/boards/Xilinx/vmk180/production/2.2/board.xml as part xcvm1802-vsva2197-2mp-e-s specified in board_part file is either invalid or not available
WARNING: [Board 49-26] cannot add Board Part xilinx.com:vmk180:part0:3.0 available at D:/Xilinx/Vivado/2022.2/data/xhub/boards/XilinxBoardStore/boards/Xilinx/vmk180/production/3.0/board.xml as part xcvm1802-vsva2197-2mp-e-s specified in board_part file is either invalid or not available
WARNING: [Board 49-26] cannot add Board Part xilinx.com:vmk180:part0:3.1 available at D:/Xilinx/Vivado/2022.2/data/xhub/boards/XilinxBoardStore/boards/Xilinx/vmk180/production/3.1/board.xml as part xcvm1802-vsva2197-2mp-e-s specified in board_part file is either invalid or not available
WARNING: [Board 49-26] cannot add Board Part xilinx.com:vmk180_newl:part0:1.0 available at D:/Xilinx/Vivado/2022.2/data/xhub/boards/XilinxBoardStore/boards/Xilinx/vmk180_newl/production/1.0/board.xml as part xcvm1802-vsva2197-2mp-e-s specified in board_part file is either invalid or not available
WARNING: [Board 49-26] cannot add Board Part xilinx.com:vpk120:part0:1.0 available at D:/Xilinx/Vivado/2022.2/data/xhub/boards/XilinxBoardStore/boards/Xilinx/vpk120/production/1.0/board.xml as part xcvp1202-vsva2785-2mp-e-s specified in board_part file is either invalid or not available
WARNING: [Board 49-26] cannot add Board Part xilinx.com:vpk120_es:part0:1.2 available at D:/Xilinx/Vivado/2022.2/data/xhub/boards/XilinxBoardStore/boards/Xilinx/vpk120/es/1.2/board.xml as part xcvp1202-vsva2785-2mp-e-s-es1 specified in board_part file is either invalid or not available
WARNING: [Board 49-26] cannot add Board Part xilinx.com:vpk120_es_revb:part0:1.0 available at D:/Xilinx/Vivado/2022.2/data/xhub/boards/XilinxBoardStore/boards/Xilinx/vpk120_revb/es/1.0/board.xml as part xcvp1202-vsva2785-2mp-e-s-es1 specified in board_part file is either invalid or not available
WARNING: [Board 49-26] cannot add Board Part xilinx.com:vpk180_es:part0:1.0 available at D:/Xilinx/Vivado/2022.2/data/xhub/boards/XilinxBoardStore/boards/Xilinx/vpk180/es/1.0/board.xml as part xcvp1802-lsvc4072-2mp-e-s-es1 specified in board_part file is either invalid or not available
WARNING: [Board 49-26] cannot add Board Part xilinx.com:zc702:part0:1.4 available at D:/Xilinx/Vivado/2022.2/data/xhub/boards/XilinxBoardStore/boards/Xilinx/zc702/1.4/board.xml as part xc7z020clg484-1 specified in board_part file is either invalid or not available
WARNING: [Board 49-26] cannot add Board Part xilinx.com:zc706:part0:1.4 available at D:/Xilinx/Vivado/2022.2/data/xhub/boards/XilinxBoardStore/boards/Xilinx/zc706/1.4/board.xml as part xc7z045ffg900-2 specified in board_part file is either invalid or not available
WARNING: [Board 49-26] cannot add Board Part xilinx.com:zcu111:part0:1.2 available at D:/Xilinx/Vivado/2022.2/data/xhub/boards/XilinxBoardStore/boards/Xilinx/zcu111/1.2/board.xml as part xczu28dr-ffvg1517-2-e specified in board_part file is either invalid or not available
WARNING: [Board 49-26] cannot add Board Part xilinx.com:zcu111:part0:1.3 available at D:/Xilinx/Vivado/2022.2/data/xhub/boards/XilinxBoardStore/boards/Xilinx/zcu111/1.3/board.xml as part xczu28dr-ffvg1517-2-e specified in board_part file is either invalid or not available
WARNING: [Board 49-26] cannot add Board Part xilinx.com:zcu111:part0:1.4 available at D:/Xilinx/Vivado/2022.2/data/xhub/boards/XilinxBoardStore/boards/Xilinx/zcu111/1.4/board.xml as part xczu28dr-ffvg1517-2-e specified in board_part file is either invalid or not available
WARNING: [Board 49-26] cannot add Board Part xilinx.com:zcu1275:part0:1.0 available at D:/Xilinx/Vivado/2022.2/data/xhub/boards/XilinxBoardStore/boards/Xilinx/zcu1275/1.0/board.xml as part xczu29dr-ffvf1760-2-e specified in board_part file is either invalid or not available
WARNING: [Board 49-26] cannot add Board Part xilinx.com:zcu1285:part0:1.0 available at D:/Xilinx/Vivado/2022.2/data/xhub/boards/XilinxBoardStore/boards/Xilinx/zcu1285/1.0/board.xml as part xczu39dr-ffvf1760-2-i specified in board_part file is either invalid or not available
WARNING: [Board 49-26] cannot add Board Part xilinx.com:zcu208:part0:2.0 available at D:/Xilinx/Vivado/2022.2/data/xhub/boards/XilinxBoardStore/boards/Xilinx/zcu208/production/2.0/board.xml as part xczu48dr-fsvg1517-2-e specified in board_part file is either invalid or not available
WARNING: [Board 49-26] cannot add Board Part xilinx.com:zcu208ld:part0:2.0 available at D:/Xilinx/Vivado/2022.2/data/xhub/boards/XilinxBoardStore/boards/Xilinx/zcu208ld/production/2.0/board.xml as part xczu58dr-fsvg1517-2-i specified in board_part file is either invalid or not available
WARNING: [Board 49-26] cannot add Board Part xilinx.com:zcu216:part0:2.0 available at D:/Xilinx/Vivado/2022.2/data/xhub/boards/XilinxBoardStore/boards/Xilinx/zcu216/production/2.0/board.xml as part xczu49dr-ffvf1760-2-e specified in board_part file is either invalid or not available
WARNING: [Board 49-26] cannot add Board Part xilinx.com:zcu216ld:part0:2.0 available at D:/Xilinx/Vivado/2022.2/data/xhub/boards/XilinxBoardStore/boards/Xilinx/zcu216ld/production/2.0/board.xml as part xczu59dr-ffvf1760-2-i specified in board_part file is either invalid or not available
WARNING: [Board 49-26] cannot add Board Part xilinx.com:zcu670:part0:2.0 available at D:/Xilinx/Vivado/2022.2/data/xhub/boards/XilinxBoardStore/boards/Xilinx/zcu670/2.0/board.xml as part xczu67dr-fsve1156-2-i specified in board_part file is either invalid or not available
WARNING: [Board 49-26] cannot add Board Part xilinx.com:zcu670ld:part0:1.0 available at D:/Xilinx/Vivado/2022.2/data/xhub/boards/XilinxBoardStore/boards/Xilinx/zcu670ld/1.0/board.xml as part xczu57dr-fsve1156-2-i specified in board_part file is either invalid or not available
INFO: [Project 1-313] Project file moved from 'D:/FPGA/Vivaldo Project/INTERFACE/SPI/04_w25q64_controller' since last save.
INFO: [filemgmt 56-3] Default IP Output Path : Could not find the directory 'D:/FPGA/Vivaldo Project/INTERFACE/SPI/05_w25q64_controller/Vivado/05_w25q64_controller.gen/sources_1'.
WARNING: [filemgmt 56-3] IPUserFilesDir: Could not find the directory 'D:/FPGA/Vivaldo Project/INTERFACE/SPI/05_w25q64_controller/Vivado/05_w25q64_controller.ip_user_files'.
Scanning sources...
Finished scanning sources
INFO: [IP_Flow 19-234] Refreshing IP repositories
INFO: [IP_Flow 19-1704] No user IP repositories specified
INFO: [IP_Flow 19-2313] Loaded Vivado IP repository 'D:/Xilinx/Vivado/2022.2/data/ip'.
open_project: Time (s): cpu = 00:00:19 ; elapsed = 00:00:10 . Memory (MB): peak = 1111.727 ; gain = 160.984
update_compile_order -fileset sources_1
add_files -norecurse {{D:/FPGA/Vivaldo Project/INTERFACE/SPI/03_spi_flash_read_status/Vivado/03_spi_flash_read_status.srcs/sources_1/new/03_spi_flash_read_status.v}}
update_compile_order -fileset sources_1
file mkdir D:/FPGA/Vivaldo Project/INTERFACE/SPI/05_w25q64_controller/Vivado/05_w25q64_controller.srcs/sim_1/new
file mkdir D:/FPGA/Vivaldo Project/INTERFACE/SPI/05_w25q64_controller/Vivado/05_w25q64_controller.srcs/sim_1/new
file mkdir D:/FPGA/Vivaldo Project/INTERFACE/SPI/05_w25q64_controller/Vivado/05_w25q64_controller.srcs/sim_1/new
file mkdir D:/FPGA/Vivaldo Project/INTERFACE/SPI/05_w25q64_controller/Vivado/05_w25q64_controller.srcs/sim_1/new
file mkdir D:/FPGA/Vivaldo Project/INTERFACE/SPI/05_w25q64_controller/Vivado/05_w25q64_controller.srcs/sim_1/new
set_property SOURCE_SET sources_1 [get_filesets sim_1]
file mkdir D:/FPGA/Vivaldo Project/INTERFACE/SPI/05_w25q64_controller/Vivado/05_w25q64_controller.srcs/sim_1/new
file mkdir {D:/FPGA/Vivaldo Project/INTERFACE/SPI/05_w25q64_controller/Vivado/05_w25q64_controller.srcs/sim_1/new}
close [ open {D:/FPGA/Vivaldo Project/INTERFACE/SPI/05_w25q64_controller/Vivado/05_w25q64_controller.srcs/sim_1/new/tb.v} w ]
add_files -fileset sim_1 {{D:/FPGA/Vivaldo Project/INTERFACE/SPI/05_w25q64_controller/Vivado/05_w25q64_controller.srcs/sim_1/new/tb.v}}
update_compile_order -fileset sim_1
update_compile_order -fileset sim_1
launch_simulation
Command: launch_simulation 
INFO: [Vivado 12-12493] Simulation top is 'tb'
WARNING: [Vivado 12-13340] Unable to auto find GCC executables from simulator install path! (path not set)
WARNING: [Vivado 12-13277] Compiled library path does not exist: ''
INFO: [Vivado 12-5682] Launching behavioral simulation in 'D:/FPGA/Vivaldo Project/INTERFACE/SPI/05_w25q64_controller/Vivado/05_w25q64_controller.sim/sim_1/behav/xsim'
INFO: [SIM-utils-51] Simulation object is 'sim_1'
INFO: [SIM-utils-72] Using boost library from 'D:/Xilinx/Vivado/2022.2/tps/boost_1_72_0'
INFO: [SIM-utils-54] Inspecting design source files for 'tb' in fileset 'sim_1'...
INFO: [USF-XSim-97] Finding global include files...
INFO: [USF-XSim-98] Fetching design files from 'sim_1'...
INFO: [USF-XSim-2] XSim::Compile design
INFO: [USF-XSim-61] Executing 'COMPILE and ANALYZE' step in 'D:/FPGA/Vivaldo Project/INTERFACE/SPI/05_w25q64_controller/Vivado/05_w25q64_controller.sim/sim_1/behav/xsim'
"xvlog --incr --relax -prj tb_vlog.prj"
INFO: [VRFC 10-2263] Analyzing Verilog file "D:/FPGA/Vivaldo Project/INTERFACE/SPI/03_spi_flash_read_status/Vivado/03_spi_flash_read_status.srcs/sources_1/new/03_spi_flash_read_status.v" into library xil_defaultlib
INFO: [VRFC 10-311] analyzing module spi_master_mode0
WARNING: [VRFC 10-3380] identifier 'MAX_BYTE_SEND' is used before its declaration [D:/FPGA/Vivaldo Project/INTERFACE/SPI/03_spi_flash_read_status/Vivado/03_spi_flash_read_status.srcs/sources_1/new/03_spi_flash_read_status.v:30]
WARNING: [VRFC 10-3380] identifier 'MAX_BYTE_SEND' is used before its declaration [D:/FPGA/Vivaldo Project/INTERFACE/SPI/03_spi_flash_read_status/Vivado/03_spi_flash_read_status.srcs/sources_1/new/03_spi_flash_read_status.v:34]
INFO: [VRFC 10-2263] Analyzing Verilog file "D:/FPGA/Vivaldo Project/INTERFACE/SPI/05_w25q64_controller/Vivado/05_w25q64_controller.srcs/sources_1/new/w25q64_controller.v" into library xil_defaultlib
INFO: [VRFC 10-311] analyzing module w25q64_controller
INFO: [VRFC 10-2263] Analyzing Verilog file "D:/FPGA/Vivaldo Project/INTERFACE/SPI/05_w25q64_controller/Vivado/05_w25q64_controller.srcs/sim_1/new/tb.v" into library xil_defaultlib
INFO: [VRFC 10-311] analyzing module tb
INFO: [VRFC 10-2263] Analyzing Verilog file "D:/FPGA/Vivaldo Project/INTERFACE/SPI/05_w25q64_controller/Vivado/05_w25q64_controller.sim/sim_1/behav/xsim/glbl.v" into library xil_defaultlib
INFO: [VRFC 10-311] analyzing module glbl
INFO: [USF-XSim-69] 'compile' step finished in '2' seconds
INFO: [USF-XSim-3] XSim::Elaborate design
INFO: [USF-XSim-61] Executing 'ELABORATE' step in 'D:/FPGA/Vivaldo Project/INTERFACE/SPI/05_w25q64_controller/Vivado/05_w25q64_controller.sim/sim_1/behav/xsim'
"xelab --incr --debug typical --relax --mt 2 -L xil_defaultlib -L unisims_ver -L unimacro_ver -L secureip --snapshot tb_behav xil_defaultlib.tb xil_defaultlib.glbl -log elaborate.log"
Vivado Simulator v2022.2
Copyright 1986-1999, 2001-2022 Xilinx, Inc. All Rights Reserved.
Running: D:/Xilinx/Vivado/2022.2/bin/unwrapped/win64.o/xelab.exe --incr --debug typical --relax --mt 2 -L xil_defaultlib -L unisims_ver -L unimacro_ver -L secureip --snapshot tb_behav xil_defaultlib.tb xil_defaultlib.glbl -log elaborate.log 
Using 2 slave threads.
Starting static elaboration
Pass Through NonSizing Optimizer
WARNING: [VRFC 10-3091] actual bit length 16 differs from formal bit length 24 for port 'address' [D:/FPGA/Vivaldo Project/INTERFACE/SPI/05_w25q64_controller/Vivado/05_w25q64_controller.srcs/sim_1/new/tb.v:48]
WARNING: [VRFC 10-3091] actual bit length 24 differs from formal bit length 16 for port 'read_data' [D:/FPGA/Vivaldo Project/INTERFACE/SPI/05_w25q64_controller/Vivado/05_w25q64_controller.srcs/sim_1/new/tb.v:49]
ERROR: [VRFC 10-3236] concurrent assignment to a non-net 'spi_miso' is not permitted [D:/FPGA/Vivaldo Project/INTERFACE/SPI/05_w25q64_controller/Vivado/05_w25q64_controller.srcs/sim_1/new/tb.v:49]
ERROR: [XSIM 43-3322] Static elaboration of top level Verilog design unit(s) in library work failed.
INFO: [USF-XSim-69] 'elaborate' step finished in '2' seconds
INFO: [USF-XSim-99] Step results log file:'D:/FPGA/Vivaldo Project/INTERFACE/SPI/05_w25q64_controller/Vivado/05_w25q64_controller.sim/sim_1/behav/xsim/elaborate.log'
ERROR: [USF-XSim-62] 'elaborate' step failed with error(s). Please check the Tcl console output or 'D:/FPGA/Vivaldo Project/INTERFACE/SPI/05_w25q64_controller/Vivado/05_w25q64_controller.sim/sim_1/behav/xsim/elaborate.log' file for more information.
ERROR: [Vivado 12-4473] Detected error while running simulation. Please correct the issue and retry this operation.
launch_simulation: Time (s): cpu = 00:00:01 ; elapsed = 00:00:06 . Memory (MB): peak = 1173.180 ; gain = 0.000
ERROR: [Common 17-39] 'launch_simulation' failed due to earlier errors.
launch_simulation
Command: launch_simulation 
INFO: [Vivado 12-12493] Simulation top is 'tb'
WARNING: [Vivado 12-13340] Unable to auto find GCC executables from simulator install path! (path not set)
WARNING: [Vivado 12-13277] Compiled library path does not exist: ''
INFO: [Vivado 12-5682] Launching behavioral simulation in 'D:/FPGA/Vivaldo Project/INTERFACE/SPI/05_w25q64_controller/Vivado/05_w25q64_controller.sim/sim_1/behav/xsim'
INFO: [SIM-utils-51] Simulation object is 'sim_1'
INFO: [SIM-utils-72] Using boost library from 'D:/Xilinx/Vivado/2022.2/tps/boost_1_72_0'
INFO: [SIM-utils-54] Inspecting design source files for 'tb' in fileset 'sim_1'...
INFO: [USF-XSim-97] Finding global include files...
INFO: [USF-XSim-98] Fetching design files from 'sim_1'...
INFO: [USF-XSim-2] XSim::Compile design
INFO: [USF-XSim-61] Executing 'COMPILE and ANALYZE' step in 'D:/FPGA/Vivaldo Project/INTERFACE/SPI/05_w25q64_controller/Vivado/05_w25q64_controller.sim/sim_1/behav/xsim'
"xvlog --incr --relax -prj tb_vlog.prj"
INFO: [USF-XSim-69] 'compile' step finished in '1' seconds
INFO: [USF-XSim-3] XSim::Elaborate design
INFO: [USF-XSim-61] Executing 'ELABORATE' step in 'D:/FPGA/Vivaldo Project/INTERFACE/SPI/05_w25q64_controller/Vivado/05_w25q64_controller.sim/sim_1/behav/xsim'
"xelab --incr --debug typical --relax --mt 2 -L xil_defaultlib -L unisims_ver -L unimacro_ver -L secureip --snapshot tb_behav xil_defaultlib.tb xil_defaultlib.glbl -log elaborate.log"
Vivado Simulator v2022.2
Copyright 1986-1999, 2001-2022 Xilinx, Inc. All Rights Reserved.
Running: D:/Xilinx/Vivado/2022.2/bin/unwrapped/win64.o/xelab.exe --incr --debug typical --relax --mt 2 -L xil_defaultlib -L unisims_ver -L unimacro_ver -L secureip --snapshot tb_behav xil_defaultlib.tb xil_defaultlib.glbl -log elaborate.log 
Using 2 slave threads.
Starting static elaboration
Pass Through NonSizing Optimizer
WARNING: [VRFC 10-3091] actual bit length 16 differs from formal bit length 24 for port 'address' [D:/FPGA/Vivaldo Project/INTERFACE/SPI/05_w25q64_controller/Vivado/05_w25q64_controller.srcs/sim_1/new/tb.v:48]
WARNING: [VRFC 10-3091] actual bit length 24 differs from formal bit length 16 for port 'read_data' [D:/FPGA/Vivaldo Project/INTERFACE/SPI/05_w25q64_controller/Vivado/05_w25q64_controller.srcs/sim_1/new/tb.v:49]
ERROR: [VRFC 10-3236] concurrent assignment to a non-net 'spi_miso' is not permitted [D:/FPGA/Vivaldo Project/INTERFACE/SPI/05_w25q64_controller/Vivado/05_w25q64_controller.srcs/sim_1/new/tb.v:49]
ERROR: [XSIM 43-3322] Static elaboration of top level Verilog design unit(s) in library work failed.
INFO: [USF-XSim-69] 'elaborate' step finished in '2' seconds
INFO: [USF-XSim-99] Step results log file:'D:/FPGA/Vivaldo Project/INTERFACE/SPI/05_w25q64_controller/Vivado/05_w25q64_controller.sim/sim_1/behav/xsim/elaborate.log'
ERROR: [USF-XSim-62] 'elaborate' step failed with error(s). Please check the Tcl console output or 'D:/FPGA/Vivaldo Project/INTERFACE/SPI/05_w25q64_controller/Vivado/05_w25q64_controller.sim/sim_1/behav/xsim/elaborate.log' file for more information.
ERROR: [Vivado 12-4473] Detected error while running simulation. Please correct the issue and retry this operation.
ERROR: [Common 17-39] 'launch_simulation' failed due to earlier errors.
launch_simulation
Command: launch_simulation 
INFO: [Vivado 12-12493] Simulation top is 'tb'
WARNING: [Vivado 12-13340] Unable to auto find GCC executables from simulator install path! (path not set)
WARNING: [Vivado 12-13277] Compiled library path does not exist: ''
INFO: [Vivado 12-5682] Launching behavioral simulation in 'D:/FPGA/Vivaldo Project/INTERFACE/SPI/05_w25q64_controller/Vivado/05_w25q64_controller.sim/sim_1/behav/xsim'
INFO: [SIM-utils-51] Simulation object is 'sim_1'
INFO: [SIM-utils-72] Using boost library from 'D:/Xilinx/Vivado/2022.2/tps/boost_1_72_0'
INFO: [SIM-utils-54] Inspecting design source files for 'tb' in fileset 'sim_1'...
INFO: [USF-XSim-97] Finding global include files...
INFO: [USF-XSim-98] Fetching design files from 'sim_1'...
INFO: [USF-XSim-2] XSim::Compile design
INFO: [USF-XSim-61] Executing 'COMPILE and ANALYZE' step in 'D:/FPGA/Vivaldo Project/INTERFACE/SPI/05_w25q64_controller/Vivado/05_w25q64_controller.sim/sim_1/behav/xsim'
"xvlog --incr --relax -prj tb_vlog.prj"
INFO: [VRFC 10-2263] Analyzing Verilog file "D:/FPGA/Vivaldo Project/INTERFACE/SPI/03_spi_flash_read_status/Vivado/03_spi_flash_read_status.srcs/sources_1/new/03_spi_flash_read_status.v" into library xil_defaultlib
INFO: [VRFC 10-311] analyzing module spi_master_mode0
WARNING: [VRFC 10-3380] identifier 'MAX_BYTE_SEND' is used before its declaration [D:/FPGA/Vivaldo Project/INTERFACE/SPI/03_spi_flash_read_status/Vivado/03_spi_flash_read_status.srcs/sources_1/new/03_spi_flash_read_status.v:30]
WARNING: [VRFC 10-3380] identifier 'MAX_BYTE_SEND' is used before its declaration [D:/FPGA/Vivaldo Project/INTERFACE/SPI/03_spi_flash_read_status/Vivado/03_spi_flash_read_status.srcs/sources_1/new/03_spi_flash_read_status.v:34]
INFO: [VRFC 10-2263] Analyzing Verilog file "D:/FPGA/Vivaldo Project/INTERFACE/SPI/05_w25q64_controller/Vivado/05_w25q64_controller.srcs/sources_1/new/w25q64_controller.v" into library xil_defaultlib
INFO: [VRFC 10-311] analyzing module w25q64_controller
INFO: [VRFC 10-2263] Analyzing Verilog file "D:/FPGA/Vivaldo Project/INTERFACE/SPI/05_w25q64_controller/Vivado/05_w25q64_controller.srcs/sim_1/new/tb.v" into library xil_defaultlib
INFO: [VRFC 10-311] analyzing module tb
INFO: [USF-XSim-69] 'compile' step finished in '1' seconds
INFO: [USF-XSim-3] XSim::Elaborate design
INFO: [USF-XSim-61] Executing 'ELABORATE' step in 'D:/FPGA/Vivaldo Project/INTERFACE/SPI/05_w25q64_controller/Vivado/05_w25q64_controller.sim/sim_1/behav/xsim'
"xelab --incr --debug typical --relax --mt 2 -L xil_defaultlib -L unisims_ver -L unimacro_ver -L secureip --snapshot tb_behav xil_defaultlib.tb xil_defaultlib.glbl -log elaborate.log"
Vivado Simulator v2022.2
Copyright 1986-1999, 2001-2022 Xilinx, Inc. All Rights Reserved.
Running: D:/Xilinx/Vivado/2022.2/bin/unwrapped/win64.o/xelab.exe --incr --debug typical --relax --mt 2 -L xil_defaultlib -L unisims_ver -L unimacro_ver -L secureip --snapshot tb_behav xil_defaultlib.tb xil_defaultlib.glbl -log elaborate.log 
Using 2 slave threads.
Starting static elaboration
Pass Through NonSizing Optimizer
Completed static elaboration
Starting simulation data flow analysis
Completed simulation data flow analysis
Time Resolution for simulation is 1ps
Compiling module xil_defaultlib.spi_master_mode0(CLK_DIV=5000000...
Compiling module xil_defaultlib.w25q64_controller
Compiling module xil_defaultlib.tb
Compiling module xil_defaultlib.glbl
Built simulation snapshot tb_behav
INFO: [USF-XSim-69] 'elaborate' step finished in '4' seconds
INFO: [USF-XSim-4] XSim::Simulate design
INFO: [USF-XSim-61] Executing 'SIMULATE' step in 'D:/FPGA/Vivaldo Project/INTERFACE/SPI/05_w25q64_controller/Vivado/05_w25q64_controller.sim/sim_1/behav/xsim'
INFO: [USF-XSim-98] *** Running xsim
   with args "tb_behav -key {Behavioral:sim_1:Functional:tb} -tclbatch {tb.tcl} -log {simulate.log}"
INFO: [USF-XSim-8] Loading simulator feature
Time resolution is 1 ps
source tb.tcl
# set curr_wave [current_wave_config]
# if { [string length $curr_wave] == 0 } {
#   if { [llength [get_objects]] > 0} {
#     add_wave /
#     set_property needs_save false [current_wave_config]
#   } else {
#      send_msg_id Add_Wave-1 WARNING "No top level signals found. Simulator will start without a wave window. If you want to open a wave window go to 'File->New Waveform Configuration' or type 'create_wave_config' in the TCL console."
#   }
# }
# run 1000ns
INFO: [USF-XSim-96] XSim completed. Design snapshot 'tb_behav' loaded.
INFO: [USF-XSim-97] XSim simulation ran for 1000ns
launch_simulation: Time (s): cpu = 00:00:05 ; elapsed = 00:00:09 . Memory (MB): peak = 1241.777 ; gain = 55.273
run 50000 ns
current_wave_config {Untitled 1}
Untitled 1
add_wave {{/tb/w25q64_controller/clk}} {{/tb/w25q64_controller/rst_n}} {{/tb/w25q64_controller/start}} {{/tb/w25q64_controller/command}} {{/tb/w25q64_controller/address}} {{/tb/w25q64_controller/data_in}} {{/tb/w25q64_controller/read_data}} {{/tb/w25q64_controller/jedec_id}} {{/tb/w25q64_controller/status_reg}} {{/tb/w25q64_controller/verify_ok}} {{/tb/w25q64_controller/spi_clk}} {{/tb/w25q64_controller/spi_mosi}} {{/tb/w25q64_controller/spi_cs_n}} {{/tb/w25q64_controller/spi_miso}} {{/tb/w25q64_controller/done}} {{/tb/w25q64_controller/busy}} {{/tb/w25q64_controller/state}} {{/tb/w25q64_controller/next_state}} {{/tb/w25q64_controller/r_command}} {{/tb/w25q64_controller/r_address}} {{/tb/w25q64_controller/r_data_in}} {{/tb/w25q64_controller/spi_start}} {{/tb/w25q64_controller/spi_byte_transfer}} {{/tb/w25q64_controller/spi_data_in}} {{/tb/w25q64_controller/counter}} {{/tb/w25q64_controller/spi_read_write}} {{/tb/w25q64_controller/done_jedec_id}} {{/tb/w25q64_controller/done_status_read}} {{/tb/w25q64_controller/done_data_read}} {{/tb/w25q64_controller/done_page_pro}} {{/tb/w25q64_controller/done_sec_erase}} {{/tb/w25q64_controller/spi_done}} {{/tb/w25q64_controller/spi_busy}} {{/tb/w25q64_controller/spi_data_out}} {{/tb/w25q64_controller/CLK_DIV}} {{/tb/w25q64_controller/MAX_BYTE}} {{/tb/w25q64_controller/IDLE}} {{/tb/w25q64_controller/JEDEC_ID}} {{/tb/w25q64_controller/STATUS_READ}} {{/tb/w25q64_controller/DATA_READ}} {{/tb/w25q64_controller/PAGE_PRO}} {{/tb/w25q64_controller/SEC_ERASE}} {{/tb/w25q64_controller/FINISH}} 
relaunch_sim
Command: launch_simulation -step compile -simset sim_1 -mode behavioral
INFO: [Vivado 12-12493] Simulation top is 'tb'
WARNING: [Vivado 12-13340] Unable to auto find GCC executables from simulator install path! (path not set)
WARNING: [Vivado 12-13277] Compiled library path does not exist: ''
INFO: [Vivado 12-5682] Launching behavioral simulation in 'D:/FPGA/Vivaldo Project/INTERFACE/SPI/05_w25q64_controller/Vivado/05_w25q64_controller.sim/sim_1/behav/xsim'
INFO: [SIM-utils-51] Simulation object is 'sim_1'
INFO: [SIM-utils-72] Using boost library from 'D:/Xilinx/Vivado/2022.2/tps/boost_1_72_0'
INFO: [SIM-utils-54] Inspecting design source files for 'tb' in fileset 'sim_1'...
INFO: [USF-XSim-97] Finding global include files...
INFO: [USF-XSim-98] Fetching design files from 'sim_1'...
INFO: [USF-XSim-2] XSim::Compile design
INFO: [USF-XSim-61] Executing 'COMPILE and ANALYZE' step in 'D:/FPGA/Vivaldo Project/INTERFACE/SPI/05_w25q64_controller/Vivado/05_w25q64_controller.sim/sim_1/behav/xsim'
"xvlog --incr --relax -prj tb_vlog.prj"
INFO: [USF-XSim-69] 'compile' step finished in '2' seconds
Command: launch_simulation -step elaborate -simset sim_1 -mode behavioral
INFO: [Vivado 12-12493] Simulation top is 'tb'
WARNING: [Vivado 12-13340] Unable to auto find GCC executables from simulator install path! (path not set)
WARNING: [Vivado 12-13277] Compiled library path does not exist: ''
INFO: [Vivado 12-5682] Launching behavioral simulation in 'D:/FPGA/Vivaldo Project/INTERFACE/SPI/05_w25q64_controller/Vivado/05_w25q64_controller.sim/sim_1/behav/xsim'
INFO: [SIM-utils-51] Simulation object is 'sim_1'
INFO: [USF-XSim-3] XSim::Elaborate design
INFO: [USF-XSim-61] Executing 'ELABORATE' step in 'D:/FPGA/Vivaldo Project/INTERFACE/SPI/05_w25q64_controller/Vivado/05_w25q64_controller.sim/sim_1/behav/xsim'
"xelab --incr --debug typical --relax --mt 2 -L xil_defaultlib -L unisims_ver -L unimacro_ver -L secureip --snapshot tb_behav xil_defaultlib.tb xil_defaultlib.glbl -log elaborate.log"
Vivado Simulator v2022.2
Copyright 1986-1999, 2001-2022 Xilinx, Inc. All Rights Reserved.
Running: D:/Xilinx/Vivado/2022.2/bin/unwrapped/win64.o/xelab.exe --incr --debug typical --relax --mt 2 -L xil_defaultlib -L unisims_ver -L unimacro_ver -L secureip --snapshot tb_behav xil_defaultlib.tb xil_defaultlib.glbl -log elaborate.log 
Using 2 slave threads.
Starting static elaboration
Pass Through NonSizing Optimizer
Completed static elaboration
INFO: [XSIM 43-4323] No Change in HDL. Linking previously generated obj files to create kernel
INFO: [USF-XSim-69] 'elaborate' step finished in '1' seconds
Time resolution is 1 ps
relaunch_sim: Time (s): cpu = 00:00:01 ; elapsed = 00:00:05 . Memory (MB): peak = 1241.777 ; gain = 0.000
run 50000 ns
relaunch_sim
Command: launch_simulation -step compile -simset sim_1 -mode behavioral
INFO: [Vivado 12-12493] Simulation top is 'tb'
WARNING: [Vivado 12-13340] Unable to auto find GCC executables from simulator install path! (path not set)
WARNING: [Vivado 12-13277] Compiled library path does not exist: ''
INFO: [Vivado 12-5682] Launching behavioral simulation in 'D:/FPGA/Vivaldo Project/INTERFACE/SPI/05_w25q64_controller/Vivado/05_w25q64_controller.sim/sim_1/behav/xsim'
INFO: [SIM-utils-51] Simulation object is 'sim_1'
INFO: [USF-XSim-2] XSim::Compile design
INFO: [USF-XSim-61] Executing 'COMPILE and ANALYZE' step in 'D:/FPGA/Vivaldo Project/INTERFACE/SPI/05_w25q64_controller/Vivado/05_w25q64_controller.sim/sim_1/behav/xsim'
"xvlog --incr --relax -prj tb_vlog.prj"
INFO: [VRFC 10-2263] Analyzing Verilog file "D:/FPGA/Vivaldo Project/INTERFACE/SPI/03_spi_flash_read_status/Vivado/03_spi_flash_read_status.srcs/sources_1/new/03_spi_flash_read_status.v" into library xil_defaultlib
INFO: [VRFC 10-311] analyzing module spi_master_mode0
WARNING: [VRFC 10-3380] identifier 'MAX_BYTE_SEND' is used before its declaration [D:/FPGA/Vivaldo Project/INTERFACE/SPI/03_spi_flash_read_status/Vivado/03_spi_flash_read_status.srcs/sources_1/new/03_spi_flash_read_status.v:30]
WARNING: [VRFC 10-3380] identifier 'MAX_BYTE_SEND' is used before its declaration [D:/FPGA/Vivaldo Project/INTERFACE/SPI/03_spi_flash_read_status/Vivado/03_spi_flash_read_status.srcs/sources_1/new/03_spi_flash_read_status.v:34]
INFO: [VRFC 10-2263] Analyzing Verilog file "D:/FPGA/Vivaldo Project/INTERFACE/SPI/05_w25q64_controller/Vivado/05_w25q64_controller.srcs/sources_1/new/w25q64_controller.v" into library xil_defaultlib
INFO: [VRFC 10-311] analyzing module w25q64_controller
INFO: [VRFC 10-2263] Analyzing Verilog file "D:/FPGA/Vivaldo Project/INTERFACE/SPI/05_w25q64_controller/Vivado/05_w25q64_controller.srcs/sim_1/new/tb.v" into library xil_defaultlib
INFO: [VRFC 10-311] analyzing module tb
INFO: [USF-XSim-69] 'compile' step finished in '2' seconds
Command: launch_simulation -step elaborate -simset sim_1 -mode behavioral
INFO: [Vivado 12-12493] Simulation top is 'tb'
WARNING: [Vivado 12-13340] Unable to auto find GCC executables from simulator install path! (path not set)
WARNING: [Vivado 12-13277] Compiled library path does not exist: ''
INFO: [Vivado 12-5682] Launching behavioral simulation in 'D:/FPGA/Vivaldo Project/INTERFACE/SPI/05_w25q64_controller/Vivado/05_w25q64_controller.sim/sim_1/behav/xsim'
INFO: [SIM-utils-51] Simulation object is 'sim_1'
INFO: [USF-XSim-3] XSim::Elaborate design
INFO: [USF-XSim-61] Executing 'ELABORATE' step in 'D:/FPGA/Vivaldo Project/INTERFACE/SPI/05_w25q64_controller/Vivado/05_w25q64_controller.sim/sim_1/behav/xsim'
"xelab --incr --debug typical --relax --mt 2 -L xil_defaultlib -L unisims_ver -L unimacro_ver -L secureip --snapshot tb_behav xil_defaultlib.tb xil_defaultlib.glbl -log elaborate.log"
Vivado Simulator v2022.2
Copyright 1986-1999, 2001-2022 Xilinx, Inc. All Rights Reserved.
Running: D:/Xilinx/Vivado/2022.2/bin/unwrapped/win64.o/xelab.exe --incr --debug typical --relax --mt 2 -L xil_defaultlib -L unisims_ver -L unimacro_ver -L secureip --snapshot tb_behav xil_defaultlib.tb xil_defaultlib.glbl -log elaborate.log 
Using 2 slave threads.
Starting static elaboration
Pass Through NonSizing Optimizer
Completed static elaboration
Starting simulation data flow analysis
Completed simulation data flow analysis
Time Resolution for simulation is 1ps
Compiling module xil_defaultlib.spi_master_mode0(CLK_DIV=5000000...
Compiling module xil_defaultlib.w25q64_controller
Compiling module xil_defaultlib.tb
Compiling module xil_defaultlib.glbl
Built simulation snapshot tb_behav
INFO: [USF-XSim-69] 'elaborate' step finished in '2' seconds
Time resolution is 1 ps
relaunch_sim: Time (s): cpu = 00:00:01 ; elapsed = 00:00:07 . Memory (MB): peak = 1241.777 ; gain = 0.000
run 50000 ns
run 50000 ns
relaunch_sim
Command: launch_simulation -step compile -simset sim_1 -mode behavioral
INFO: [Vivado 12-12493] Simulation top is 'tb'
WARNING: [Vivado 12-13340] Unable to auto find GCC executables from simulator install path! (path not set)
WARNING: [Vivado 12-13277] Compiled library path does not exist: ''
INFO: [Vivado 12-5682] Launching behavioral simulation in 'D:/FPGA/Vivaldo Project/INTERFACE/SPI/05_w25q64_controller/Vivado/05_w25q64_controller.sim/sim_1/behav/xsim'
INFO: [SIM-utils-51] Simulation object is 'sim_1'
INFO: [USF-XSim-2] XSim::Compile design
INFO: [USF-XSim-61] Executing 'COMPILE and ANALYZE' step in 'D:/FPGA/Vivaldo Project/INTERFACE/SPI/05_w25q64_controller/Vivado/05_w25q64_controller.sim/sim_1/behav/xsim'
"xvlog --incr --relax -prj tb_vlog.prj"
INFO: [VRFC 10-2263] Analyzing Verilog file "D:/FPGA/Vivaldo Project/INTERFACE/SPI/03_spi_flash_read_status/Vivado/03_spi_flash_read_status.srcs/sources_1/new/03_spi_flash_read_status.v" into library xil_defaultlib
INFO: [VRFC 10-311] analyzing module spi_master_mode0
WARNING: [VRFC 10-3380] identifier 'MAX_BYTE_SEND' is used before its declaration [D:/FPGA/Vivaldo Project/INTERFACE/SPI/03_spi_flash_read_status/Vivado/03_spi_flash_read_status.srcs/sources_1/new/03_spi_flash_read_status.v:30]
WARNING: [VRFC 10-3380] identifier 'MAX_BYTE_SEND' is used before its declaration [D:/FPGA/Vivaldo Project/INTERFACE/SPI/03_spi_flash_read_status/Vivado/03_spi_flash_read_status.srcs/sources_1/new/03_spi_flash_read_status.v:34]
INFO: [VRFC 10-2263] Analyzing Verilog file "D:/FPGA/Vivaldo Project/INTERFACE/SPI/05_w25q64_controller/Vivado/05_w25q64_controller.srcs/sources_1/new/w25q64_controller.v" into library xil_defaultlib
INFO: [VRFC 10-311] analyzing module w25q64_controller
INFO: [VRFC 10-2263] Analyzing Verilog file "D:/FPGA/Vivaldo Project/INTERFACE/SPI/05_w25q64_controller/Vivado/05_w25q64_controller.srcs/sim_1/new/tb.v" into library xil_defaultlib
INFO: [VRFC 10-311] analyzing module tb
INFO: [USF-XSim-69] 'compile' step finished in '1' seconds
Command: launch_simulation -step elaborate -simset sim_1 -mode behavioral
INFO: [Vivado 12-12493] Simulation top is 'tb'
WARNING: [Vivado 12-13340] Unable to auto find GCC executables from simulator install path! (path not set)
WARNING: [Vivado 12-13277] Compiled library path does not exist: ''
INFO: [Vivado 12-5682] Launching behavioral simulation in 'D:/FPGA/Vivaldo Project/INTERFACE/SPI/05_w25q64_controller/Vivado/05_w25q64_controller.sim/sim_1/behav/xsim'
INFO: [SIM-utils-51] Simulation object is 'sim_1'
INFO: [USF-XSim-3] XSim::Elaborate design
INFO: [USF-XSim-61] Executing 'ELABORATE' step in 'D:/FPGA/Vivaldo Project/INTERFACE/SPI/05_w25q64_controller/Vivado/05_w25q64_controller.sim/sim_1/behav/xsim'
"xelab --incr --debug typical --relax --mt 2 -L xil_defaultlib -L unisims_ver -L unimacro_ver -L secureip --snapshot tb_behav xil_defaultlib.tb xil_defaultlib.glbl -log elaborate.log"
Vivado Simulator v2022.2
Copyright 1986-1999, 2001-2022 Xilinx, Inc. All Rights Reserved.
Running: D:/Xilinx/Vivado/2022.2/bin/unwrapped/win64.o/xelab.exe --incr --debug typical --relax --mt 2 -L xil_defaultlib -L unisims_ver -L unimacro_ver -L secureip --snapshot tb_behav xil_defaultlib.tb xil_defaultlib.glbl -log elaborate.log 
Using 2 slave threads.
Starting static elaboration
Pass Through NonSizing Optimizer
Completed static elaboration
Starting simulation data flow analysis
Completed simulation data flow analysis
Time Resolution for simulation is 1ps
Compiling module xil_defaultlib.spi_master_mode0(CLK_DIV=5000000...
Compiling module xil_defaultlib.w25q64_controller
Compiling module xil_defaultlib.tb
Compiling module xil_defaultlib.glbl
Built simulation snapshot tb_behav
INFO: [USF-XSim-69] 'elaborate' step finished in '3' seconds
Time resolution is 1 ps
relaunch_sim: Time (s): cpu = 00:00:01 ; elapsed = 00:00:06 . Memory (MB): peak = 1241.777 ; gain = 0.000
run 50000 ns
run 50000 ns
relaunch_sim
Command: launch_simulation -step compile -simset sim_1 -mode behavioral
INFO: [Vivado 12-12493] Simulation top is 'tb'
WARNING: [Vivado 12-13340] Unable to auto find GCC executables from simulator install path! (path not set)
WARNING: [Vivado 12-13277] Compiled library path does not exist: ''
INFO: [Vivado 12-5682] Launching behavioral simulation in 'D:/FPGA/Vivaldo Project/INTERFACE/SPI/05_w25q64_controller/Vivado/05_w25q64_controller.sim/sim_1/behav/xsim'
INFO: [SIM-utils-51] Simulation object is 'sim_1'
INFO: [USF-XSim-2] XSim::Compile design
INFO: [USF-XSim-61] Executing 'COMPILE and ANALYZE' step in 'D:/FPGA/Vivaldo Project/INTERFACE/SPI/05_w25q64_controller/Vivado/05_w25q64_controller.sim/sim_1/behav/xsim'
"xvlog --incr --relax -prj tb_vlog.prj"
INFO: [VRFC 10-2263] Analyzing Verilog file "D:/FPGA/Vivaldo Project/INTERFACE/SPI/03_spi_flash_read_status/Vivado/03_spi_flash_read_status.srcs/sources_1/new/03_spi_flash_read_status.v" into library xil_defaultlib
INFO: [VRFC 10-311] analyzing module spi_master_mode0
WARNING: [VRFC 10-3380] identifier 'MAX_BYTE_SEND' is used before its declaration [D:/FPGA/Vivaldo Project/INTERFACE/SPI/03_spi_flash_read_status/Vivado/03_spi_flash_read_status.srcs/sources_1/new/03_spi_flash_read_status.v:30]
WARNING: [VRFC 10-3380] identifier 'MAX_BYTE_SEND' is used before its declaration [D:/FPGA/Vivaldo Project/INTERFACE/SPI/03_spi_flash_read_status/Vivado/03_spi_flash_read_status.srcs/sources_1/new/03_spi_flash_read_status.v:34]
INFO: [VRFC 10-2263] Analyzing Verilog file "D:/FPGA/Vivaldo Project/INTERFACE/SPI/05_w25q64_controller/Vivado/05_w25q64_controller.srcs/sources_1/new/w25q64_controller.v" into library xil_defaultlib
INFO: [VRFC 10-311] analyzing module w25q64_controller
INFO: [VRFC 10-2263] Analyzing Verilog file "D:/FPGA/Vivaldo Project/INTERFACE/SPI/05_w25q64_controller/Vivado/05_w25q64_controller.srcs/sim_1/new/tb.v" into library xil_defaultlib
INFO: [VRFC 10-311] analyzing module tb
INFO: [USF-XSim-69] 'compile' step finished in '1' seconds
Command: launch_simulation -step elaborate -simset sim_1 -mode behavioral
INFO: [Vivado 12-12493] Simulation top is 'tb'
WARNING: [Vivado 12-13340] Unable to auto find GCC executables from simulator install path! (path not set)
WARNING: [Vivado 12-13277] Compiled library path does not exist: ''
INFO: [Vivado 12-5682] Launching behavioral simulation in 'D:/FPGA/Vivaldo Project/INTERFACE/SPI/05_w25q64_controller/Vivado/05_w25q64_controller.sim/sim_1/behav/xsim'
INFO: [SIM-utils-51] Simulation object is 'sim_1'
INFO: [USF-XSim-3] XSim::Elaborate design
INFO: [USF-XSim-61] Executing 'ELABORATE' step in 'D:/FPGA/Vivaldo Project/INTERFACE/SPI/05_w25q64_controller/Vivado/05_w25q64_controller.sim/sim_1/behav/xsim'
"xelab --incr --debug typical --relax --mt 2 -L xil_defaultlib -L unisims_ver -L unimacro_ver -L secureip --snapshot tb_behav xil_defaultlib.tb xil_defaultlib.glbl -log elaborate.log"
Vivado Simulator v2022.2
Copyright 1986-1999, 2001-2022 Xilinx, Inc. All Rights Reserved.
Running: D:/Xilinx/Vivado/2022.2/bin/unwrapped/win64.o/xelab.exe --incr --debug typical --relax --mt 2 -L xil_defaultlib -L unisims_ver -L unimacro_ver -L secureip --snapshot tb_behav xil_defaultlib.tb xil_defaultlib.glbl -log elaborate.log 
Using 2 slave threads.
Starting static elaboration
Pass Through NonSizing Optimizer
Completed static elaboration
Starting simulation data flow analysis
Completed simulation data flow analysis
Time Resolution for simulation is 1ps
Compiling module xil_defaultlib.spi_master_mode0(CLK_DIV=5000000...
Compiling module xil_defaultlib.w25q64_controller
Compiling module xil_defaultlib.tb
Compiling module xil_defaultlib.glbl
Built simulation snapshot tb_behav
INFO: [USF-XSim-69] 'elaborate' step finished in '2' seconds
Time resolution is 1 ps
relaunch_sim: Time (s): cpu = 00:00:01 ; elapsed = 00:00:06 . Memory (MB): peak = 1241.777 ; gain = 0.000
run 50000 ns
run 50000 ns
relaunch_sim
Command: launch_simulation -step compile -simset sim_1 -mode behavioral
INFO: [Vivado 12-12493] Simulation top is 'tb'
WARNING: [Vivado 12-13340] Unable to auto find GCC executables from simulator install path! (path not set)
WARNING: [Vivado 12-13277] Compiled library path does not exist: ''
INFO: [Vivado 12-5682] Launching behavioral simulation in 'D:/FPGA/Vivaldo Project/INTERFACE/SPI/05_w25q64_controller/Vivado/05_w25q64_controller.sim/sim_1/behav/xsim'
INFO: [SIM-utils-51] Simulation object is 'sim_1'
INFO: [USF-XSim-2] XSim::Compile design
INFO: [USF-XSim-61] Executing 'COMPILE and ANALYZE' step in 'D:/FPGA/Vivaldo Project/INTERFACE/SPI/05_w25q64_controller/Vivado/05_w25q64_controller.sim/sim_1/behav/xsim'
"xvlog --incr --relax -prj tb_vlog.prj"
INFO: [VRFC 10-2263] Analyzing Verilog file "D:/FPGA/Vivaldo Project/INTERFACE/SPI/03_spi_flash_read_status/Vivado/03_spi_flash_read_status.srcs/sources_1/new/03_spi_flash_read_status.v" into library xil_defaultlib
INFO: [VRFC 10-311] analyzing module spi_master_mode0
WARNING: [VRFC 10-3380] identifier 'MAX_BYTE_SEND' is used before its declaration [D:/FPGA/Vivaldo Project/INTERFACE/SPI/03_spi_flash_read_status/Vivado/03_spi_flash_read_status.srcs/sources_1/new/03_spi_flash_read_status.v:30]
WARNING: [VRFC 10-3380] identifier 'MAX_BYTE_SEND' is used before its declaration [D:/FPGA/Vivaldo Project/INTERFACE/SPI/03_spi_flash_read_status/Vivado/03_spi_flash_read_status.srcs/sources_1/new/03_spi_flash_read_status.v:34]
INFO: [VRFC 10-2263] Analyzing Verilog file "D:/FPGA/Vivaldo Project/INTERFACE/SPI/05_w25q64_controller/Vivado/05_w25q64_controller.srcs/sources_1/new/w25q64_controller.v" into library xil_defaultlib
INFO: [VRFC 10-311] analyzing module w25q64_controller
INFO: [VRFC 10-2263] Analyzing Verilog file "D:/FPGA/Vivaldo Project/INTERFACE/SPI/05_w25q64_controller/Vivado/05_w25q64_controller.srcs/sim_1/new/tb.v" into library xil_defaultlib
INFO: [VRFC 10-311] analyzing module tb
INFO: [USF-XSim-69] 'compile' step finished in '2' seconds
Command: launch_simulation -step elaborate -simset sim_1 -mode behavioral
INFO: [Vivado 12-12493] Simulation top is 'tb'
WARNING: [Vivado 12-13340] Unable to auto find GCC executables from simulator install path! (path not set)
WARNING: [Vivado 12-13277] Compiled library path does not exist: ''
INFO: [Vivado 12-5682] Launching behavioral simulation in 'D:/FPGA/Vivaldo Project/INTERFACE/SPI/05_w25q64_controller/Vivado/05_w25q64_controller.sim/sim_1/behav/xsim'
INFO: [SIM-utils-51] Simulation object is 'sim_1'
INFO: [USF-XSim-3] XSim::Elaborate design
INFO: [USF-XSim-61] Executing 'ELABORATE' step in 'D:/FPGA/Vivaldo Project/INTERFACE/SPI/05_w25q64_controller/Vivado/05_w25q64_controller.sim/sim_1/behav/xsim'
"xelab --incr --debug typical --relax --mt 2 -L xil_defaultlib -L unisims_ver -L unimacro_ver -L secureip --snapshot tb_behav xil_defaultlib.tb xil_defaultlib.glbl -log elaborate.log"
Vivado Simulator v2022.2
Copyright 1986-1999, 2001-2022 Xilinx, Inc. All Rights Reserved.
Running: D:/Xilinx/Vivado/2022.2/bin/unwrapped/win64.o/xelab.exe --incr --debug typical --relax --mt 2 -L xil_defaultlib -L unisims_ver -L unimacro_ver -L secureip --snapshot tb_behav xil_defaultlib.tb xil_defaultlib.glbl -log elaborate.log 
Using 2 slave threads.
Starting static elaboration
Pass Through NonSizing Optimizer
Completed static elaboration
Starting simulation data flow analysis
Completed simulation data flow analysis
Time Resolution for simulation is 1ps
Compiling module xil_defaultlib.spi_master_mode0(CLK_DIV=5000000...
Compiling module xil_defaultlib.w25q64_controller
Compiling module xil_defaultlib.tb
Compiling module xil_defaultlib.glbl
Built simulation snapshot tb_behav
INFO: [USF-XSim-69] 'elaborate' step finished in '2' seconds
Time resolution is 1 ps
relaunch_sim: Time (s): cpu = 00:00:01 ; elapsed = 00:00:06 . Memory (MB): peak = 1241.777 ; gain = 0.000
run 50000 ns
relaunch_sim
Command: launch_simulation -step compile -simset sim_1 -mode behavioral
INFO: [Vivado 12-12493] Simulation top is 'tb'
WARNING: [Vivado 12-13340] Unable to auto find GCC executables from simulator install path! (path not set)
WARNING: [Vivado 12-13277] Compiled library path does not exist: ''
INFO: [Vivado 12-5682] Launching behavioral simulation in 'D:/FPGA/Vivaldo Project/INTERFACE/SPI/05_w25q64_controller/Vivado/05_w25q64_controller.sim/sim_1/behav/xsim'
INFO: [SIM-utils-51] Simulation object is 'sim_1'
INFO: [USF-XSim-2] XSim::Compile design
INFO: [USF-XSim-61] Executing 'COMPILE and ANALYZE' step in 'D:/FPGA/Vivaldo Project/INTERFACE/SPI/05_w25q64_controller/Vivado/05_w25q64_controller.sim/sim_1/behav/xsim'
"xvlog --incr --relax -prj tb_vlog.prj"
INFO: [VRFC 10-2263] Analyzing Verilog file "D:/FPGA/Vivaldo Project/INTERFACE/SPI/03_spi_flash_read_status/Vivado/03_spi_flash_read_status.srcs/sources_1/new/03_spi_flash_read_status.v" into library xil_defaultlib
INFO: [VRFC 10-311] analyzing module spi_master_mode0
WARNING: [VRFC 10-3380] identifier 'MAX_BYTE_SEND' is used before its declaration [D:/FPGA/Vivaldo Project/INTERFACE/SPI/03_spi_flash_read_status/Vivado/03_spi_flash_read_status.srcs/sources_1/new/03_spi_flash_read_status.v:30]
WARNING: [VRFC 10-3380] identifier 'MAX_BYTE_SEND' is used before its declaration [D:/FPGA/Vivaldo Project/INTERFACE/SPI/03_spi_flash_read_status/Vivado/03_spi_flash_read_status.srcs/sources_1/new/03_spi_flash_read_status.v:34]
INFO: [VRFC 10-2263] Analyzing Verilog file "D:/FPGA/Vivaldo Project/INTERFACE/SPI/05_w25q64_controller/Vivado/05_w25q64_controller.srcs/sources_1/new/w25q64_controller.v" into library xil_defaultlib
INFO: [VRFC 10-311] analyzing module w25q64_controller
INFO: [VRFC 10-2263] Analyzing Verilog file "D:/FPGA/Vivaldo Project/INTERFACE/SPI/05_w25q64_controller/Vivado/05_w25q64_controller.srcs/sim_1/new/tb.v" into library xil_defaultlib
INFO: [VRFC 10-311] analyzing module tb
INFO: [USF-XSim-69] 'compile' step finished in '1' seconds
Command: launch_simulation -step elaborate -simset sim_1 -mode behavioral
INFO: [Vivado 12-12493] Simulation top is 'tb'
WARNING: [Vivado 12-13340] Unable to auto find GCC executables from simulator install path! (path not set)
WARNING: [Vivado 12-13277] Compiled library path does not exist: ''
INFO: [Vivado 12-5682] Launching behavioral simulation in 'D:/FPGA/Vivaldo Project/INTERFACE/SPI/05_w25q64_controller/Vivado/05_w25q64_controller.sim/sim_1/behav/xsim'
INFO: [SIM-utils-51] Simulation object is 'sim_1'
INFO: [USF-XSim-3] XSim::Elaborate design
INFO: [USF-XSim-61] Executing 'ELABORATE' step in 'D:/FPGA/Vivaldo Project/INTERFACE/SPI/05_w25q64_controller/Vivado/05_w25q64_controller.sim/sim_1/behav/xsim'
"xelab --incr --debug typical --relax --mt 2 -L xil_defaultlib -L unisims_ver -L unimacro_ver -L secureip --snapshot tb_behav xil_defaultlib.tb xil_defaultlib.glbl -log elaborate.log"
Vivado Simulator v2022.2
Copyright 1986-1999, 2001-2022 Xilinx, Inc. All Rights Reserved.
Running: D:/Xilinx/Vivado/2022.2/bin/unwrapped/win64.o/xelab.exe --incr --debug typical --relax --mt 2 -L xil_defaultlib -L unisims_ver -L unimacro_ver -L secureip --snapshot tb_behav xil_defaultlib.tb xil_defaultlib.glbl -log elaborate.log 
Using 2 slave threads.
Starting static elaboration
Pass Through NonSizing Optimizer
Completed static elaboration
Starting simulation data flow analysis
Completed simulation data flow analysis
Time Resolution for simulation is 1ps
Compiling module xil_defaultlib.spi_master_mode0(CLK_DIV=5000000...
Compiling module xil_defaultlib.w25q64_controller
Compiling module xil_defaultlib.tb
Compiling module xil_defaultlib.glbl
Built simulation snapshot tb_behav
INFO: [USF-XSim-69] 'elaborate' step finished in '3' seconds
Time resolution is 1 ps
relaunch_sim: Time (s): cpu = 00:00:01 ; elapsed = 00:00:06 . Memory (MB): peak = 1241.777 ; gain = 0.000
run 50000 ns
run 50000 ns
relaunch_sim
Command: launch_simulation -step compile -simset sim_1 -mode behavioral
INFO: [Vivado 12-12493] Simulation top is 'tb'
WARNING: [Vivado 12-13340] Unable to auto find GCC executables from simulator install path! (path not set)
WARNING: [Vivado 12-13277] Compiled library path does not exist: ''
INFO: [Vivado 12-5682] Launching behavioral simulation in 'D:/FPGA/Vivaldo Project/INTERFACE/SPI/05_w25q64_controller/Vivado/05_w25q64_controller.sim/sim_1/behav/xsim'
INFO: [SIM-utils-51] Simulation object is 'sim_1'
INFO: [USF-XSim-2] XSim::Compile design
INFO: [USF-XSim-61] Executing 'COMPILE and ANALYZE' step in 'D:/FPGA/Vivaldo Project/INTERFACE/SPI/05_w25q64_controller/Vivado/05_w25q64_controller.sim/sim_1/behav/xsim'
"xvlog --incr --relax -prj tb_vlog.prj"
INFO: [VRFC 10-2263] Analyzing Verilog file "D:/FPGA/Vivaldo Project/INTERFACE/SPI/03_spi_flash_read_status/Vivado/03_spi_flash_read_status.srcs/sources_1/new/03_spi_flash_read_status.v" into library xil_defaultlib
INFO: [VRFC 10-311] analyzing module spi_master_mode0
WARNING: [VRFC 10-3380] identifier 'MAX_BYTE_SEND' is used before its declaration [D:/FPGA/Vivaldo Project/INTERFACE/SPI/03_spi_flash_read_status/Vivado/03_spi_flash_read_status.srcs/sources_1/new/03_spi_flash_read_status.v:30]
WARNING: [VRFC 10-3380] identifier 'MAX_BYTE_SEND' is used before its declaration [D:/FPGA/Vivaldo Project/INTERFACE/SPI/03_spi_flash_read_status/Vivado/03_spi_flash_read_status.srcs/sources_1/new/03_spi_flash_read_status.v:34]
INFO: [VRFC 10-2263] Analyzing Verilog file "D:/FPGA/Vivaldo Project/INTERFACE/SPI/05_w25q64_controller/Vivado/05_w25q64_controller.srcs/sources_1/new/w25q64_controller.v" into library xil_defaultlib
INFO: [VRFC 10-311] analyzing module w25q64_controller
INFO: [VRFC 10-2263] Analyzing Verilog file "D:/FPGA/Vivaldo Project/INTERFACE/SPI/05_w25q64_controller/Vivado/05_w25q64_controller.srcs/sim_1/new/tb.v" into library xil_defaultlib
INFO: [VRFC 10-311] analyzing module tb
INFO: [USF-XSim-69] 'compile' step finished in '2' seconds
Command: launch_simulation -step elaborate -simset sim_1 -mode behavioral
INFO: [Vivado 12-12493] Simulation top is 'tb'
WARNING: [Vivado 12-13340] Unable to auto find GCC executables from simulator install path! (path not set)
WARNING: [Vivado 12-13277] Compiled library path does not exist: ''
INFO: [Vivado 12-5682] Launching behavioral simulation in 'D:/FPGA/Vivaldo Project/INTERFACE/SPI/05_w25q64_controller/Vivado/05_w25q64_controller.sim/sim_1/behav/xsim'
INFO: [SIM-utils-51] Simulation object is 'sim_1'
INFO: [USF-XSim-3] XSim::Elaborate design
INFO: [USF-XSim-61] Executing 'ELABORATE' step in 'D:/FPGA/Vivaldo Project/INTERFACE/SPI/05_w25q64_controller/Vivado/05_w25q64_controller.sim/sim_1/behav/xsim'
"xelab --incr --debug typical --relax --mt 2 -L xil_defaultlib -L unisims_ver -L unimacro_ver -L secureip --snapshot tb_behav xil_defaultlib.tb xil_defaultlib.glbl -log elaborate.log"
Vivado Simulator v2022.2
Copyright 1986-1999, 2001-2022 Xilinx, Inc. All Rights Reserved.
Running: D:/Xilinx/Vivado/2022.2/bin/unwrapped/win64.o/xelab.exe --incr --debug typical --relax --mt 2 -L xil_defaultlib -L unisims_ver -L unimacro_ver -L secureip --snapshot tb_behav xil_defaultlib.tb xil_defaultlib.glbl -log elaborate.log 
Using 2 slave threads.
Starting static elaboration
Pass Through NonSizing Optimizer
Completed static elaboration
Starting simulation data flow analysis
Completed simulation data flow analysis
Time Resolution for simulation is 1ps
Compiling module xil_defaultlib.spi_master_mode0(CLK_DIV=5000000...
Compiling module xil_defaultlib.w25q64_controller
Compiling module xil_defaultlib.tb
Compiling module xil_defaultlib.glbl
Built simulation snapshot tb_behav
INFO: [USF-XSim-69] 'elaborate' step finished in '2' seconds
Time resolution is 1 ps
relaunch_sim: Time (s): cpu = 00:00:00 ; elapsed = 00:00:07 . Memory (MB): peak = 1241.777 ; gain = 0.000
relaunch_sim
Command: launch_simulation -step compile -simset sim_1 -mode behavioral
INFO: [Vivado 12-12493] Simulation top is 'tb'
WARNING: [Vivado 12-13340] Unable to auto find GCC executables from simulator install path! (path not set)
WARNING: [Vivado 12-13277] Compiled library path does not exist: ''
INFO: [Vivado 12-5682] Launching behavioral simulation in 'D:/FPGA/Vivaldo Project/INTERFACE/SPI/05_w25q64_controller/Vivado/05_w25q64_controller.sim/sim_1/behav/xsim'
INFO: [SIM-utils-51] Simulation object is 'sim_1'
INFO: [USF-XSim-2] XSim::Compile design
INFO: [USF-XSim-61] Executing 'COMPILE and ANALYZE' step in 'D:/FPGA/Vivaldo Project/INTERFACE/SPI/05_w25q64_controller/Vivado/05_w25q64_controller.sim/sim_1/behav/xsim'
"xvlog --incr --relax -prj tb_vlog.prj"
INFO: [VRFC 10-2263] Analyzing Verilog file "D:/FPGA/Vivaldo Project/INTERFACE/SPI/03_spi_flash_read_status/Vivado/03_spi_flash_read_status.srcs/sources_1/new/03_spi_flash_read_status.v" into library xil_defaultlib
INFO: [VRFC 10-311] analyzing module spi_master_mode0
WARNING: [VRFC 10-3380] identifier 'MAX_BYTE_SEND' is used before its declaration [D:/FPGA/Vivaldo Project/INTERFACE/SPI/03_spi_flash_read_status/Vivado/03_spi_flash_read_status.srcs/sources_1/new/03_spi_flash_read_status.v:30]
WARNING: [VRFC 10-3380] identifier 'MAX_BYTE_SEND' is used before its declaration [D:/FPGA/Vivaldo Project/INTERFACE/SPI/03_spi_flash_read_status/Vivado/03_spi_flash_read_status.srcs/sources_1/new/03_spi_flash_read_status.v:34]
INFO: [VRFC 10-2263] Analyzing Verilog file "D:/FPGA/Vivaldo Project/INTERFACE/SPI/05_w25q64_controller/Vivado/05_w25q64_controller.srcs/sources_1/new/w25q64_controller.v" into library xil_defaultlib
INFO: [VRFC 10-311] analyzing module w25q64_controller
INFO: [VRFC 10-2263] Analyzing Verilog file "D:/FPGA/Vivaldo Project/INTERFACE/SPI/05_w25q64_controller/Vivado/05_w25q64_controller.srcs/sim_1/new/tb.v" into library xil_defaultlib
INFO: [VRFC 10-311] analyzing module tb
INFO: [USF-XSim-69] 'compile' step finished in '2' seconds
Command: launch_simulation -step elaborate -simset sim_1 -mode behavioral
INFO: [Vivado 12-12493] Simulation top is 'tb'
WARNING: [Vivado 12-13340] Unable to auto find GCC executables from simulator install path! (path not set)
WARNING: [Vivado 12-13277] Compiled library path does not exist: ''
INFO: [Vivado 12-5682] Launching behavioral simulation in 'D:/FPGA/Vivaldo Project/INTERFACE/SPI/05_w25q64_controller/Vivado/05_w25q64_controller.sim/sim_1/behav/xsim'
INFO: [SIM-utils-51] Simulation object is 'sim_1'
INFO: [USF-XSim-3] XSim::Elaborate design
INFO: [USF-XSim-61] Executing 'ELABORATE' step in 'D:/FPGA/Vivaldo Project/INTERFACE/SPI/05_w25q64_controller/Vivado/05_w25q64_controller.sim/sim_1/behav/xsim'
"xelab --incr --debug typical --relax --mt 2 -L xil_defaultlib -L unisims_ver -L unimacro_ver -L secureip --snapshot tb_behav xil_defaultlib.tb xil_defaultlib.glbl -log elaborate.log"
Vivado Simulator v2022.2
Copyright 1986-1999, 2001-2022 Xilinx, Inc. All Rights Reserved.
Running: D:/Xilinx/Vivado/2022.2/bin/unwrapped/win64.o/xelab.exe --incr --debug typical --relax --mt 2 -L xil_defaultlib -L unisims_ver -L unimacro_ver -L secureip --snapshot tb_behav xil_defaultlib.tb xil_defaultlib.glbl -log elaborate.log 
Using 2 slave threads.
Starting static elaboration
Pass Through NonSizing Optimizer
Completed static elaboration
Starting simulation data flow analysis
Completed simulation data flow analysis
Time Resolution for simulation is 1ps
Compiling module xil_defaultlib.spi_master_mode0(CLK_DIV=5000000...
Compiling module xil_defaultlib.w25q64_controller
Compiling module xil_defaultlib.tb
Compiling module xil_defaultlib.glbl
Built simulation snapshot tb_behav
INFO: [USF-XSim-69] 'elaborate' step finished in '4' seconds
Time resolution is 1 ps
relaunch_sim: Time (s): cpu = 00:00:01 ; elapsed = 00:00:10 . Memory (MB): peak = 1241.777 ; gain = 0.000
export_ip_user_files -of_objects  [get_files {{D:/FPGA/Vivaldo Project/INTERFACE/SPI/03_spi_flash_read_status/Vivado/03_spi_flash_read_status.srcs/sources_1/new/03_spi_flash_read_status.v}}] -no_script -reset -force -quiet
remove_files  {{D:/FPGA/Vivaldo Project/INTERFACE/SPI/03_spi_flash_read_status/Vivado/03_spi_flash_read_status.srcs/sources_1/new/03_spi_flash_read_status.v}}
close [ open {D:/FPGA/Vivaldo Project/INTERFACE/SPI/05_w25q64_controller/Vivado/05_w25q64_controller.srcs/sources_1/new/spi_master_mode0.v} w ]
add_files {{D:/FPGA/Vivaldo Project/INTERFACE/SPI/05_w25q64_controller/Vivado/05_w25q64_controller.srcs/sources_1/new/spi_master_mode0.v}}
update_compile_order -fileset sources_1
relaunch_sim
Command: launch_simulation -step compile -simset sim_1 -mode behavioral
INFO: [Vivado 12-12493] Simulation top is 'tb'
WARNING: [Vivado 12-13340] Unable to auto find GCC executables from simulator install path! (path not set)
WARNING: [Vivado 12-13277] Compiled library path does not exist: ''
INFO: [Vivado 12-5682] Launching behavioral simulation in 'D:/FPGA/Vivaldo Project/INTERFACE/SPI/05_w25q64_controller/Vivado/05_w25q64_controller.sim/sim_1/behav/xsim'
INFO: [SIM-utils-51] Simulation object is 'sim_1'
INFO: [USF-XSim-2] XSim::Compile design
INFO: [USF-XSim-61] Executing 'COMPILE and ANALYZE' step in 'D:/FPGA/Vivaldo Project/INTERFACE/SPI/05_w25q64_controller/Vivado/05_w25q64_controller.sim/sim_1/behav/xsim'
"xvlog --incr --relax -prj tb_vlog.prj"
INFO: [VRFC 10-2263] Analyzing Verilog file "D:/FPGA/Vivaldo Project/INTERFACE/SPI/03_spi_flash_read_status/Vivado/03_spi_flash_read_status.srcs/sources_1/new/03_spi_flash_read_status.v" into library xil_defaultlib
INFO: [VRFC 10-311] analyzing module spi_master_mode0
WARNING: [VRFC 10-3380] identifier 'MAX_BYTE_SEND' is used before its declaration [D:/FPGA/Vivaldo Project/INTERFACE/SPI/03_spi_flash_read_status/Vivado/03_spi_flash_read_status.srcs/sources_1/new/03_spi_flash_read_status.v:30]
WARNING: [VRFC 10-3380] identifier 'MAX_BYTE_SEND' is used before its declaration [D:/FPGA/Vivaldo Project/INTERFACE/SPI/03_spi_flash_read_status/Vivado/03_spi_flash_read_status.srcs/sources_1/new/03_spi_flash_read_status.v:34]
INFO: [VRFC 10-2263] Analyzing Verilog file "D:/FPGA/Vivaldo Project/INTERFACE/SPI/05_w25q64_controller/Vivado/05_w25q64_controller.srcs/sources_1/new/w25q64_controller.v" into library xil_defaultlib
INFO: [VRFC 10-311] analyzing module w25q64_controller
INFO: [VRFC 10-2263] Analyzing Verilog file "D:/FPGA/Vivaldo Project/INTERFACE/SPI/05_w25q64_controller/Vivado/05_w25q64_controller.srcs/sim_1/new/tb.v" into library xil_defaultlib
INFO: [VRFC 10-311] analyzing module tb
INFO: [USF-XSim-69] 'compile' step finished in '2' seconds
Command: launch_simulation -step elaborate -simset sim_1 -mode behavioral
INFO: [Vivado 12-12493] Simulation top is 'tb'
WARNING: [Vivado 12-13340] Unable to auto find GCC executables from simulator install path! (path not set)
WARNING: [Vivado 12-13277] Compiled library path does not exist: ''
INFO: [Vivado 12-5682] Launching behavioral simulation in 'D:/FPGA/Vivaldo Project/INTERFACE/SPI/05_w25q64_controller/Vivado/05_w25q64_controller.sim/sim_1/behav/xsim'
INFO: [SIM-utils-51] Simulation object is 'sim_1'
INFO: [USF-XSim-3] XSim::Elaborate design
INFO: [USF-XSim-61] Executing 'ELABORATE' step in 'D:/FPGA/Vivaldo Project/INTERFACE/SPI/05_w25q64_controller/Vivado/05_w25q64_controller.sim/sim_1/behav/xsim'
"xelab --incr --debug typical --relax --mt 2 -L xil_defaultlib -L unisims_ver -L unimacro_ver -L secureip --snapshot tb_behav xil_defaultlib.tb xil_defaultlib.glbl -log elaborate.log"
Vivado Simulator v2022.2
Copyright 1986-1999, 2001-2022 Xilinx, Inc. All Rights Reserved.
Running: D:/Xilinx/Vivado/2022.2/bin/unwrapped/win64.o/xelab.exe --incr --debug typical --relax --mt 2 -L xil_defaultlib -L unisims_ver -L unimacro_ver -L secureip --snapshot tb_behav xil_defaultlib.tb xil_defaultlib.glbl -log elaborate.log 
Using 2 slave threads.
Starting static elaboration
Pass Through NonSizing Optimizer
WARNING: [VRFC 10-3755] too many parameters for module instance 'spi_master_mode0' [D:/FPGA/Vivaldo Project/INTERFACE/SPI/05_w25q64_controller/Vivado/05_w25q64_controller.srcs/sources_1/new/w25q64_controller.v:76]
Completed static elaboration
Starting simulation data flow analysis
Completed simulation data flow analysis
Time Resolution for simulation is 1ps
Compiling module xil_defaultlib.spi_master_mode0(CLK_DIV=5000000...
Compiling module xil_defaultlib.w25q64_controller
Compiling module xil_defaultlib.tb
Compiling module xil_defaultlib.glbl
Built simulation snapshot tb_behav
INFO: [USF-XSim-69] 'elaborate' step finished in '2' seconds
Time resolution is 1 ps
relaunch_sim: Time (s): cpu = 00:00:00 ; elapsed = 00:00:06 . Memory (MB): peak = 1241.777 ; gain = 0.000
save_wave_config {D:/FPGA/Vivaldo Project/INTERFACE/SPI/05_w25q64_controller/Vivado/tb_behav.wcfg}
add_files -fileset sim_1 -norecurse {{D:/FPGA/Vivaldo Project/INTERFACE/SPI/05_w25q64_controller/Vivado/tb_behav.wcfg}}
set_property xsim.view {{D:/FPGA/Vivaldo Project/INTERFACE/SPI/05_w25q64_controller/Vivado/tb_behav.wcfg}} [get_filesets sim_1]
current_wave_config {tb_behav.wcfg}
D:/FPGA/Vivaldo Project/INTERFACE/SPI/05_w25q64_controller/Vivado/tb_behav.wcfg
add_wave {{/tb/w25q64_controller/spi_master_mode0/clk}} {{/tb/w25q64_controller/spi_master_mode0/rst_n}} {{/tb/w25q64_controller/spi_master_mode0/start}} {{/tb/w25q64_controller/spi_master_mode0/byte_transfer}} {{/tb/w25q64_controller/spi_master_mode0/data_in}} {{/tb/w25q64_controller/spi_master_mode0/done}} {{/tb/w25q64_controller/spi_master_mode0/busy}} {{/tb/w25q64_controller/spi_master_mode0/data_out}} {{/tb/w25q64_controller/spi_master_mode0/spi_clk}} {{/tb/w25q64_controller/spi_master_mode0/spi_mosi}} {{/tb/w25q64_controller/spi_master_mode0/spi_cs_n}} {{/tb/w25q64_controller/spi_master_mode0/spi_miso}} {{/tb/w25q64_controller/spi_master_mode0/d_start}} {{/tb/w25q64_controller/spi_master_mode0/rasing_edge_start}} {{/tb/w25q64_controller/spi_master_mode0/reg_data_in}} {{/tb/w25q64_controller/spi_master_mode0/state}} {{/tb/w25q64_controller/spi_master_mode0/next_state}} {{/tb/w25q64_controller/spi_master_mode0/cnt_clk}} {{/tb/w25q64_controller/spi_master_mode0/cnt_bit}} {{/tb/w25q64_controller/spi_master_mode0/data_shift}} {{/tb/w25q64_controller/spi_master_mode0/CLK_DIV}} {{/tb/w25q64_controller/spi_master_mode0/MAX_BYTE_SEND}} {{/tb/w25q64_controller/spi_master_mode0/IDLE}} {{/tb/w25q64_controller/spi_master_mode0/INSE}} {{/tb/w25q64_controller/spi_master_mode0/TRAN}} {{/tb/w25q64_controller/spi_master_mode0/FINI}} 
relaunch_sim
Command: launch_simulation -step compile -simset sim_1 -mode behavioral
INFO: [Vivado 12-12493] Simulation top is 'tb'
WARNING: [Vivado 12-13340] Unable to auto find GCC executables from simulator install path! (path not set)
WARNING: [Vivado 12-13277] Compiled library path does not exist: ''
INFO: [Vivado 12-5682] Launching behavioral simulation in 'D:/FPGA/Vivaldo Project/INTERFACE/SPI/05_w25q64_controller/Vivado/05_w25q64_controller.sim/sim_1/behav/xsim'
INFO: [SIM-utils-51] Simulation object is 'sim_1'
INFO: [USF-XSim-2] XSim::Compile design
INFO: [USF-XSim-61] Executing 'COMPILE and ANALYZE' step in 'D:/FPGA/Vivaldo Project/INTERFACE/SPI/05_w25q64_controller/Vivado/05_w25q64_controller.sim/sim_1/behav/xsim'
"xvlog --incr --relax -prj tb_vlog.prj"
INFO: [USF-XSim-69] 'compile' step finished in '1' seconds
Command: launch_simulation -step elaborate -simset sim_1 -mode behavioral
INFO: [Vivado 12-12493] Simulation top is 'tb'
WARNING: [Vivado 12-13340] Unable to auto find GCC executables from simulator install path! (path not set)
WARNING: [Vivado 12-13277] Compiled library path does not exist: ''
INFO: [Vivado 12-5682] Launching behavioral simulation in 'D:/FPGA/Vivaldo Project/INTERFACE/SPI/05_w25q64_controller/Vivado/05_w25q64_controller.sim/sim_1/behav/xsim'
INFO: [SIM-utils-51] Simulation object is 'sim_1'
INFO: [USF-XSim-3] XSim::Elaborate design
INFO: [USF-XSim-61] Executing 'ELABORATE' step in 'D:/FPGA/Vivaldo Project/INTERFACE/SPI/05_w25q64_controller/Vivado/05_w25q64_controller.sim/sim_1/behav/xsim'
"xelab --incr --debug typical --relax --mt 2 -L xil_defaultlib -L unisims_ver -L unimacro_ver -L secureip --snapshot tb_behav xil_defaultlib.tb xil_defaultlib.glbl -log elaborate.log"
Vivado Simulator v2022.2
Copyright 1986-1999, 2001-2022 Xilinx, Inc. All Rights Reserved.
Running: D:/Xilinx/Vivado/2022.2/bin/unwrapped/win64.o/xelab.exe --incr --debug typical --relax --mt 2 -L xil_defaultlib -L unisims_ver -L unimacro_ver -L secureip --snapshot tb_behav xil_defaultlib.tb xil_defaultlib.glbl -log elaborate.log 
Using 2 slave threads.
Starting static elaboration
Pass Through NonSizing Optimizer
WARNING: [VRFC 10-3755] too many parameters for module instance 'spi_master_mode0' [D:/FPGA/Vivaldo Project/INTERFACE/SPI/05_w25q64_controller/Vivado/05_w25q64_controller.srcs/sources_1/new/w25q64_controller.v:76]
Completed static elaboration
INFO: [XSIM 43-4323] No Change in HDL. Linking previously generated obj files to create kernel
INFO: [USF-XSim-69] 'elaborate' step finished in '2' seconds
Time resolution is 1 ps
relaunch_sim: Time (s): cpu = 00:00:01 ; elapsed = 00:00:05 . Memory (MB): peak = 1241.777 ; gain = 0.000
run 50000 ns
save_wave_config {D:/FPGA/Vivaldo Project/INTERFACE/SPI/05_w25q64_controller/Vivado/tb_behav.wcfg}
close_sim
INFO: [Simtcl 6-16] Simulation closed
launch_simulation
Command: launch_simulation 
INFO: [Vivado 12-12493] Simulation top is 'tb'
WARNING: [Vivado 12-13340] Unable to auto find GCC executables from simulator install path! (path not set)
WARNING: [Vivado 12-13277] Compiled library path does not exist: ''
INFO: [Vivado 12-5682] Launching behavioral simulation in 'D:/FPGA/Vivaldo Project/INTERFACE/SPI/05_w25q64_controller/Vivado/05_w25q64_controller.sim/sim_1/behav/xsim'
INFO: [SIM-utils-51] Simulation object is 'sim_1'
INFO: [SIM-utils-72] Using boost library from 'D:/Xilinx/Vivado/2022.2/tps/boost_1_72_0'
INFO: [SIM-utils-54] Inspecting design source files for 'tb' in fileset 'sim_1'...
INFO: [USF-XSim-97] Finding global include files...
INFO: [USF-XSim-98] Fetching design files from 'sim_1'...
INFO: [USF-XSim-2] XSim::Compile design
INFO: [USF-XSim-61] Executing 'COMPILE and ANALYZE' step in 'D:/FPGA/Vivaldo Project/INTERFACE/SPI/05_w25q64_controller/Vivado/05_w25q64_controller.sim/sim_1/behav/xsim'
"xvlog --incr --relax -prj tb_vlog.prj"
INFO: [VRFC 10-2263] Analyzing Verilog file "D:/FPGA/Vivaldo Project/INTERFACE/SPI/05_w25q64_controller/Vivado/05_w25q64_controller.srcs/sources_1/new/spi_master_mode0.v" into library xil_defaultlib
INFO: [VRFC 10-311] analyzing module spi_master_mode0
INFO: [USF-XSim-69] 'compile' step finished in '1' seconds
INFO: [USF-XSim-3] XSim::Elaborate design
INFO: [USF-XSim-61] Executing 'ELABORATE' step in 'D:/FPGA/Vivaldo Project/INTERFACE/SPI/05_w25q64_controller/Vivado/05_w25q64_controller.sim/sim_1/behav/xsim'
"xelab --incr --debug typical --relax --mt 2 -L xil_defaultlib -L unisims_ver -L unimacro_ver -L secureip --snapshot tb_behav xil_defaultlib.tb xil_defaultlib.glbl -log elaborate.log"
Vivado Simulator v2022.2
Copyright 1986-1999, 2001-2022 Xilinx, Inc. All Rights Reserved.
Running: D:/Xilinx/Vivado/2022.2/bin/unwrapped/win64.o/xelab.exe --incr --debug typical --relax --mt 2 -L xil_defaultlib -L unisims_ver -L unimacro_ver -L secureip --snapshot tb_behav xil_defaultlib.tb xil_defaultlib.glbl -log elaborate.log 
Using 2 slave threads.
Starting static elaboration
Pass Through NonSizing Optimizer
Completed static elaboration
Starting simulation data flow analysis
Completed simulation data flow analysis
Time Resolution for simulation is 1ps
Compiling module xil_defaultlib.spi_master_mode0(CLK_DIV=5000000...
Compiling module xil_defaultlib.w25q64_controller
Compiling module xil_defaultlib.tb
Compiling module xil_defaultlib.glbl
Built simulation snapshot tb_behav
INFO: [USF-XSim-69] 'elaborate' step finished in '2' seconds
INFO: [USF-XSim-4] XSim::Simulate design
INFO: [USF-XSim-61] Executing 'SIMULATE' step in 'D:/FPGA/Vivaldo Project/INTERFACE/SPI/05_w25q64_controller/Vivado/05_w25q64_controller.sim/sim_1/behav/xsim'
INFO: [USF-XSim-98] *** Running xsim
   with args "tb_behav -key {Behavioral:sim_1:Functional:tb} -tclbatch {tb.tcl} -view {{D:/FPGA/Vivaldo Project/INTERFACE/SPI/05_w25q64_controller/Vivado/tb_behav.wcfg}} -log {simulate.log}"
INFO: [USF-XSim-8] Loading simulator feature
Time resolution is 1 ps
open_wave_config {D:/FPGA/Vivaldo Project/INTERFACE/SPI/05_w25q64_controller/Vivado/tb_behav.wcfg}
source tb.tcl
# set curr_wave [current_wave_config]
# if { [string length $curr_wave] == 0 } {
#   if { [llength [get_objects]] > 0} {
#     add_wave /
#     set_property needs_save false [current_wave_config]
#   } else {
#      send_msg_id Add_Wave-1 WARNING "No top level signals found. Simulator will start without a wave window. If you want to open a wave window go to 'File->New Waveform Configuration' or type 'create_wave_config' in the TCL console."
#   }
# }
# run 1000ns
INFO: [USF-XSim-96] XSim completed. Design snapshot 'tb_behav' loaded.
INFO: [USF-XSim-97] XSim simulation ran for 1000ns
launch_simulation: Time (s): cpu = 00:00:01 ; elapsed = 00:00:06 . Memory (MB): peak = 1251.953 ; gain = 2.383
run 50000 ns
relaunch_sim
Command: launch_simulation -step compile -simset sim_1 -mode behavioral
INFO: [Vivado 12-12493] Simulation top is 'tb'
WARNING: [Vivado 12-13340] Unable to auto find GCC executables from simulator install path! (path not set)
WARNING: [Vivado 12-13277] Compiled library path does not exist: ''
INFO: [Vivado 12-5682] Launching behavioral simulation in 'D:/FPGA/Vivaldo Project/INTERFACE/SPI/05_w25q64_controller/Vivado/05_w25q64_controller.sim/sim_1/behav/xsim'
INFO: [SIM-utils-51] Simulation object is 'sim_1'
INFO: [USF-XSim-2] XSim::Compile design
INFO: [USF-XSim-61] Executing 'COMPILE and ANALYZE' step in 'D:/FPGA/Vivaldo Project/INTERFACE/SPI/05_w25q64_controller/Vivado/05_w25q64_controller.sim/sim_1/behav/xsim'
"xvlog --incr --relax -prj tb_vlog.prj"
INFO: [VRFC 10-2263] Analyzing Verilog file "D:/FPGA/Vivaldo Project/INTERFACE/SPI/05_w25q64_controller/Vivado/05_w25q64_controller.srcs/sources_1/new/spi_master_mode0.v" into library xil_defaultlib
INFO: [VRFC 10-311] analyzing module spi_master_mode0
INFO: [VRFC 10-2263] Analyzing Verilog file "D:/FPGA/Vivaldo Project/INTERFACE/SPI/05_w25q64_controller/Vivado/05_w25q64_controller.srcs/sources_1/new/w25q64_controller.v" into library xil_defaultlib
INFO: [VRFC 10-311] analyzing module w25q64_controller
INFO: [VRFC 10-2263] Analyzing Verilog file "D:/FPGA/Vivaldo Project/INTERFACE/SPI/05_w25q64_controller/Vivado/05_w25q64_controller.srcs/sim_1/new/tb.v" into library xil_defaultlib
INFO: [VRFC 10-311] analyzing module tb
INFO: [USF-XSim-69] 'compile' step finished in '1' seconds
Command: launch_simulation -step elaborate -simset sim_1 -mode behavioral
INFO: [Vivado 12-12493] Simulation top is 'tb'
WARNING: [Vivado 12-13340] Unable to auto find GCC executables from simulator install path! (path not set)
WARNING: [Vivado 12-13277] Compiled library path does not exist: ''
INFO: [Vivado 12-5682] Launching behavioral simulation in 'D:/FPGA/Vivaldo Project/INTERFACE/SPI/05_w25q64_controller/Vivado/05_w25q64_controller.sim/sim_1/behav/xsim'
INFO: [SIM-utils-51] Simulation object is 'sim_1'
INFO: [USF-XSim-3] XSim::Elaborate design
INFO: [USF-XSim-61] Executing 'ELABORATE' step in 'D:/FPGA/Vivaldo Project/INTERFACE/SPI/05_w25q64_controller/Vivado/05_w25q64_controller.sim/sim_1/behav/xsim'
"xelab --incr --debug typical --relax --mt 2 -L xil_defaultlib -L unisims_ver -L unimacro_ver -L secureip --snapshot tb_behav xil_defaultlib.tb xil_defaultlib.glbl -log elaborate.log"
Vivado Simulator v2022.2
Copyright 1986-1999, 2001-2022 Xilinx, Inc. All Rights Reserved.
Running: D:/Xilinx/Vivado/2022.2/bin/unwrapped/win64.o/xelab.exe --incr --debug typical --relax --mt 2 -L xil_defaultlib -L unisims_ver -L unimacro_ver -L secureip --snapshot tb_behav xil_defaultlib.tb xil_defaultlib.glbl -log elaborate.log 
Using 2 slave threads.
Starting static elaboration
Pass Through NonSizing Optimizer
Completed static elaboration
Starting simulation data flow analysis
Completed simulation data flow analysis
Time Resolution for simulation is 1ps
Compiling module xil_defaultlib.spi_master_mode0(CLK_DIV=5000000...
Compiling module xil_defaultlib.w25q64_controller
Compiling module xil_defaultlib.tb
Compiling module xil_defaultlib.glbl
Built simulation snapshot tb_behav
INFO: [USF-XSim-69] 'elaborate' step finished in '2' seconds
Time resolution is 1 ps
relaunch_sim: Time (s): cpu = 00:00:01 ; elapsed = 00:00:07 . Memory (MB): peak = 1252.102 ; gain = 0.000
run 50000 ns
run 50000 ns
relaunch_sim
Command: launch_simulation -step compile -simset sim_1 -mode behavioral
INFO: [Vivado 12-12493] Simulation top is 'tb'
WARNING: [Vivado 12-13340] Unable to auto find GCC executables from simulator install path! (path not set)
WARNING: [Vivado 12-13277] Compiled library path does not exist: ''
INFO: [Vivado 12-5682] Launching behavioral simulation in 'D:/FPGA/Vivaldo Project/INTERFACE/SPI/05_w25q64_controller/Vivado/05_w25q64_controller.sim/sim_1/behav/xsim'
INFO: [SIM-utils-51] Simulation object is 'sim_1'
INFO: [USF-XSim-2] XSim::Compile design
INFO: [USF-XSim-61] Executing 'COMPILE and ANALYZE' step in 'D:/FPGA/Vivaldo Project/INTERFACE/SPI/05_w25q64_controller/Vivado/05_w25q64_controller.sim/sim_1/behav/xsim'
"xvlog --incr --relax -prj tb_vlog.prj"
INFO: [VRFC 10-2263] Analyzing Verilog file "D:/FPGA/Vivaldo Project/INTERFACE/SPI/05_w25q64_controller/Vivado/05_w25q64_controller.srcs/sources_1/new/spi_master_mode0.v" into library xil_defaultlib
INFO: [VRFC 10-311] analyzing module spi_master_mode0
INFO: [VRFC 10-2263] Analyzing Verilog file "D:/FPGA/Vivaldo Project/INTERFACE/SPI/05_w25q64_controller/Vivado/05_w25q64_controller.srcs/sources_1/new/w25q64_controller.v" into library xil_defaultlib
INFO: [VRFC 10-311] analyzing module w25q64_controller
INFO: [VRFC 10-2263] Analyzing Verilog file "D:/FPGA/Vivaldo Project/INTERFACE/SPI/05_w25q64_controller/Vivado/05_w25q64_controller.srcs/sim_1/new/tb.v" into library xil_defaultlib
INFO: [VRFC 10-311] analyzing module tb
INFO: [USF-XSim-69] 'compile' step finished in '1' seconds
Command: launch_simulation -step elaborate -simset sim_1 -mode behavioral
INFO: [Vivado 12-12493] Simulation top is 'tb'
WARNING: [Vivado 12-13340] Unable to auto find GCC executables from simulator install path! (path not set)
WARNING: [Vivado 12-13277] Compiled library path does not exist: ''
INFO: [Vivado 12-5682] Launching behavioral simulation in 'D:/FPGA/Vivaldo Project/INTERFACE/SPI/05_w25q64_controller/Vivado/05_w25q64_controller.sim/sim_1/behav/xsim'
INFO: [SIM-utils-51] Simulation object is 'sim_1'
INFO: [USF-XSim-3] XSim::Elaborate design
INFO: [USF-XSim-61] Executing 'ELABORATE' step in 'D:/FPGA/Vivaldo Project/INTERFACE/SPI/05_w25q64_controller/Vivado/05_w25q64_controller.sim/sim_1/behav/xsim'
"xelab --incr --debug typical --relax --mt 2 -L xil_defaultlib -L unisims_ver -L unimacro_ver -L secureip --snapshot tb_behav xil_defaultlib.tb xil_defaultlib.glbl -log elaborate.log"
Vivado Simulator v2022.2
Copyright 1986-1999, 2001-2022 Xilinx, Inc. All Rights Reserved.
Running: D:/Xilinx/Vivado/2022.2/bin/unwrapped/win64.o/xelab.exe --incr --debug typical --relax --mt 2 -L xil_defaultlib -L unisims_ver -L unimacro_ver -L secureip --snapshot tb_behav xil_defaultlib.tb xil_defaultlib.glbl -log elaborate.log 
Using 2 slave threads.
Starting static elaboration
Pass Through NonSizing Optimizer
Completed static elaboration
Starting simulation data flow analysis
Completed simulation data flow analysis
Time Resolution for simulation is 1ps
Compiling module xil_defaultlib.spi_master_mode0(CLK_DIV=5000)
Compiling module xil_defaultlib.w25q64_controller(CLK_DIV=5000)
Compiling module xil_defaultlib.tb
Compiling module xil_defaultlib.glbl
Built simulation snapshot tb_behav
INFO: [USF-XSim-69] 'elaborate' step finished in '2' seconds
Time resolution is 1 ps
relaunch_sim: Time (s): cpu = 00:00:00 ; elapsed = 00:00:06 . Memory (MB): peak = 1252.102 ; gain = 0.000
run 50000 ns
relaunch_sim
Command: launch_simulation -step compile -simset sim_1 -mode behavioral
INFO: [Vivado 12-12493] Simulation top is 'tb'
WARNING: [Vivado 12-13340] Unable to auto find GCC executables from simulator install path! (path not set)
WARNING: [Vivado 12-13277] Compiled library path does not exist: ''
INFO: [Vivado 12-5682] Launching behavioral simulation in 'D:/FPGA/Vivaldo Project/INTERFACE/SPI/05_w25q64_controller/Vivado/05_w25q64_controller.sim/sim_1/behav/xsim'
INFO: [SIM-utils-51] Simulation object is 'sim_1'
INFO: [USF-XSim-2] XSim::Compile design
INFO: [USF-XSim-61] Executing 'COMPILE and ANALYZE' step in 'D:/FPGA/Vivaldo Project/INTERFACE/SPI/05_w25q64_controller/Vivado/05_w25q64_controller.sim/sim_1/behav/xsim'
"xvlog --incr --relax -prj tb_vlog.prj"
INFO: [VRFC 10-2263] Analyzing Verilog file "D:/FPGA/Vivaldo Project/INTERFACE/SPI/05_w25q64_controller/Vivado/05_w25q64_controller.srcs/sources_1/new/spi_master_mode0.v" into library xil_defaultlib
INFO: [VRFC 10-311] analyzing module spi_master_mode0
INFO: [VRFC 10-2263] Analyzing Verilog file "D:/FPGA/Vivaldo Project/INTERFACE/SPI/05_w25q64_controller/Vivado/05_w25q64_controller.srcs/sources_1/new/w25q64_controller.v" into library xil_defaultlib
INFO: [VRFC 10-311] analyzing module w25q64_controller
INFO: [VRFC 10-2263] Analyzing Verilog file "D:/FPGA/Vivaldo Project/INTERFACE/SPI/05_w25q64_controller/Vivado/05_w25q64_controller.srcs/sim_1/new/tb.v" into library xil_defaultlib
INFO: [VRFC 10-311] analyzing module tb
INFO: [USF-XSim-69] 'compile' step finished in '2' seconds
Command: launch_simulation -step elaborate -simset sim_1 -mode behavioral
INFO: [Vivado 12-12493] Simulation top is 'tb'
WARNING: [Vivado 12-13340] Unable to auto find GCC executables from simulator install path! (path not set)
WARNING: [Vivado 12-13277] Compiled library path does not exist: ''
INFO: [Vivado 12-5682] Launching behavioral simulation in 'D:/FPGA/Vivaldo Project/INTERFACE/SPI/05_w25q64_controller/Vivado/05_w25q64_controller.sim/sim_1/behav/xsim'
INFO: [SIM-utils-51] Simulation object is 'sim_1'
INFO: [USF-XSim-3] XSim::Elaborate design
INFO: [USF-XSim-61] Executing 'ELABORATE' step in 'D:/FPGA/Vivaldo Project/INTERFACE/SPI/05_w25q64_controller/Vivado/05_w25q64_controller.sim/sim_1/behav/xsim'
"xelab --incr --debug typical --relax --mt 2 -L xil_defaultlib -L unisims_ver -L unimacro_ver -L secureip --snapshot tb_behav xil_defaultlib.tb xil_defaultlib.glbl -log elaborate.log"
Vivado Simulator v2022.2
Copyright 1986-1999, 2001-2022 Xilinx, Inc. All Rights Reserved.
Running: D:/Xilinx/Vivado/2022.2/bin/unwrapped/win64.o/xelab.exe --incr --debug typical --relax --mt 2 -L xil_defaultlib -L unisims_ver -L unimacro_ver -L secureip --snapshot tb_behav xil_defaultlib.tb xil_defaultlib.glbl -log elaborate.log 
Using 2 slave threads.
Starting static elaboration
Pass Through NonSizing Optimizer
Completed static elaboration
Starting simulation data flow analysis
Completed simulation data flow analysis
Time Resolution for simulation is 1ps
Compiling module xil_defaultlib.spi_master_mode0
Compiling module xil_defaultlib.w25q64_controller(CLK_DIV=50)
Compiling module xil_defaultlib.tb
Compiling module xil_defaultlib.glbl
Built simulation snapshot tb_behav
INFO: [USF-XSim-69] 'elaborate' step finished in '2' seconds
Time resolution is 1 ps
relaunch_sim: Time (s): cpu = 00:00:01 ; elapsed = 00:00:06 . Memory (MB): peak = 1252.102 ; gain = 0.000
run 50000 ns
relaunch_sim
Command: launch_simulation -step compile -simset sim_1 -mode behavioral
INFO: [Vivado 12-12493] Simulation top is 'tb'
WARNING: [Vivado 12-13340] Unable to auto find GCC executables from simulator install path! (path not set)
WARNING: [Vivado 12-13277] Compiled library path does not exist: ''
INFO: [Vivado 12-5682] Launching behavioral simulation in 'D:/FPGA/Vivaldo Project/INTERFACE/SPI/05_w25q64_controller/Vivado/05_w25q64_controller.sim/sim_1/behav/xsim'
INFO: [SIM-utils-51] Simulation object is 'sim_1'
INFO: [USF-XSim-2] XSim::Compile design
INFO: [USF-XSim-61] Executing 'COMPILE and ANALYZE' step in 'D:/FPGA/Vivaldo Project/INTERFACE/SPI/05_w25q64_controller/Vivado/05_w25q64_controller.sim/sim_1/behav/xsim'
"xvlog --incr --relax -prj tb_vlog.prj"
INFO: [VRFC 10-2263] Analyzing Verilog file "D:/FPGA/Vivaldo Project/INTERFACE/SPI/05_w25q64_controller/Vivado/05_w25q64_controller.srcs/sources_1/new/spi_master_mode0.v" into library xil_defaultlib
INFO: [VRFC 10-311] analyzing module spi_master_mode0
INFO: [VRFC 10-2263] Analyzing Verilog file "D:/FPGA/Vivaldo Project/INTERFACE/SPI/05_w25q64_controller/Vivado/05_w25q64_controller.srcs/sources_1/new/w25q64_controller.v" into library xil_defaultlib
INFO: [VRFC 10-311] analyzing module w25q64_controller
INFO: [VRFC 10-2263] Analyzing Verilog file "D:/FPGA/Vivaldo Project/INTERFACE/SPI/05_w25q64_controller/Vivado/05_w25q64_controller.srcs/sim_1/new/tb.v" into library xil_defaultlib
INFO: [VRFC 10-311] analyzing module tb
INFO: [USF-XSim-69] 'compile' step finished in '1' seconds
Command: launch_simulation -step elaborate -simset sim_1 -mode behavioral
INFO: [Vivado 12-12493] Simulation top is 'tb'
WARNING: [Vivado 12-13340] Unable to auto find GCC executables from simulator install path! (path not set)
WARNING: [Vivado 12-13277] Compiled library path does not exist: ''
INFO: [Vivado 12-5682] Launching behavioral simulation in 'D:/FPGA/Vivaldo Project/INTERFACE/SPI/05_w25q64_controller/Vivado/05_w25q64_controller.sim/sim_1/behav/xsim'
INFO: [SIM-utils-51] Simulation object is 'sim_1'
INFO: [USF-XSim-3] XSim::Elaborate design
INFO: [USF-XSim-61] Executing 'ELABORATE' step in 'D:/FPGA/Vivaldo Project/INTERFACE/SPI/05_w25q64_controller/Vivado/05_w25q64_controller.sim/sim_1/behav/xsim'
"xelab --incr --debug typical --relax --mt 2 -L xil_defaultlib -L unisims_ver -L unimacro_ver -L secureip --snapshot tb_behav xil_defaultlib.tb xil_defaultlib.glbl -log elaborate.log"
Vivado Simulator v2022.2
Copyright 1986-1999, 2001-2022 Xilinx, Inc. All Rights Reserved.
Running: D:/Xilinx/Vivado/2022.2/bin/unwrapped/win64.o/xelab.exe --incr --debug typical --relax --mt 2 -L xil_defaultlib -L unisims_ver -L unimacro_ver -L secureip --snapshot tb_behav xil_defaultlib.tb xil_defaultlib.glbl -log elaborate.log 
Using 2 slave threads.
Starting static elaboration
Pass Through NonSizing Optimizer
Completed static elaboration
Starting simulation data flow analysis
Completed simulation data flow analysis
Time Resolution for simulation is 1ps
Compiling module xil_defaultlib.spi_master_mode0
Compiling module xil_defaultlib.w25q64_controller(CLK_DIV=50)
Compiling module xil_defaultlib.tb
Compiling module xil_defaultlib.glbl
Built simulation snapshot tb_behav
INFO: [USF-XSim-69] 'elaborate' step finished in '2' seconds
Time resolution is 1 ps
relaunch_sim: Time (s): cpu = 00:00:01 ; elapsed = 00:00:06 . Memory (MB): peak = 1252.102 ; gain = 0.000
run 50000 ns
relaunch_sim
Command: launch_simulation -step compile -simset sim_1 -mode behavioral
INFO: [Vivado 12-12493] Simulation top is 'tb'
WARNING: [Vivado 12-13340] Unable to auto find GCC executables from simulator install path! (path not set)
WARNING: [Vivado 12-13277] Compiled library path does not exist: ''
INFO: [Vivado 12-5682] Launching behavioral simulation in 'D:/FPGA/Vivaldo Project/INTERFACE/SPI/05_w25q64_controller/Vivado/05_w25q64_controller.sim/sim_1/behav/xsim'
INFO: [SIM-utils-51] Simulation object is 'sim_1'
INFO: [USF-XSim-2] XSim::Compile design
INFO: [USF-XSim-61] Executing 'COMPILE and ANALYZE' step in 'D:/FPGA/Vivaldo Project/INTERFACE/SPI/05_w25q64_controller/Vivado/05_w25q64_controller.sim/sim_1/behav/xsim'
"xvlog --incr --relax -prj tb_vlog.prj"
INFO: [VRFC 10-2263] Analyzing Verilog file "D:/FPGA/Vivaldo Project/INTERFACE/SPI/05_w25q64_controller/Vivado/05_w25q64_controller.srcs/sources_1/new/spi_master_mode0.v" into library xil_defaultlib
INFO: [VRFC 10-311] analyzing module spi_master_mode0
INFO: [VRFC 10-2263] Analyzing Verilog file "D:/FPGA/Vivaldo Project/INTERFACE/SPI/05_w25q64_controller/Vivado/05_w25q64_controller.srcs/sources_1/new/w25q64_controller.v" into library xil_defaultlib
INFO: [VRFC 10-311] analyzing module w25q64_controller
INFO: [VRFC 10-2263] Analyzing Verilog file "D:/FPGA/Vivaldo Project/INTERFACE/SPI/05_w25q64_controller/Vivado/05_w25q64_controller.srcs/sim_1/new/tb.v" into library xil_defaultlib
INFO: [VRFC 10-311] analyzing module tb
INFO: [USF-XSim-69] 'compile' step finished in '2' seconds
Command: launch_simulation -step elaborate -simset sim_1 -mode behavioral
INFO: [Vivado 12-12493] Simulation top is 'tb'
WARNING: [Vivado 12-13340] Unable to auto find GCC executables from simulator install path! (path not set)
WARNING: [Vivado 12-13277] Compiled library path does not exist: ''
INFO: [Vivado 12-5682] Launching behavioral simulation in 'D:/FPGA/Vivaldo Project/INTERFACE/SPI/05_w25q64_controller/Vivado/05_w25q64_controller.sim/sim_1/behav/xsim'
INFO: [SIM-utils-51] Simulation object is 'sim_1'
INFO: [USF-XSim-3] XSim::Elaborate design
INFO: [USF-XSim-61] Executing 'ELABORATE' step in 'D:/FPGA/Vivaldo Project/INTERFACE/SPI/05_w25q64_controller/Vivado/05_w25q64_controller.sim/sim_1/behav/xsim'
"xelab --incr --debug typical --relax --mt 2 -L xil_defaultlib -L unisims_ver -L unimacro_ver -L secureip --snapshot tb_behav xil_defaultlib.tb xil_defaultlib.glbl -log elaborate.log"
Vivado Simulator v2022.2
Copyright 1986-1999, 2001-2022 Xilinx, Inc. All Rights Reserved.
Running: D:/Xilinx/Vivado/2022.2/bin/unwrapped/win64.o/xelab.exe --incr --debug typical --relax --mt 2 -L xil_defaultlib -L unisims_ver -L unimacro_ver -L secureip --snapshot tb_behav xil_defaultlib.tb xil_defaultlib.glbl -log elaborate.log 
Using 2 slave threads.
Starting static elaboration
Pass Through NonSizing Optimizer
Completed static elaboration
Starting simulation data flow analysis
Completed simulation data flow analysis
Time Resolution for simulation is 1ps
Compiling module xil_defaultlib.spi_master_mode0
Compiling module xil_defaultlib.w25q64_controller(CLK_DIV=50)
Compiling module xil_defaultlib.tb
Compiling module xil_defaultlib.glbl
Built simulation snapshot tb_behav
INFO: [USF-XSim-69] 'elaborate' step finished in '2' seconds
Time resolution is 1 ps
relaunch_sim: Time (s): cpu = 00:00:01 ; elapsed = 00:00:06 . Memory (MB): peak = 1252.102 ; gain = 0.000
run 50000 ns
relaunch_sim
Command: launch_simulation -step compile -simset sim_1 -mode behavioral
INFO: [Vivado 12-12493] Simulation top is 'tb'
WARNING: [Vivado 12-13340] Unable to auto find GCC executables from simulator install path! (path not set)
WARNING: [Vivado 12-13277] Compiled library path does not exist: ''
INFO: [Vivado 12-5682] Launching behavioral simulation in 'D:/FPGA/Vivaldo Project/INTERFACE/SPI/05_w25q64_controller/Vivado/05_w25q64_controller.sim/sim_1/behav/xsim'
INFO: [SIM-utils-51] Simulation object is 'sim_1'
INFO: [USF-XSim-2] XSim::Compile design
INFO: [USF-XSim-61] Executing 'COMPILE and ANALYZE' step in 'D:/FPGA/Vivaldo Project/INTERFACE/SPI/05_w25q64_controller/Vivado/05_w25q64_controller.sim/sim_1/behav/xsim'
"xvlog --incr --relax -prj tb_vlog.prj"
INFO: [VRFC 10-2263] Analyzing Verilog file "D:/FPGA/Vivaldo Project/INTERFACE/SPI/05_w25q64_controller/Vivado/05_w25q64_controller.srcs/sources_1/new/spi_master_mode0.v" into library xil_defaultlib
INFO: [VRFC 10-311] analyzing module spi_master_mode0
INFO: [VRFC 10-2263] Analyzing Verilog file "D:/FPGA/Vivaldo Project/INTERFACE/SPI/05_w25q64_controller/Vivado/05_w25q64_controller.srcs/sources_1/new/w25q64_controller.v" into library xil_defaultlib
INFO: [VRFC 10-311] analyzing module w25q64_controller
INFO: [VRFC 10-2263] Analyzing Verilog file "D:/FPGA/Vivaldo Project/INTERFACE/SPI/05_w25q64_controller/Vivado/05_w25q64_controller.srcs/sim_1/new/tb.v" into library xil_defaultlib
INFO: [VRFC 10-311] analyzing module tb
INFO: [USF-XSim-69] 'compile' step finished in '2' seconds
Command: launch_simulation -step elaborate -simset sim_1 -mode behavioral
INFO: [Vivado 12-12493] Simulation top is 'tb'
WARNING: [Vivado 12-13340] Unable to auto find GCC executables from simulator install path! (path not set)
WARNING: [Vivado 12-13277] Compiled library path does not exist: ''
INFO: [Vivado 12-5682] Launching behavioral simulation in 'D:/FPGA/Vivaldo Project/INTERFACE/SPI/05_w25q64_controller/Vivado/05_w25q64_controller.sim/sim_1/behav/xsim'
INFO: [SIM-utils-51] Simulation object is 'sim_1'
INFO: [USF-XSim-3] XSim::Elaborate design
INFO: [USF-XSim-61] Executing 'ELABORATE' step in 'D:/FPGA/Vivaldo Project/INTERFACE/SPI/05_w25q64_controller/Vivado/05_w25q64_controller.sim/sim_1/behav/xsim'
"xelab --incr --debug typical --relax --mt 2 -L xil_defaultlib -L unisims_ver -L unimacro_ver -L secureip --snapshot tb_behav xil_defaultlib.tb xil_defaultlib.glbl -log elaborate.log"
Vivado Simulator v2022.2
Copyright 1986-1999, 2001-2022 Xilinx, Inc. All Rights Reserved.
Running: D:/Xilinx/Vivado/2022.2/bin/unwrapped/win64.o/xelab.exe --incr --debug typical --relax --mt 2 -L xil_defaultlib -L unisims_ver -L unimacro_ver -L secureip --snapshot tb_behav xil_defaultlib.tb xil_defaultlib.glbl -log elaborate.log 
Using 2 slave threads.
Starting static elaboration
Pass Through NonSizing Optimizer
Completed static elaboration
Starting simulation data flow analysis
Completed simulation data flow analysis
Time Resolution for simulation is 1ps
Compiling module xil_defaultlib.spi_master_mode0
Compiling module xil_defaultlib.w25q64_controller(CLK_DIV=50)
Compiling module xil_defaultlib.tb
Compiling module xil_defaultlib.glbl
Built simulation snapshot tb_behav
INFO: [USF-XSim-69] 'elaborate' step finished in '2' seconds
Time resolution is 1 ps
relaunch_sim: Time (s): cpu = 00:00:00 ; elapsed = 00:00:07 . Memory (MB): peak = 1253.395 ; gain = 1.293
relaunch_sim
Command: launch_simulation -step compile -simset sim_1 -mode behavioral
INFO: [Vivado 12-12493] Simulation top is 'tb'
WARNING: [Vivado 12-13340] Unable to auto find GCC executables from simulator install path! (path not set)
WARNING: [Vivado 12-13277] Compiled library path does not exist: ''
INFO: [Vivado 12-5682] Launching behavioral simulation in 'D:/FPGA/Vivaldo Project/INTERFACE/SPI/05_w25q64_controller/Vivado/05_w25q64_controller.sim/sim_1/behav/xsim'
INFO: [SIM-utils-51] Simulation object is 'sim_1'
INFO: [USF-XSim-2] XSim::Compile design
INFO: [USF-XSim-61] Executing 'COMPILE and ANALYZE' step in 'D:/FPGA/Vivaldo Project/INTERFACE/SPI/05_w25q64_controller/Vivado/05_w25q64_controller.sim/sim_1/behav/xsim'
"xvlog --incr --relax -prj tb_vlog.prj"
INFO: [VRFC 10-2263] Analyzing Verilog file "D:/FPGA/Vivaldo Project/INTERFACE/SPI/05_w25q64_controller/Vivado/05_w25q64_controller.srcs/sources_1/new/spi_master_mode0.v" into library xil_defaultlib
INFO: [VRFC 10-311] analyzing module spi_master_mode0
INFO: [VRFC 10-2263] Analyzing Verilog file "D:/FPGA/Vivaldo Project/INTERFACE/SPI/05_w25q64_controller/Vivado/05_w25q64_controller.srcs/sources_1/new/w25q64_controller.v" into library xil_defaultlib
INFO: [VRFC 10-311] analyzing module w25q64_controller
INFO: [VRFC 10-2263] Analyzing Verilog file "D:/FPGA/Vivaldo Project/INTERFACE/SPI/05_w25q64_controller/Vivado/05_w25q64_controller.srcs/sim_1/new/tb.v" into library xil_defaultlib
INFO: [VRFC 10-311] analyzing module tb
INFO: [USF-XSim-69] 'compile' step finished in '2' seconds
Command: launch_simulation -step elaborate -simset sim_1 -mode behavioral
INFO: [Vivado 12-12493] Simulation top is 'tb'
WARNING: [Vivado 12-13340] Unable to auto find GCC executables from simulator install path! (path not set)
WARNING: [Vivado 12-13277] Compiled library path does not exist: ''
INFO: [Vivado 12-5682] Launching behavioral simulation in 'D:/FPGA/Vivaldo Project/INTERFACE/SPI/05_w25q64_controller/Vivado/05_w25q64_controller.sim/sim_1/behav/xsim'
INFO: [SIM-utils-51] Simulation object is 'sim_1'
INFO: [USF-XSim-3] XSim::Elaborate design
INFO: [USF-XSim-61] Executing 'ELABORATE' step in 'D:/FPGA/Vivaldo Project/INTERFACE/SPI/05_w25q64_controller/Vivado/05_w25q64_controller.sim/sim_1/behav/xsim'
"xelab --incr --debug typical --relax --mt 2 -L xil_defaultlib -L unisims_ver -L unimacro_ver -L secureip --snapshot tb_behav xil_defaultlib.tb xil_defaultlib.glbl -log elaborate.log"
Vivado Simulator v2022.2
Copyright 1986-1999, 2001-2022 Xilinx, Inc. All Rights Reserved.
Running: D:/Xilinx/Vivado/2022.2/bin/unwrapped/win64.o/xelab.exe --incr --debug typical --relax --mt 2 -L xil_defaultlib -L unisims_ver -L unimacro_ver -L secureip --snapshot tb_behav xil_defaultlib.tb xil_defaultlib.glbl -log elaborate.log 
Using 2 slave threads.
Starting static elaboration
Pass Through NonSizing Optimizer
Completed static elaboration
Starting simulation data flow analysis
Completed simulation data flow analysis
Time Resolution for simulation is 1ps
Compiling module xil_defaultlib.spi_master_mode0
Compiling module xil_defaultlib.w25q64_controller(CLK_DIV=50)
Compiling module xil_defaultlib.tb
Compiling module xil_defaultlib.glbl
Built simulation snapshot tb_behav
INFO: [USF-XSim-69] 'elaborate' step finished in '2' seconds
Time resolution is 1 ps
relaunch_sim: Time (s): cpu = 00:00:01 ; elapsed = 00:00:06 . Memory (MB): peak = 1253.395 ; gain = 0.000
relaunch_sim
Command: launch_simulation -step compile -simset sim_1 -mode behavioral
INFO: [Vivado 12-12493] Simulation top is 'tb'
WARNING: [Vivado 12-13340] Unable to auto find GCC executables from simulator install path! (path not set)
WARNING: [Vivado 12-13277] Compiled library path does not exist: ''
INFO: [Vivado 12-5682] Launching behavioral simulation in 'D:/FPGA/Vivaldo Project/INTERFACE/SPI/05_w25q64_controller/Vivado/05_w25q64_controller.sim/sim_1/behav/xsim'
INFO: [SIM-utils-51] Simulation object is 'sim_1'
INFO: [USF-XSim-2] XSim::Compile design
INFO: [USF-XSim-61] Executing 'COMPILE and ANALYZE' step in 'D:/FPGA/Vivaldo Project/INTERFACE/SPI/05_w25q64_controller/Vivado/05_w25q64_controller.sim/sim_1/behav/xsim'
"xvlog --incr --relax -prj tb_vlog.prj"
INFO: [VRFC 10-2263] Analyzing Verilog file "D:/FPGA/Vivaldo Project/INTERFACE/SPI/05_w25q64_controller/Vivado/05_w25q64_controller.srcs/sources_1/new/spi_master_mode0.v" into library xil_defaultlib
INFO: [VRFC 10-311] analyzing module spi_master_mode0
INFO: [VRFC 10-2263] Analyzing Verilog file "D:/FPGA/Vivaldo Project/INTERFACE/SPI/05_w25q64_controller/Vivado/05_w25q64_controller.srcs/sources_1/new/w25q64_controller.v" into library xil_defaultlib
INFO: [VRFC 10-311] analyzing module w25q64_controller
INFO: [VRFC 10-2263] Analyzing Verilog file "D:/FPGA/Vivaldo Project/INTERFACE/SPI/05_w25q64_controller/Vivado/05_w25q64_controller.srcs/sim_1/new/tb.v" into library xil_defaultlib
INFO: [VRFC 10-311] analyzing module tb
INFO: [USF-XSim-69] 'compile' step finished in '2' seconds
Command: launch_simulation -step elaborate -simset sim_1 -mode behavioral
INFO: [Vivado 12-12493] Simulation top is 'tb'
WARNING: [Vivado 12-13340] Unable to auto find GCC executables from simulator install path! (path not set)
WARNING: [Vivado 12-13277] Compiled library path does not exist: ''
INFO: [Vivado 12-5682] Launching behavioral simulation in 'D:/FPGA/Vivaldo Project/INTERFACE/SPI/05_w25q64_controller/Vivado/05_w25q64_controller.sim/sim_1/behav/xsim'
INFO: [SIM-utils-51] Simulation object is 'sim_1'
INFO: [USF-XSim-3] XSim::Elaborate design
INFO: [USF-XSim-61] Executing 'ELABORATE' step in 'D:/FPGA/Vivaldo Project/INTERFACE/SPI/05_w25q64_controller/Vivado/05_w25q64_controller.sim/sim_1/behav/xsim'
"xelab --incr --debug typical --relax --mt 2 -L xil_defaultlib -L unisims_ver -L unimacro_ver -L secureip --snapshot tb_behav xil_defaultlib.tb xil_defaultlib.glbl -log elaborate.log"
Vivado Simulator v2022.2
Copyright 1986-1999, 2001-2022 Xilinx, Inc. All Rights Reserved.
Running: D:/Xilinx/Vivado/2022.2/bin/unwrapped/win64.o/xelab.exe --incr --debug typical --relax --mt 2 -L xil_defaultlib -L unisims_ver -L unimacro_ver -L secureip --snapshot tb_behav xil_defaultlib.tb xil_defaultlib.glbl -log elaborate.log 
Using 2 slave threads.
Starting static elaboration
Pass Through NonSizing Optimizer
Completed static elaboration
Starting simulation data flow analysis
Completed simulation data flow analysis
Time Resolution for simulation is 1ps
Compiling module xil_defaultlib.spi_master_mode0
Compiling module xil_defaultlib.w25q64_controller(CLK_DIV=50)
Compiling module xil_defaultlib.tb
Compiling module xil_defaultlib.glbl
Built simulation snapshot tb_behav
INFO: [USF-XSim-69] 'elaborate' step finished in '2' seconds
Time resolution is 1 ps
relaunch_sim: Time (s): cpu = 00:00:01 ; elapsed = 00:00:07 . Memory (MB): peak = 1253.395 ; gain = 0.000
relaunch_sim
Command: launch_simulation -step compile -simset sim_1 -mode behavioral
INFO: [Vivado 12-12493] Simulation top is 'tb'
WARNING: [Vivado 12-13340] Unable to auto find GCC executables from simulator install path! (path not set)
WARNING: [Vivado 12-13277] Compiled library path does not exist: ''
INFO: [Vivado 12-5682] Launching behavioral simulation in 'D:/FPGA/Vivaldo Project/INTERFACE/SPI/05_w25q64_controller/Vivado/05_w25q64_controller.sim/sim_1/behav/xsim'
INFO: [SIM-utils-51] Simulation object is 'sim_1'
INFO: [USF-XSim-2] XSim::Compile design
INFO: [USF-XSim-61] Executing 'COMPILE and ANALYZE' step in 'D:/FPGA/Vivaldo Project/INTERFACE/SPI/05_w25q64_controller/Vivado/05_w25q64_controller.sim/sim_1/behav/xsim'
"xvlog --incr --relax -prj tb_vlog.prj"
INFO: [VRFC 10-2263] Analyzing Verilog file "D:/FPGA/Vivaldo Project/INTERFACE/SPI/05_w25q64_controller/Vivado/05_w25q64_controller.srcs/sources_1/new/spi_master_mode0.v" into library xil_defaultlib
INFO: [VRFC 10-311] analyzing module spi_master_mode0
INFO: [VRFC 10-2263] Analyzing Verilog file "D:/FPGA/Vivaldo Project/INTERFACE/SPI/05_w25q64_controller/Vivado/05_w25q64_controller.srcs/sources_1/new/w25q64_controller.v" into library xil_defaultlib
INFO: [VRFC 10-311] analyzing module w25q64_controller
INFO: [VRFC 10-2263] Analyzing Verilog file "D:/FPGA/Vivaldo Project/INTERFACE/SPI/05_w25q64_controller/Vivado/05_w25q64_controller.srcs/sim_1/new/tb.v" into library xil_defaultlib
INFO: [VRFC 10-311] analyzing module tb
INFO: [USF-XSim-69] 'compile' step finished in '1' seconds
Command: launch_simulation -step elaborate -simset sim_1 -mode behavioral
INFO: [Vivado 12-12493] Simulation top is 'tb'
WARNING: [Vivado 12-13340] Unable to auto find GCC executables from simulator install path! (path not set)
WARNING: [Vivado 12-13277] Compiled library path does not exist: ''
INFO: [Vivado 12-5682] Launching behavioral simulation in 'D:/FPGA/Vivaldo Project/INTERFACE/SPI/05_w25q64_controller/Vivado/05_w25q64_controller.sim/sim_1/behav/xsim'
INFO: [SIM-utils-51] Simulation object is 'sim_1'
INFO: [USF-XSim-3] XSim::Elaborate design
INFO: [USF-XSim-61] Executing 'ELABORATE' step in 'D:/FPGA/Vivaldo Project/INTERFACE/SPI/05_w25q64_controller/Vivado/05_w25q64_controller.sim/sim_1/behav/xsim'
"xelab --incr --debug typical --relax --mt 2 -L xil_defaultlib -L unisims_ver -L unimacro_ver -L secureip --snapshot tb_behav xil_defaultlib.tb xil_defaultlib.glbl -log elaborate.log"
Vivado Simulator v2022.2
Copyright 1986-1999, 2001-2022 Xilinx, Inc. All Rights Reserved.
Running: D:/Xilinx/Vivado/2022.2/bin/unwrapped/win64.o/xelab.exe --incr --debug typical --relax --mt 2 -L xil_defaultlib -L unisims_ver -L unimacro_ver -L secureip --snapshot tb_behav xil_defaultlib.tb xil_defaultlib.glbl -log elaborate.log 
Using 2 slave threads.
Starting static elaboration
Pass Through NonSizing Optimizer
Completed static elaboration
Starting simulation data flow analysis
Completed simulation data flow analysis
Time Resolution for simulation is 1ps
Compiling module xil_defaultlib.spi_master_mode0
Compiling module xil_defaultlib.w25q64_controller(CLK_DIV=50)
Compiling module xil_defaultlib.tb
Compiling module xil_defaultlib.glbl
Built simulation snapshot tb_behav
INFO: [USF-XSim-69] 'elaborate' step finished in '3' seconds
Time resolution is 1 ps
relaunch_sim: Time (s): cpu = 00:00:01 ; elapsed = 00:00:06 . Memory (MB): peak = 1253.395 ; gain = 0.000
update_compile_order -fileset sources_1
update_compile_order -fileset sources_1
relaunch_sim
Command: launch_simulation -step compile -simset sim_1 -mode behavioral
INFO: [Vivado 12-12493] Simulation top is 'tb'
WARNING: [Vivado 12-13340] Unable to auto find GCC executables from simulator install path! (path not set)
WARNING: [Vivado 12-13277] Compiled library path does not exist: ''
INFO: [Vivado 12-5682] Launching behavioral simulation in 'D:/FPGA/Vivaldo Project/INTERFACE/SPI/05_w25q64_controller/Vivado/05_w25q64_controller.sim/sim_1/behav/xsim'
INFO: [SIM-utils-51] Simulation object is 'sim_1'
INFO: [USF-XSim-2] XSim::Compile design
INFO: [USF-XSim-61] Executing 'COMPILE and ANALYZE' step in 'D:/FPGA/Vivaldo Project/INTERFACE/SPI/05_w25q64_controller/Vivado/05_w25q64_controller.sim/sim_1/behav/xsim'
"xvlog --incr --relax -prj tb_vlog.prj"
INFO: [VRFC 10-2263] Analyzing Verilog file "D:/FPGA/Vivaldo Project/INTERFACE/SPI/05_w25q64_controller/Vivado/05_w25q64_controller.srcs/sources_1/new/spi_master_mode0.v" into library xil_defaultlib
INFO: [VRFC 10-311] analyzing module spi_master_mode0
INFO: [VRFC 10-2263] Analyzing Verilog file "D:/FPGA/Vivaldo Project/INTERFACE/SPI/05_w25q64_controller/Vivado/05_w25q64_controller.srcs/sources_1/new/w25q64_controller.v" into library xil_defaultlib
INFO: [VRFC 10-311] analyzing module w25q64_controller
INFO: [VRFC 10-2263] Analyzing Verilog file "D:/FPGA/Vivaldo Project/INTERFACE/SPI/05_w25q64_controller/Vivado/05_w25q64_controller.srcs/sim_1/new/tb.v" into library xil_defaultlib
INFO: [VRFC 10-311] analyzing module tb
INFO: [USF-XSim-69] 'compile' step finished in '2' seconds
Command: launch_simulation -step elaborate -simset sim_1 -mode behavioral
INFO: [Vivado 12-12493] Simulation top is 'tb'
WARNING: [Vivado 12-13340] Unable to auto find GCC executables from simulator install path! (path not set)
WARNING: [Vivado 12-13277] Compiled library path does not exist: ''
INFO: [Vivado 12-5682] Launching behavioral simulation in 'D:/FPGA/Vivaldo Project/INTERFACE/SPI/05_w25q64_controller/Vivado/05_w25q64_controller.sim/sim_1/behav/xsim'
INFO: [SIM-utils-51] Simulation object is 'sim_1'
INFO: [USF-XSim-3] XSim::Elaborate design
INFO: [USF-XSim-61] Executing 'ELABORATE' step in 'D:/FPGA/Vivaldo Project/INTERFACE/SPI/05_w25q64_controller/Vivado/05_w25q64_controller.sim/sim_1/behav/xsim'
"xelab --incr --debug typical --relax --mt 2 -L xil_defaultlib -L unisims_ver -L unimacro_ver -L secureip --snapshot tb_behav xil_defaultlib.tb xil_defaultlib.glbl -log elaborate.log"
Vivado Simulator v2022.2
Copyright 1986-1999, 2001-2022 Xilinx, Inc. All Rights Reserved.
Running: D:/Xilinx/Vivado/2022.2/bin/unwrapped/win64.o/xelab.exe --incr --debug typical --relax --mt 2 -L xil_defaultlib -L unisims_ver -L unimacro_ver -L secureip --snapshot tb_behav xil_defaultlib.tb xil_defaultlib.glbl -log elaborate.log 
Using 2 slave threads.
Starting static elaboration
Pass Through NonSizing Optimizer
Completed static elaboration
Starting simulation data flow analysis
Completed simulation data flow analysis
Time Resolution for simulation is 1ps
Compiling module xil_defaultlib.spi_master_mode0
Compiling module xil_defaultlib.w25q64_controller(CLK_DIV=50)
Compiling module xil_defaultlib.tb
Compiling module xil_defaultlib.glbl
Built simulation snapshot tb_behav
INFO: [USF-XSim-69] 'elaborate' step finished in '2' seconds
Time resolution is 1 ps
relaunch_sim: Time (s): cpu = 00:00:01 ; elapsed = 00:00:06 . Memory (MB): peak = 1253.395 ; gain = 0.000
run 50000 ns
relaunch_sim
Command: launch_simulation -step compile -simset sim_1 -mode behavioral
INFO: [Vivado 12-12493] Simulation top is 'tb'
WARNING: [Vivado 12-13340] Unable to auto find GCC executables from simulator install path! (path not set)
WARNING: [Vivado 12-13277] Compiled library path does not exist: ''
INFO: [Vivado 12-5682] Launching behavioral simulation in 'D:/FPGA/Vivaldo Project/INTERFACE/SPI/05_w25q64_controller/Vivado/05_w25q64_controller.sim/sim_1/behav/xsim'
INFO: [SIM-utils-51] Simulation object is 'sim_1'
INFO: [USF-XSim-2] XSim::Compile design
INFO: [USF-XSim-61] Executing 'COMPILE and ANALYZE' step in 'D:/FPGA/Vivaldo Project/INTERFACE/SPI/05_w25q64_controller/Vivado/05_w25q64_controller.sim/sim_1/behav/xsim'
"xvlog --incr --relax -prj tb_vlog.prj"
INFO: [VRFC 10-2263] Analyzing Verilog file "D:/FPGA/Vivaldo Project/INTERFACE/SPI/05_w25q64_controller/Vivado/05_w25q64_controller.srcs/sources_1/new/spi_master_mode0.v" into library xil_defaultlib
INFO: [VRFC 10-311] analyzing module spi_master_mode0
INFO: [VRFC 10-2263] Analyzing Verilog file "D:/FPGA/Vivaldo Project/INTERFACE/SPI/05_w25q64_controller/Vivado/05_w25q64_controller.srcs/sources_1/new/w25q64_controller.v" into library xil_defaultlib
INFO: [VRFC 10-311] analyzing module w25q64_controller
INFO: [VRFC 10-2263] Analyzing Verilog file "D:/FPGA/Vivaldo Project/INTERFACE/SPI/05_w25q64_controller/Vivado/05_w25q64_controller.srcs/sim_1/new/tb.v" into library xil_defaultlib
INFO: [VRFC 10-311] analyzing module tb
INFO: [USF-XSim-69] 'compile' step finished in '2' seconds
Command: launch_simulation -step elaborate -simset sim_1 -mode behavioral
INFO: [Vivado 12-12493] Simulation top is 'tb'
WARNING: [Vivado 12-13340] Unable to auto find GCC executables from simulator install path! (path not set)
WARNING: [Vivado 12-13277] Compiled library path does not exist: ''
INFO: [Vivado 12-5682] Launching behavioral simulation in 'D:/FPGA/Vivaldo Project/INTERFACE/SPI/05_w25q64_controller/Vivado/05_w25q64_controller.sim/sim_1/behav/xsim'
INFO: [SIM-utils-51] Simulation object is 'sim_1'
INFO: [USF-XSim-3] XSim::Elaborate design
INFO: [USF-XSim-61] Executing 'ELABORATE' step in 'D:/FPGA/Vivaldo Project/INTERFACE/SPI/05_w25q64_controller/Vivado/05_w25q64_controller.sim/sim_1/behav/xsim'
"xelab --incr --debug typical --relax --mt 2 -L xil_defaultlib -L unisims_ver -L unimacro_ver -L secureip --snapshot tb_behav xil_defaultlib.tb xil_defaultlib.glbl -log elaborate.log"
Vivado Simulator v2022.2
Copyright 1986-1999, 2001-2022 Xilinx, Inc. All Rights Reserved.
Running: D:/Xilinx/Vivado/2022.2/bin/unwrapped/win64.o/xelab.exe --incr --debug typical --relax --mt 2 -L xil_defaultlib -L unisims_ver -L unimacro_ver -L secureip --snapshot tb_behav xil_defaultlib.tb xil_defaultlib.glbl -log elaborate.log 
Using 2 slave threads.
Starting static elaboration
Pass Through NonSizing Optimizer
Completed static elaboration
Starting simulation data flow analysis
Completed simulation data flow analysis
Time Resolution for simulation is 1ps
Compiling module xil_defaultlib.spi_master_mode0
Compiling module xil_defaultlib.w25q64_controller(CLK_DIV=50)
Compiling module xil_defaultlib.tb
Compiling module xil_defaultlib.glbl
Built simulation snapshot tb_behav
INFO: [USF-XSim-69] 'elaborate' step finished in '2' seconds
Time resolution is 1 ps
relaunch_sim: Time (s): cpu = 00:00:01 ; elapsed = 00:00:06 . Memory (MB): peak = 1253.395 ; gain = 0.000
run 50000 ns
relaunch_sim
Command: launch_simulation -step compile -simset sim_1 -mode behavioral
INFO: [Vivado 12-12493] Simulation top is 'tb'
WARNING: [Vivado 12-13340] Unable to auto find GCC executables from simulator install path! (path not set)
WARNING: [Vivado 12-13277] Compiled library path does not exist: ''
INFO: [Vivado 12-5682] Launching behavioral simulation in 'D:/FPGA/Vivaldo Project/INTERFACE/SPI/05_w25q64_controller/Vivado/05_w25q64_controller.sim/sim_1/behav/xsim'
INFO: [SIM-utils-51] Simulation object is 'sim_1'
INFO: [USF-XSim-2] XSim::Compile design
INFO: [USF-XSim-61] Executing 'COMPILE and ANALYZE' step in 'D:/FPGA/Vivaldo Project/INTERFACE/SPI/05_w25q64_controller/Vivado/05_w25q64_controller.sim/sim_1/behav/xsim'
"xvlog --incr --relax -prj tb_vlog.prj"
INFO: [VRFC 10-2263] Analyzing Verilog file "D:/FPGA/Vivaldo Project/INTERFACE/SPI/05_w25q64_controller/Vivado/05_w25q64_controller.srcs/sources_1/new/spi_master_mode0.v" into library xil_defaultlib
INFO: [VRFC 10-311] analyzing module spi_master_mode0
INFO: [VRFC 10-2263] Analyzing Verilog file "D:/FPGA/Vivaldo Project/INTERFACE/SPI/05_w25q64_controller/Vivado/05_w25q64_controller.srcs/sources_1/new/w25q64_controller.v" into library xil_defaultlib
INFO: [VRFC 10-311] analyzing module w25q64_controller
INFO: [VRFC 10-2263] Analyzing Verilog file "D:/FPGA/Vivaldo Project/INTERFACE/SPI/05_w25q64_controller/Vivado/05_w25q64_controller.srcs/sim_1/new/tb.v" into library xil_defaultlib
INFO: [VRFC 10-311] analyzing module tb
INFO: [USF-XSim-69] 'compile' step finished in '2' seconds
Command: launch_simulation -step elaborate -simset sim_1 -mode behavioral
INFO: [Vivado 12-12493] Simulation top is 'tb'
WARNING: [Vivado 12-13340] Unable to auto find GCC executables from simulator install path! (path not set)
WARNING: [Vivado 12-13277] Compiled library path does not exist: ''
INFO: [Vivado 12-5682] Launching behavioral simulation in 'D:/FPGA/Vivaldo Project/INTERFACE/SPI/05_w25q64_controller/Vivado/05_w25q64_controller.sim/sim_1/behav/xsim'
INFO: [SIM-utils-51] Simulation object is 'sim_1'
INFO: [USF-XSim-3] XSim::Elaborate design
INFO: [USF-XSim-61] Executing 'ELABORATE' step in 'D:/FPGA/Vivaldo Project/INTERFACE/SPI/05_w25q64_controller/Vivado/05_w25q64_controller.sim/sim_1/behav/xsim'
"xelab --incr --debug typical --relax --mt 2 -L xil_defaultlib -L unisims_ver -L unimacro_ver -L secureip --snapshot tb_behav xil_defaultlib.tb xil_defaultlib.glbl -log elaborate.log"
Vivado Simulator v2022.2
Copyright 1986-1999, 2001-2022 Xilinx, Inc. All Rights Reserved.
Running: D:/Xilinx/Vivado/2022.2/bin/unwrapped/win64.o/xelab.exe --incr --debug typical --relax --mt 2 -L xil_defaultlib -L unisims_ver -L unimacro_ver -L secureip --snapshot tb_behav xil_defaultlib.tb xil_defaultlib.glbl -log elaborate.log 
Using 2 slave threads.
Starting static elaboration
Pass Through NonSizing Optimizer
Completed static elaboration
Starting simulation data flow analysis
Completed simulation data flow analysis
Time Resolution for simulation is 1ps
Compiling module xil_defaultlib.spi_master_mode0
Compiling module xil_defaultlib.w25q64_controller(CLK_DIV=50)
Compiling module xil_defaultlib.tb
Compiling module xil_defaultlib.glbl
Built simulation snapshot tb_behav
INFO: [USF-XSim-69] 'elaborate' step finished in '2' seconds
Time resolution is 1 ps
relaunch_sim: Time (s): cpu = 00:00:01 ; elapsed = 00:00:06 . Memory (MB): peak = 1261.117 ; gain = 0.000
run 50000 ns
save_wave_config {D:/FPGA/Vivaldo Project/INTERFACE/SPI/05_w25q64_controller/Vivado/tb_behav.wcfg}
relaunch_sim
Command: launch_simulation -step compile -simset sim_1 -mode behavioral
INFO: [Vivado 12-12493] Simulation top is 'tb'
WARNING: [Vivado 12-13340] Unable to auto find GCC executables from simulator install path! (path not set)
WARNING: [Vivado 12-13277] Compiled library path does not exist: ''
INFO: [Vivado 12-5682] Launching behavioral simulation in 'D:/FPGA/Vivaldo Project/INTERFACE/SPI/05_w25q64_controller/Vivado/05_w25q64_controller.sim/sim_1/behav/xsim'
INFO: [SIM-utils-51] Simulation object is 'sim_1'
INFO: [USF-XSim-2] XSim::Compile design
INFO: [USF-XSim-61] Executing 'COMPILE and ANALYZE' step in 'D:/FPGA/Vivaldo Project/INTERFACE/SPI/05_w25q64_controller/Vivado/05_w25q64_controller.sim/sim_1/behav/xsim'
"xvlog --incr --relax -prj tb_vlog.prj"
INFO: [VRFC 10-2263] Analyzing Verilog file "D:/FPGA/Vivaldo Project/INTERFACE/SPI/05_w25q64_controller/Vivado/05_w25q64_controller.srcs/sources_1/new/spi_master_mode0.v" into library xil_defaultlib
INFO: [VRFC 10-311] analyzing module spi_master_mode0
INFO: [VRFC 10-2263] Analyzing Verilog file "D:/FPGA/Vivaldo Project/INTERFACE/SPI/05_w25q64_controller/Vivado/05_w25q64_controller.srcs/sources_1/new/w25q64_controller.v" into library xil_defaultlib
INFO: [VRFC 10-311] analyzing module w25q64_controller
INFO: [VRFC 10-2263] Analyzing Verilog file "D:/FPGA/Vivaldo Project/INTERFACE/SPI/05_w25q64_controller/Vivado/05_w25q64_controller.srcs/sim_1/new/tb.v" into library xil_defaultlib
INFO: [VRFC 10-311] analyzing module tb
INFO: [USF-XSim-69] 'compile' step finished in '2' seconds
Command: launch_simulation -step elaborate -simset sim_1 -mode behavioral
INFO: [Vivado 12-12493] Simulation top is 'tb'
WARNING: [Vivado 12-13340] Unable to auto find GCC executables from simulator install path! (path not set)
WARNING: [Vivado 12-13277] Compiled library path does not exist: ''
INFO: [Vivado 12-5682] Launching behavioral simulation in 'D:/FPGA/Vivaldo Project/INTERFACE/SPI/05_w25q64_controller/Vivado/05_w25q64_controller.sim/sim_1/behav/xsim'
INFO: [SIM-utils-51] Simulation object is 'sim_1'
INFO: [USF-XSim-3] XSim::Elaborate design
INFO: [USF-XSim-61] Executing 'ELABORATE' step in 'D:/FPGA/Vivaldo Project/INTERFACE/SPI/05_w25q64_controller/Vivado/05_w25q64_controller.sim/sim_1/behav/xsim'
"xelab --incr --debug typical --relax --mt 2 -L xil_defaultlib -L unisims_ver -L unimacro_ver -L secureip --snapshot tb_behav xil_defaultlib.tb xil_defaultlib.glbl -log elaborate.log"
Vivado Simulator v2022.2
Copyright 1986-1999, 2001-2022 Xilinx, Inc. All Rights Reserved.
Running: D:/Xilinx/Vivado/2022.2/bin/unwrapped/win64.o/xelab.exe --incr --debug typical --relax --mt 2 -L xil_defaultlib -L unisims_ver -L unimacro_ver -L secureip --snapshot tb_behav xil_defaultlib.tb xil_defaultlib.glbl -log elaborate.log 
Using 2 slave threads.
Starting static elaboration
Pass Through NonSizing Optimizer
Completed static elaboration
Starting simulation data flow analysis
Completed simulation data flow analysis
Time Resolution for simulation is 1ps
Compiling module xil_defaultlib.spi_master_mode0
Compiling module xil_defaultlib.w25q64_controller(CLK_DIV=50)
Compiling module xil_defaultlib.tb
Compiling module xil_defaultlib.glbl
Built simulation snapshot tb_behav
INFO: [USF-XSim-69] 'elaborate' step finished in '2' seconds
Time resolution is 1 ps
relaunch_sim: Time (s): cpu = 00:00:00 ; elapsed = 00:00:06 . Memory (MB): peak = 1261.117 ; gain = 0.000
run 50000 ns
relaunch_sim
Command: launch_simulation -step compile -simset sim_1 -mode behavioral
INFO: [Vivado 12-12493] Simulation top is 'tb'
WARNING: [Vivado 12-13340] Unable to auto find GCC executables from simulator install path! (path not set)
WARNING: [Vivado 12-13277] Compiled library path does not exist: ''
INFO: [Vivado 12-5682] Launching behavioral simulation in 'D:/FPGA/Vivaldo Project/INTERFACE/SPI/05_w25q64_controller/Vivado/05_w25q64_controller.sim/sim_1/behav/xsim'
INFO: [SIM-utils-51] Simulation object is 'sim_1'
INFO: [USF-XSim-2] XSim::Compile design
INFO: [USF-XSim-61] Executing 'COMPILE and ANALYZE' step in 'D:/FPGA/Vivaldo Project/INTERFACE/SPI/05_w25q64_controller/Vivado/05_w25q64_controller.sim/sim_1/behav/xsim'
"xvlog --incr --relax -prj tb_vlog.prj"
INFO: [VRFC 10-2263] Analyzing Verilog file "D:/FPGA/Vivaldo Project/INTERFACE/SPI/05_w25q64_controller/Vivado/05_w25q64_controller.srcs/sources_1/new/spi_master_mode0.v" into library xil_defaultlib
INFO: [VRFC 10-311] analyzing module spi_master_mode0
INFO: [VRFC 10-2263] Analyzing Verilog file "D:/FPGA/Vivaldo Project/INTERFACE/SPI/05_w25q64_controller/Vivado/05_w25q64_controller.srcs/sources_1/new/w25q64_controller.v" into library xil_defaultlib
INFO: [VRFC 10-311] analyzing module w25q64_controller
INFO: [VRFC 10-2263] Analyzing Verilog file "D:/FPGA/Vivaldo Project/INTERFACE/SPI/05_w25q64_controller/Vivado/05_w25q64_controller.srcs/sim_1/new/tb.v" into library xil_defaultlib
INFO: [VRFC 10-311] analyzing module tb
INFO: [USF-XSim-69] 'compile' step finished in '2' seconds
Command: launch_simulation -step elaborate -simset sim_1 -mode behavioral
INFO: [Vivado 12-12493] Simulation top is 'tb'
WARNING: [Vivado 12-13340] Unable to auto find GCC executables from simulator install path! (path not set)
WARNING: [Vivado 12-13277] Compiled library path does not exist: ''
INFO: [Vivado 12-5682] Launching behavioral simulation in 'D:/FPGA/Vivaldo Project/INTERFACE/SPI/05_w25q64_controller/Vivado/05_w25q64_controller.sim/sim_1/behav/xsim'
INFO: [SIM-utils-51] Simulation object is 'sim_1'
INFO: [USF-XSim-3] XSim::Elaborate design
INFO: [USF-XSim-61] Executing 'ELABORATE' step in 'D:/FPGA/Vivaldo Project/INTERFACE/SPI/05_w25q64_controller/Vivado/05_w25q64_controller.sim/sim_1/behav/xsim'
"xelab --incr --debug typical --relax --mt 2 -L xil_defaultlib -L unisims_ver -L unimacro_ver -L secureip --snapshot tb_behav xil_defaultlib.tb xil_defaultlib.glbl -log elaborate.log"
Vivado Simulator v2022.2
Copyright 1986-1999, 2001-2022 Xilinx, Inc. All Rights Reserved.
Running: D:/Xilinx/Vivado/2022.2/bin/unwrapped/win64.o/xelab.exe --incr --debug typical --relax --mt 2 -L xil_defaultlib -L unisims_ver -L unimacro_ver -L secureip --snapshot tb_behav xil_defaultlib.tb xil_defaultlib.glbl -log elaborate.log 
Using 2 slave threads.
Starting static elaboration
Pass Through NonSizing Optimizer
Completed static elaboration
Starting simulation data flow analysis
Completed simulation data flow analysis
Time Resolution for simulation is 1ps
Compiling module xil_defaultlib.spi_master_mode0
Compiling module xil_defaultlib.w25q64_controller(CLK_DIV=50)
Compiling module xil_defaultlib.tb
Compiling module xil_defaultlib.glbl
Built simulation snapshot tb_behav
INFO: [USF-XSim-69] 'elaborate' step finished in '2' seconds
Time resolution is 1 ps
relaunch_sim: Time (s): cpu = 00:00:01 ; elapsed = 00:00:06 . Memory (MB): peak = 1261.117 ; gain = 0.000
run 50000 ns
relaunch_sim
Command: launch_simulation -step compile -simset sim_1 -mode behavioral
INFO: [Vivado 12-12493] Simulation top is 'tb'
WARNING: [Vivado 12-13340] Unable to auto find GCC executables from simulator install path! (path not set)
WARNING: [Vivado 12-13277] Compiled library path does not exist: ''
INFO: [Vivado 12-5682] Launching behavioral simulation in 'D:/FPGA/Vivaldo Project/INTERFACE/SPI/05_w25q64_controller/Vivado/05_w25q64_controller.sim/sim_1/behav/xsim'
INFO: [SIM-utils-51] Simulation object is 'sim_1'
INFO: [USF-XSim-2] XSim::Compile design
INFO: [USF-XSim-61] Executing 'COMPILE and ANALYZE' step in 'D:/FPGA/Vivaldo Project/INTERFACE/SPI/05_w25q64_controller/Vivado/05_w25q64_controller.sim/sim_1/behav/xsim'
"xvlog --incr --relax -prj tb_vlog.prj"
INFO: [VRFC 10-2263] Analyzing Verilog file "D:/FPGA/Vivaldo Project/INTERFACE/SPI/05_w25q64_controller/Vivado/05_w25q64_controller.srcs/sources_1/new/spi_master_mode0.v" into library xil_defaultlib
INFO: [VRFC 10-311] analyzing module spi_master_mode0
INFO: [VRFC 10-2263] Analyzing Verilog file "D:/FPGA/Vivaldo Project/INTERFACE/SPI/05_w25q64_controller/Vivado/05_w25q64_controller.srcs/sources_1/new/w25q64_controller.v" into library xil_defaultlib
INFO: [VRFC 10-311] analyzing module w25q64_controller
INFO: [VRFC 10-2263] Analyzing Verilog file "D:/FPGA/Vivaldo Project/INTERFACE/SPI/05_w25q64_controller/Vivado/05_w25q64_controller.srcs/sim_1/new/tb.v" into library xil_defaultlib
INFO: [VRFC 10-311] analyzing module tb
INFO: [USF-XSim-69] 'compile' step finished in '1' seconds
Command: launch_simulation -step elaborate -simset sim_1 -mode behavioral
INFO: [Vivado 12-12493] Simulation top is 'tb'
WARNING: [Vivado 12-13340] Unable to auto find GCC executables from simulator install path! (path not set)
WARNING: [Vivado 12-13277] Compiled library path does not exist: ''
INFO: [Vivado 12-5682] Launching behavioral simulation in 'D:/FPGA/Vivaldo Project/INTERFACE/SPI/05_w25q64_controller/Vivado/05_w25q64_controller.sim/sim_1/behav/xsim'
INFO: [SIM-utils-51] Simulation object is 'sim_1'
INFO: [USF-XSim-3] XSim::Elaborate design
INFO: [USF-XSim-61] Executing 'ELABORATE' step in 'D:/FPGA/Vivaldo Project/INTERFACE/SPI/05_w25q64_controller/Vivado/05_w25q64_controller.sim/sim_1/behav/xsim'
"xelab --incr --debug typical --relax --mt 2 -L xil_defaultlib -L unisims_ver -L unimacro_ver -L secureip --snapshot tb_behav xil_defaultlib.tb xil_defaultlib.glbl -log elaborate.log"
Vivado Simulator v2022.2
Copyright 1986-1999, 2001-2022 Xilinx, Inc. All Rights Reserved.
Running: D:/Xilinx/Vivado/2022.2/bin/unwrapped/win64.o/xelab.exe --incr --debug typical --relax --mt 2 -L xil_defaultlib -L unisims_ver -L unimacro_ver -L secureip --snapshot tb_behav xil_defaultlib.tb xil_defaultlib.glbl -log elaborate.log 
Using 2 slave threads.
Starting static elaboration
Pass Through NonSizing Optimizer
Completed static elaboration
Starting simulation data flow analysis
Completed simulation data flow analysis
Time Resolution for simulation is 1ps
Compiling module xil_defaultlib.spi_master_mode0
Compiling module xil_defaultlib.w25q64_controller(CLK_DIV=50)
Compiling module xil_defaultlib.tb
Compiling module xil_defaultlib.glbl
Built simulation snapshot tb_behav
INFO: [USF-XSim-69] 'elaborate' step finished in '2' seconds
Time resolution is 1 ps
relaunch_sim: Time (s): cpu = 00:00:01 ; elapsed = 00:00:06 . Memory (MB): peak = 1265.926 ; gain = 0.000
run 50000 ns
relaunch_sim
Command: launch_simulation -step compile -simset sim_1 -mode behavioral
INFO: [Vivado 12-12493] Simulation top is 'tb'
WARNING: [Vivado 12-13340] Unable to auto find GCC executables from simulator install path! (path not set)
WARNING: [Vivado 12-13277] Compiled library path does not exist: ''
INFO: [Vivado 12-5682] Launching behavioral simulation in 'D:/FPGA/Vivaldo Project/INTERFACE/SPI/05_w25q64_controller/Vivado/05_w25q64_controller.sim/sim_1/behav/xsim'
INFO: [SIM-utils-51] Simulation object is 'sim_1'
INFO: [USF-XSim-2] XSim::Compile design
INFO: [USF-XSim-61] Executing 'COMPILE and ANALYZE' step in 'D:/FPGA/Vivaldo Project/INTERFACE/SPI/05_w25q64_controller/Vivado/05_w25q64_controller.sim/sim_1/behav/xsim'
"xvlog --incr --relax -prj tb_vlog.prj"
INFO: [VRFC 10-2263] Analyzing Verilog file "D:/FPGA/Vivaldo Project/INTERFACE/SPI/05_w25q64_controller/Vivado/05_w25q64_controller.srcs/sources_1/new/spi_master_mode0.v" into library xil_defaultlib
INFO: [VRFC 10-311] analyzing module spi_master_mode0
INFO: [VRFC 10-2263] Analyzing Verilog file "D:/FPGA/Vivaldo Project/INTERFACE/SPI/05_w25q64_controller/Vivado/05_w25q64_controller.srcs/sources_1/new/w25q64_controller.v" into library xil_defaultlib
INFO: [VRFC 10-311] analyzing module w25q64_controller
ERROR: [VRFC 10-2989] 'spi_read_write' is not declared [D:/FPGA/Vivaldo Project/INTERFACE/SPI/05_w25q64_controller/Vivado/05_w25q64_controller.srcs/sources_1/new/w25q64_controller.v:112]
ERROR: [VRFC 10-2989] 'spi_read_write' is not declared [D:/FPGA/Vivaldo Project/INTERFACE/SPI/05_w25q64_controller/Vivado/05_w25q64_controller.srcs/sources_1/new/w25q64_controller.v:211]
ERROR: [VRFC 10-2989] 'spi_read_write' is not declared [D:/FPGA/Vivaldo Project/INTERFACE/SPI/05_w25q64_controller/Vivado/05_w25q64_controller.srcs/sources_1/new/w25q64_controller.v:214]
ERROR: [VRFC 10-2989] 'spi_read_write' is not declared [D:/FPGA/Vivaldo Project/INTERFACE/SPI/05_w25q64_controller/Vivado/05_w25q64_controller.srcs/sources_1/new/w25q64_controller.v:232]
ERROR: [VRFC 10-8530] module 'w25q64_controller' is ignored due to previous errors [D:/FPGA/Vivaldo Project/INTERFACE/SPI/05_w25q64_controller/Vivado/05_w25q64_controller.srcs/sources_1/new/w25q64_controller.v:23]
INFO: [USF-XSim-69] 'compile' step finished in '2' seconds
INFO: [USF-XSim-99] Step results log file:'D:/FPGA/Vivaldo Project/INTERFACE/SPI/05_w25q64_controller/Vivado/05_w25q64_controller.sim/sim_1/behav/xsim/xvlog.log'
ERROR: [USF-XSim-62] 'compile' step failed with error(s). Please check the Tcl console output or 'D:/FPGA/Vivaldo Project/INTERFACE/SPI/05_w25q64_controller/Vivado/05_w25q64_controller.sim/sim_1/behav/xsim/xvlog.log' file for more information.
ERROR: [Vivado 12-4473] Detected error while running simulation. Please correct the issue and retry this operation.
ERROR: [Common 17-39] 'launch_simulation' failed due to earlier errors.
ERROR: [Common 17-69] Command failed: ERROR: [Common 17-39] 'launch_simulation' failed due to earlier errors.

relaunch_sim
Command: launch_simulation -step compile -simset sim_1 -mode behavioral
INFO: [Vivado 12-12493] Simulation top is 'tb'
WARNING: [Vivado 12-13340] Unable to auto find GCC executables from simulator install path! (path not set)
WARNING: [Vivado 12-13277] Compiled library path does not exist: ''
INFO: [Vivado 12-5682] Launching behavioral simulation in 'D:/FPGA/Vivaldo Project/INTERFACE/SPI/05_w25q64_controller/Vivado/05_w25q64_controller.sim/sim_1/behav/xsim'
INFO: [SIM-utils-51] Simulation object is 'sim_1'
INFO: [USF-XSim-2] XSim::Compile design
INFO: [USF-XSim-61] Executing 'COMPILE and ANALYZE' step in 'D:/FPGA/Vivaldo Project/INTERFACE/SPI/05_w25q64_controller/Vivado/05_w25q64_controller.sim/sim_1/behav/xsim'
"xvlog --incr --relax -prj tb_vlog.prj"
INFO: [VRFC 10-2263] Analyzing Verilog file "D:/FPGA/Vivaldo Project/INTERFACE/SPI/05_w25q64_controller/Vivado/05_w25q64_controller.srcs/sources_1/new/spi_master_mode0.v" into library xil_defaultlib
INFO: [VRFC 10-311] analyzing module spi_master_mode0
INFO: [VRFC 10-2263] Analyzing Verilog file "D:/FPGA/Vivaldo Project/INTERFACE/SPI/05_w25q64_controller/Vivado/05_w25q64_controller.srcs/sources_1/new/w25q64_controller.v" into library xil_defaultlib
INFO: [VRFC 10-311] analyzing module w25q64_controller
ERROR: [VRFC 10-2989] 'spi_read_write' is not declared [D:/FPGA/Vivaldo Project/INTERFACE/SPI/05_w25q64_controller/Vivado/05_w25q64_controller.srcs/sources_1/new/w25q64_controller.v:112]
ERROR: [VRFC 10-8530] module 'w25q64_controller' is ignored due to previous errors [D:/FPGA/Vivaldo Project/INTERFACE/SPI/05_w25q64_controller/Vivado/05_w25q64_controller.srcs/sources_1/new/w25q64_controller.v:23]
INFO: [USF-XSim-69] 'compile' step finished in '1' seconds
INFO: [USF-XSim-99] Step results log file:'D:/FPGA/Vivaldo Project/INTERFACE/SPI/05_w25q64_controller/Vivado/05_w25q64_controller.sim/sim_1/behav/xsim/xvlog.log'
ERROR: [USF-XSim-62] 'compile' step failed with error(s). Please check the Tcl console output or 'D:/FPGA/Vivaldo Project/INTERFACE/SPI/05_w25q64_controller/Vivado/05_w25q64_controller.sim/sim_1/behav/xsim/xvlog.log' file for more information.
ERROR: [Vivado 12-4473] Detected error while running simulation. Please correct the issue and retry this operation.
ERROR: [Common 17-39] 'launch_simulation' failed due to earlier errors.
ERROR: [Common 17-69] Command failed: ERROR: [Common 17-39] 'launch_simulation' failed due to earlier errors.

relaunch_sim
Command: launch_simulation -step compile -simset sim_1 -mode behavioral
INFO: [Vivado 12-12493] Simulation top is 'tb'
WARNING: [Vivado 12-13340] Unable to auto find GCC executables from simulator install path! (path not set)
WARNING: [Vivado 12-13277] Compiled library path does not exist: ''
INFO: [Vivado 12-5682] Launching behavioral simulation in 'D:/FPGA/Vivaldo Project/INTERFACE/SPI/05_w25q64_controller/Vivado/05_w25q64_controller.sim/sim_1/behav/xsim'
INFO: [SIM-utils-51] Simulation object is 'sim_1'
INFO: [USF-XSim-2] XSim::Compile design
INFO: [USF-XSim-61] Executing 'COMPILE and ANALYZE' step in 'D:/FPGA/Vivaldo Project/INTERFACE/SPI/05_w25q64_controller/Vivado/05_w25q64_controller.sim/sim_1/behav/xsim'
"xvlog --incr --relax -prj tb_vlog.prj"
INFO: [VRFC 10-2263] Analyzing Verilog file "D:/FPGA/Vivaldo Project/INTERFACE/SPI/05_w25q64_controller/Vivado/05_w25q64_controller.srcs/sources_1/new/spi_master_mode0.v" into library xil_defaultlib
INFO: [VRFC 10-311] analyzing module spi_master_mode0
INFO: [VRFC 10-2263] Analyzing Verilog file "D:/FPGA/Vivaldo Project/INTERFACE/SPI/05_w25q64_controller/Vivado/05_w25q64_controller.srcs/sources_1/new/w25q64_controller.v" into library xil_defaultlib
INFO: [VRFC 10-311] analyzing module w25q64_controller
INFO: [VRFC 10-2263] Analyzing Verilog file "D:/FPGA/Vivaldo Project/INTERFACE/SPI/05_w25q64_controller/Vivado/05_w25q64_controller.srcs/sim_1/new/tb.v" into library xil_defaultlib
INFO: [VRFC 10-311] analyzing module tb
INFO: [USF-XSim-69] 'compile' step finished in '1' seconds
Command: launch_simulation -step elaborate -simset sim_1 -mode behavioral
INFO: [Vivado 12-12493] Simulation top is 'tb'
WARNING: [Vivado 12-13340] Unable to auto find GCC executables from simulator install path! (path not set)
WARNING: [Vivado 12-13277] Compiled library path does not exist: ''
INFO: [Vivado 12-5682] Launching behavioral simulation in 'D:/FPGA/Vivaldo Project/INTERFACE/SPI/05_w25q64_controller/Vivado/05_w25q64_controller.sim/sim_1/behav/xsim'
INFO: [SIM-utils-51] Simulation object is 'sim_1'
INFO: [USF-XSim-3] XSim::Elaborate design
INFO: [USF-XSim-61] Executing 'ELABORATE' step in 'D:/FPGA/Vivaldo Project/INTERFACE/SPI/05_w25q64_controller/Vivado/05_w25q64_controller.sim/sim_1/behav/xsim'
"xelab --incr --debug typical --relax --mt 2 -L xil_defaultlib -L unisims_ver -L unimacro_ver -L secureip --snapshot tb_behav xil_defaultlib.tb xil_defaultlib.glbl -log elaborate.log"
Vivado Simulator v2022.2
Copyright 1986-1999, 2001-2022 Xilinx, Inc. All Rights Reserved.
Running: D:/Xilinx/Vivado/2022.2/bin/unwrapped/win64.o/xelab.exe --incr --debug typical --relax --mt 2 -L xil_defaultlib -L unisims_ver -L unimacro_ver -L secureip --snapshot tb_behav xil_defaultlib.tb xil_defaultlib.glbl -log elaborate.log 
Using 2 slave threads.
Starting static elaboration
Pass Through NonSizing Optimizer
Completed static elaboration
Starting simulation data flow analysis
Completed simulation data flow analysis
Time Resolution for simulation is 1ps
Compiling module xil_defaultlib.spi_master_mode0
Compiling module xil_defaultlib.w25q64_controller(CLK_DIV=50)
Compiling module xil_defaultlib.tb
Compiling module xil_defaultlib.glbl
Built simulation snapshot tb_behav
INFO: [USF-XSim-69] 'elaborate' step finished in '2' seconds
Time resolution is 1 ps
relaunch_sim: Time (s): cpu = 00:00:00 ; elapsed = 00:00:05 . Memory (MB): peak = 1265.926 ; gain = 0.000
run 50000 ns
relaunch_sim
Command: launch_simulation -step compile -simset sim_1 -mode behavioral
INFO: [Vivado 12-12493] Simulation top is 'tb'
WARNING: [Vivado 12-13340] Unable to auto find GCC executables from simulator install path! (path not set)
WARNING: [Vivado 12-13277] Compiled library path does not exist: ''
INFO: [Vivado 12-5682] Launching behavioral simulation in 'D:/FPGA/Vivaldo Project/INTERFACE/SPI/05_w25q64_controller/Vivado/05_w25q64_controller.sim/sim_1/behav/xsim'
INFO: [SIM-utils-51] Simulation object is 'sim_1'
INFO: [USF-XSim-2] XSim::Compile design
INFO: [USF-XSim-61] Executing 'COMPILE and ANALYZE' step in 'D:/FPGA/Vivaldo Project/INTERFACE/SPI/05_w25q64_controller/Vivado/05_w25q64_controller.sim/sim_1/behav/xsim'
"xvlog --incr --relax -prj tb_vlog.prj"
INFO: [VRFC 10-2263] Analyzing Verilog file "D:/FPGA/Vivaldo Project/INTERFACE/SPI/05_w25q64_controller/Vivado/05_w25q64_controller.srcs/sources_1/new/spi_master_mode0.v" into library xil_defaultlib
INFO: [VRFC 10-311] analyzing module spi_master_mode0
INFO: [VRFC 10-2263] Analyzing Verilog file "D:/FPGA/Vivaldo Project/INTERFACE/SPI/05_w25q64_controller/Vivado/05_w25q64_controller.srcs/sources_1/new/w25q64_controller.v" into library xil_defaultlib
INFO: [VRFC 10-311] analyzing module w25q64_controller
INFO: [VRFC 10-2263] Analyzing Verilog file "D:/FPGA/Vivaldo Project/INTERFACE/SPI/05_w25q64_controller/Vivado/05_w25q64_controller.srcs/sim_1/new/tb.v" into library xil_defaultlib
INFO: [VRFC 10-311] analyzing module tb
INFO: [USF-XSim-69] 'compile' step finished in '1' seconds
Command: launch_simulation -step elaborate -simset sim_1 -mode behavioral
INFO: [Vivado 12-12493] Simulation top is 'tb'
WARNING: [Vivado 12-13340] Unable to auto find GCC executables from simulator install path! (path not set)
WARNING: [Vivado 12-13277] Compiled library path does not exist: ''
INFO: [Vivado 12-5682] Launching behavioral simulation in 'D:/FPGA/Vivaldo Project/INTERFACE/SPI/05_w25q64_controller/Vivado/05_w25q64_controller.sim/sim_1/behav/xsim'
INFO: [SIM-utils-51] Simulation object is 'sim_1'
INFO: [USF-XSim-3] XSim::Elaborate design
INFO: [USF-XSim-61] Executing 'ELABORATE' step in 'D:/FPGA/Vivaldo Project/INTERFACE/SPI/05_w25q64_controller/Vivado/05_w25q64_controller.sim/sim_1/behav/xsim'
"xelab --incr --debug typical --relax --mt 2 -L xil_defaultlib -L unisims_ver -L unimacro_ver -L secureip --snapshot tb_behav xil_defaultlib.tb xil_defaultlib.glbl -log elaborate.log"
Vivado Simulator v2022.2
Copyright 1986-1999, 2001-2022 Xilinx, Inc. All Rights Reserved.
Running: D:/Xilinx/Vivado/2022.2/bin/unwrapped/win64.o/xelab.exe --incr --debug typical --relax --mt 2 -L xil_defaultlib -L unisims_ver -L unimacro_ver -L secureip --snapshot tb_behav xil_defaultlib.tb xil_defaultlib.glbl -log elaborate.log 
Using 2 slave threads.
Starting static elaboration
Pass Through NonSizing Optimizer
Completed static elaboration
Starting simulation data flow analysis
Completed simulation data flow analysis
Time Resolution for simulation is 1ps
Compiling module xil_defaultlib.spi_master_mode0
Compiling module xil_defaultlib.w25q64_controller(CLK_DIV=50)
Compiling module xil_defaultlib.tb
Compiling module xil_defaultlib.glbl
Built simulation snapshot tb_behav
INFO: [USF-XSim-69] 'elaborate' step finished in '3' seconds
Time resolution is 1 ps
relaunch_sim: Time (s): cpu = 00:00:01 ; elapsed = 00:00:06 . Memory (MB): peak = 1265.926 ; gain = 0.000
run all
run 50000 ns
relaunch_sim
Command: launch_simulation -step compile -simset sim_1 -mode behavioral
INFO: [Vivado 12-12493] Simulation top is 'tb'
WARNING: [Vivado 12-13340] Unable to auto find GCC executables from simulator install path! (path not set)
WARNING: [Vivado 12-13277] Compiled library path does not exist: ''
INFO: [Vivado 12-5682] Launching behavioral simulation in 'D:/FPGA/Vivaldo Project/INTERFACE/SPI/05_w25q64_controller/Vivado/05_w25q64_controller.sim/sim_1/behav/xsim'
INFO: [SIM-utils-51] Simulation object is 'sim_1'
INFO: [USF-XSim-2] XSim::Compile design
INFO: [USF-XSim-61] Executing 'COMPILE and ANALYZE' step in 'D:/FPGA/Vivaldo Project/INTERFACE/SPI/05_w25q64_controller/Vivado/05_w25q64_controller.sim/sim_1/behav/xsim'
"xvlog --incr --relax -prj tb_vlog.prj"
INFO: [VRFC 10-2263] Analyzing Verilog file "D:/FPGA/Vivaldo Project/INTERFACE/SPI/05_w25q64_controller/Vivado/05_w25q64_controller.srcs/sources_1/new/spi_master_mode0.v" into library xil_defaultlib
INFO: [VRFC 10-311] analyzing module spi_master_mode0
INFO: [VRFC 10-2263] Analyzing Verilog file "D:/FPGA/Vivaldo Project/INTERFACE/SPI/05_w25q64_controller/Vivado/05_w25q64_controller.srcs/sources_1/new/w25q64_controller.v" into library xil_defaultlib
INFO: [VRFC 10-311] analyzing module w25q64_controller
INFO: [VRFC 10-2263] Analyzing Verilog file "D:/FPGA/Vivaldo Project/INTERFACE/SPI/05_w25q64_controller/Vivado/05_w25q64_controller.srcs/sim_1/new/tb.v" into library xil_defaultlib
INFO: [VRFC 10-311] analyzing module tb
INFO: [USF-XSim-69] 'compile' step finished in '1' seconds
Command: launch_simulation -step elaborate -simset sim_1 -mode behavioral
INFO: [Vivado 12-12493] Simulation top is 'tb'
WARNING: [Vivado 12-13340] Unable to auto find GCC executables from simulator install path! (path not set)
WARNING: [Vivado 12-13277] Compiled library path does not exist: ''
INFO: [Vivado 12-5682] Launching behavioral simulation in 'D:/FPGA/Vivaldo Project/INTERFACE/SPI/05_w25q64_controller/Vivado/05_w25q64_controller.sim/sim_1/behav/xsim'
INFO: [SIM-utils-51] Simulation object is 'sim_1'
INFO: [USF-XSim-3] XSim::Elaborate design
INFO: [USF-XSim-61] Executing 'ELABORATE' step in 'D:/FPGA/Vivaldo Project/INTERFACE/SPI/05_w25q64_controller/Vivado/05_w25q64_controller.sim/sim_1/behav/xsim'
"xelab --incr --debug typical --relax --mt 2 -L xil_defaultlib -L unisims_ver -L unimacro_ver -L secureip --snapshot tb_behav xil_defaultlib.tb xil_defaultlib.glbl -log elaborate.log"
Vivado Simulator v2022.2
Copyright 1986-1999, 2001-2022 Xilinx, Inc. All Rights Reserved.
Running: D:/Xilinx/Vivado/2022.2/bin/unwrapped/win64.o/xelab.exe --incr --debug typical --relax --mt 2 -L xil_defaultlib -L unisims_ver -L unimacro_ver -L secureip --snapshot tb_behav xil_defaultlib.tb xil_defaultlib.glbl -log elaborate.log 
Using 2 slave threads.
Starting static elaboration
Pass Through NonSizing Optimizer
Completed static elaboration
Starting simulation data flow analysis
Completed simulation data flow analysis
Time Resolution for simulation is 1ps
Compiling module xil_defaultlib.spi_master_mode0
Compiling module xil_defaultlib.w25q64_controller(CLK_DIV=50)
Compiling module xil_defaultlib.tb
Compiling module xil_defaultlib.glbl
Built simulation snapshot tb_behav
INFO: [USF-XSim-69] 'elaborate' step finished in '2' seconds
Time resolution is 1 ps
relaunch_sim: Time (s): cpu = 00:00:01 ; elapsed = 00:00:06 . Memory (MB): peak = 1266.418 ; gain = 0.000
run 50000 ns
current_wave_config {tb_behav.wcfg}
D:/FPGA/Vivaldo Project/INTERFACE/SPI/05_w25q64_controller/Vivado/tb_behav.wcfg
add_wave {{/tb/w25q64_controller/r_spi_data_out}} 
relaunch_sim
Command: launch_simulation -step compile -simset sim_1 -mode behavioral
INFO: [Vivado 12-12493] Simulation top is 'tb'
WARNING: [Vivado 12-13340] Unable to auto find GCC executables from simulator install path! (path not set)
WARNING: [Vivado 12-13277] Compiled library path does not exist: ''
INFO: [Vivado 12-5682] Launching behavioral simulation in 'D:/FPGA/Vivaldo Project/INTERFACE/SPI/05_w25q64_controller/Vivado/05_w25q64_controller.sim/sim_1/behav/xsim'
INFO: [SIM-utils-51] Simulation object is 'sim_1'
INFO: [USF-XSim-2] XSim::Compile design
INFO: [USF-XSim-61] Executing 'COMPILE and ANALYZE' step in 'D:/FPGA/Vivaldo Project/INTERFACE/SPI/05_w25q64_controller/Vivado/05_w25q64_controller.sim/sim_1/behav/xsim'
"xvlog --incr --relax -prj tb_vlog.prj"
INFO: [VRFC 10-2263] Analyzing Verilog file "D:/FPGA/Vivaldo Project/INTERFACE/SPI/05_w25q64_controller/Vivado/05_w25q64_controller.srcs/sources_1/new/spi_master_mode0.v" into library xil_defaultlib
INFO: [VRFC 10-311] analyzing module spi_master_mode0
INFO: [VRFC 10-2263] Analyzing Verilog file "D:/FPGA/Vivaldo Project/INTERFACE/SPI/05_w25q64_controller/Vivado/05_w25q64_controller.srcs/sources_1/new/w25q64_controller.v" into library xil_defaultlib
INFO: [VRFC 10-311] analyzing module w25q64_controller
INFO: [VRFC 10-2263] Analyzing Verilog file "D:/FPGA/Vivaldo Project/INTERFACE/SPI/05_w25q64_controller/Vivado/05_w25q64_controller.srcs/sim_1/new/tb.v" into library xil_defaultlib
INFO: [VRFC 10-311] analyzing module tb
INFO: [USF-XSim-69] 'compile' step finished in '1' seconds
Command: launch_simulation -step elaborate -simset sim_1 -mode behavioral
INFO: [Vivado 12-12493] Simulation top is 'tb'
WARNING: [Vivado 12-13340] Unable to auto find GCC executables from simulator install path! (path not set)
WARNING: [Vivado 12-13277] Compiled library path does not exist: ''
INFO: [Vivado 12-5682] Launching behavioral simulation in 'D:/FPGA/Vivaldo Project/INTERFACE/SPI/05_w25q64_controller/Vivado/05_w25q64_controller.sim/sim_1/behav/xsim'
INFO: [SIM-utils-51] Simulation object is 'sim_1'
INFO: [USF-XSim-3] XSim::Elaborate design
INFO: [USF-XSim-61] Executing 'ELABORATE' step in 'D:/FPGA/Vivaldo Project/INTERFACE/SPI/05_w25q64_controller/Vivado/05_w25q64_controller.sim/sim_1/behav/xsim'
"xelab --incr --debug typical --relax --mt 2 -L xil_defaultlib -L unisims_ver -L unimacro_ver -L secureip --snapshot tb_behav xil_defaultlib.tb xil_defaultlib.glbl -log elaborate.log"
Vivado Simulator v2022.2
Copyright 1986-1999, 2001-2022 Xilinx, Inc. All Rights Reserved.
Running: D:/Xilinx/Vivado/2022.2/bin/unwrapped/win64.o/xelab.exe --incr --debug typical --relax --mt 2 -L xil_defaultlib -L unisims_ver -L unimacro_ver -L secureip --snapshot tb_behav xil_defaultlib.tb xil_defaultlib.glbl -log elaborate.log 
Using 2 slave threads.
Starting static elaboration
Pass Through NonSizing Optimizer
Completed static elaboration
Starting simulation data flow analysis
Completed simulation data flow analysis
Time Resolution for simulation is 1ps
Compiling module xil_defaultlib.spi_master_mode0
Compiling module xil_defaultlib.w25q64_controller(CLK_DIV=50)
Compiling module xil_defaultlib.tb
Compiling module xil_defaultlib.glbl
Built simulation snapshot tb_behav
INFO: [USF-XSim-69] 'elaborate' step finished in '2' seconds
Time resolution is 1 ps
relaunch_sim: Time (s): cpu = 00:00:00 ; elapsed = 00:00:06 . Memory (MB): peak = 1270.562 ; gain = 0.000
run 50000 ns
relaunch_sim
Command: launch_simulation -step compile -simset sim_1 -mode behavioral
INFO: [Vivado 12-12493] Simulation top is 'tb'
WARNING: [Vivado 12-13340] Unable to auto find GCC executables from simulator install path! (path not set)
WARNING: [Vivado 12-13277] Compiled library path does not exist: ''
INFO: [Vivado 12-5682] Launching behavioral simulation in 'D:/FPGA/Vivaldo Project/INTERFACE/SPI/05_w25q64_controller/Vivado/05_w25q64_controller.sim/sim_1/behav/xsim'
INFO: [SIM-utils-51] Simulation object is 'sim_1'
INFO: [USF-XSim-2] XSim::Compile design
INFO: [USF-XSim-61] Executing 'COMPILE and ANALYZE' step in 'D:/FPGA/Vivaldo Project/INTERFACE/SPI/05_w25q64_controller/Vivado/05_w25q64_controller.sim/sim_1/behav/xsim'
"xvlog --incr --relax -prj tb_vlog.prj"
INFO: [VRFC 10-2263] Analyzing Verilog file "D:/FPGA/Vivaldo Project/INTERFACE/SPI/05_w25q64_controller/Vivado/05_w25q64_controller.srcs/sources_1/new/spi_master_mode0.v" into library xil_defaultlib
INFO: [VRFC 10-311] analyzing module spi_master_mode0
INFO: [VRFC 10-2263] Analyzing Verilog file "D:/FPGA/Vivaldo Project/INTERFACE/SPI/05_w25q64_controller/Vivado/05_w25q64_controller.srcs/sources_1/new/w25q64_controller.v" into library xil_defaultlib
INFO: [VRFC 10-311] analyzing module w25q64_controller
INFO: [VRFC 10-2263] Analyzing Verilog file "D:/FPGA/Vivaldo Project/INTERFACE/SPI/05_w25q64_controller/Vivado/05_w25q64_controller.srcs/sim_1/new/tb.v" into library xil_defaultlib
INFO: [VRFC 10-311] analyzing module tb
INFO: [USF-XSim-69] 'compile' step finished in '1' seconds
Command: launch_simulation -step elaborate -simset sim_1 -mode behavioral
INFO: [Vivado 12-12493] Simulation top is 'tb'
WARNING: [Vivado 12-13340] Unable to auto find GCC executables from simulator install path! (path not set)
WARNING: [Vivado 12-13277] Compiled library path does not exist: ''
INFO: [Vivado 12-5682] Launching behavioral simulation in 'D:/FPGA/Vivaldo Project/INTERFACE/SPI/05_w25q64_controller/Vivado/05_w25q64_controller.sim/sim_1/behav/xsim'
INFO: [SIM-utils-51] Simulation object is 'sim_1'
INFO: [USF-XSim-3] XSim::Elaborate design
INFO: [USF-XSim-61] Executing 'ELABORATE' step in 'D:/FPGA/Vivaldo Project/INTERFACE/SPI/05_w25q64_controller/Vivado/05_w25q64_controller.sim/sim_1/behav/xsim'
"xelab --incr --debug typical --relax --mt 2 -L xil_defaultlib -L unisims_ver -L unimacro_ver -L secureip --snapshot tb_behav xil_defaultlib.tb xil_defaultlib.glbl -log elaborate.log"
Vivado Simulator v2022.2
Copyright 1986-1999, 2001-2022 Xilinx, Inc. All Rights Reserved.
Running: D:/Xilinx/Vivado/2022.2/bin/unwrapped/win64.o/xelab.exe --incr --debug typical --relax --mt 2 -L xil_defaultlib -L unisims_ver -L unimacro_ver -L secureip --snapshot tb_behav xil_defaultlib.tb xil_defaultlib.glbl -log elaborate.log 
Using 2 slave threads.
Starting static elaboration
Pass Through NonSizing Optimizer
Completed static elaboration
Starting simulation data flow analysis
Completed simulation data flow analysis
Time Resolution for simulation is 1ps
Compiling module xil_defaultlib.spi_master_mode0
Compiling module xil_defaultlib.w25q64_controller(CLK_DIV=50)
Compiling module xil_defaultlib.tb
Compiling module xil_defaultlib.glbl
Built simulation snapshot tb_behav
INFO: [USF-XSim-69] 'elaborate' step finished in '3' seconds
Time resolution is 1 ps
relaunch_sim: Time (s): cpu = 00:00:01 ; elapsed = 00:00:06 . Memory (MB): peak = 1270.562 ; gain = 0.000
run 50000 ns
relaunch_sim
Command: launch_simulation -step compile -simset sim_1 -mode behavioral
INFO: [Vivado 12-12493] Simulation top is 'tb'
WARNING: [Vivado 12-13340] Unable to auto find GCC executables from simulator install path! (path not set)
WARNING: [Vivado 12-13277] Compiled library path does not exist: ''
INFO: [Vivado 12-5682] Launching behavioral simulation in 'D:/FPGA/Vivaldo Project/INTERFACE/SPI/05_w25q64_controller/Vivado/05_w25q64_controller.sim/sim_1/behav/xsim'
INFO: [SIM-utils-51] Simulation object is 'sim_1'
INFO: [USF-XSim-2] XSim::Compile design
INFO: [USF-XSim-61] Executing 'COMPILE and ANALYZE' step in 'D:/FPGA/Vivaldo Project/INTERFACE/SPI/05_w25q64_controller/Vivado/05_w25q64_controller.sim/sim_1/behav/xsim'
"xvlog --incr --relax -prj tb_vlog.prj"
INFO: [VRFC 10-2263] Analyzing Verilog file "D:/FPGA/Vivaldo Project/INTERFACE/SPI/05_w25q64_controller/Vivado/05_w25q64_controller.srcs/sources_1/new/spi_master_mode0.v" into library xil_defaultlib
INFO: [VRFC 10-311] analyzing module spi_master_mode0
INFO: [VRFC 10-2263] Analyzing Verilog file "D:/FPGA/Vivaldo Project/INTERFACE/SPI/05_w25q64_controller/Vivado/05_w25q64_controller.srcs/sources_1/new/w25q64_controller.v" into library xil_defaultlib
INFO: [VRFC 10-311] analyzing module w25q64_controller
INFO: [VRFC 10-2263] Analyzing Verilog file "D:/FPGA/Vivaldo Project/INTERFACE/SPI/05_w25q64_controller/Vivado/05_w25q64_controller.srcs/sim_1/new/tb.v" into library xil_defaultlib
INFO: [VRFC 10-311] analyzing module tb
INFO: [USF-XSim-69] 'compile' step finished in '2' seconds
Command: launch_simulation -step elaborate -simset sim_1 -mode behavioral
INFO: [Vivado 12-12493] Simulation top is 'tb'
WARNING: [Vivado 12-13340] Unable to auto find GCC executables from simulator install path! (path not set)
WARNING: [Vivado 12-13277] Compiled library path does not exist: ''
INFO: [Vivado 12-5682] Launching behavioral simulation in 'D:/FPGA/Vivaldo Project/INTERFACE/SPI/05_w25q64_controller/Vivado/05_w25q64_controller.sim/sim_1/behav/xsim'
INFO: [SIM-utils-51] Simulation object is 'sim_1'
INFO: [USF-XSim-3] XSim::Elaborate design
INFO: [USF-XSim-61] Executing 'ELABORATE' step in 'D:/FPGA/Vivaldo Project/INTERFACE/SPI/05_w25q64_controller/Vivado/05_w25q64_controller.sim/sim_1/behav/xsim'
"xelab --incr --debug typical --relax --mt 2 -L xil_defaultlib -L unisims_ver -L unimacro_ver -L secureip --snapshot tb_behav xil_defaultlib.tb xil_defaultlib.glbl -log elaborate.log"
Vivado Simulator v2022.2
Copyright 1986-1999, 2001-2022 Xilinx, Inc. All Rights Reserved.
Running: D:/Xilinx/Vivado/2022.2/bin/unwrapped/win64.o/xelab.exe --incr --debug typical --relax --mt 2 -L xil_defaultlib -L unisims_ver -L unimacro_ver -L secureip --snapshot tb_behav xil_defaultlib.tb xil_defaultlib.glbl -log elaborate.log 
Using 2 slave threads.
Starting static elaboration
Pass Through NonSizing Optimizer
Completed static elaboration
Starting simulation data flow analysis
Completed simulation data flow analysis
Time Resolution for simulation is 1ps
Compiling module xil_defaultlib.spi_master_mode0
Compiling module xil_defaultlib.w25q64_controller(CLK_DIV=50)
Compiling module xil_defaultlib.tb
Compiling module xil_defaultlib.glbl
Built simulation snapshot tb_behav
INFO: [USF-XSim-69] 'elaborate' step finished in '2' seconds
Time resolution is 1 ps
relaunch_sim: Time (s): cpu = 00:00:01 ; elapsed = 00:00:06 . Memory (MB): peak = 1270.562 ; gain = 0.000
run 50000 ns
relaunch_sim
Command: launch_simulation -step compile -simset sim_1 -mode behavioral
INFO: [Vivado 12-12493] Simulation top is 'tb'
WARNING: [Vivado 12-13340] Unable to auto find GCC executables from simulator install path! (path not set)
WARNING: [Vivado 12-13277] Compiled library path does not exist: ''
INFO: [Vivado 12-5682] Launching behavioral simulation in 'D:/FPGA/Vivaldo Project/INTERFACE/SPI/05_w25q64_controller/Vivado/05_w25q64_controller.sim/sim_1/behav/xsim'
INFO: [SIM-utils-51] Simulation object is 'sim_1'
INFO: [USF-XSim-2] XSim::Compile design
INFO: [USF-XSim-61] Executing 'COMPILE and ANALYZE' step in 'D:/FPGA/Vivaldo Project/INTERFACE/SPI/05_w25q64_controller/Vivado/05_w25q64_controller.sim/sim_1/behav/xsim'
"xvlog --incr --relax -prj tb_vlog.prj"
INFO: [VRFC 10-2263] Analyzing Verilog file "D:/FPGA/Vivaldo Project/INTERFACE/SPI/05_w25q64_controller/Vivado/05_w25q64_controller.srcs/sources_1/new/spi_master_mode0.v" into library xil_defaultlib
INFO: [VRFC 10-311] analyzing module spi_master_mode0
INFO: [VRFC 10-2263] Analyzing Verilog file "D:/FPGA/Vivaldo Project/INTERFACE/SPI/05_w25q64_controller/Vivado/05_w25q64_controller.srcs/sources_1/new/w25q64_controller.v" into library xil_defaultlib
INFO: [VRFC 10-311] analyzing module w25q64_controller
INFO: [VRFC 10-2263] Analyzing Verilog file "D:/FPGA/Vivaldo Project/INTERFACE/SPI/05_w25q64_controller/Vivado/05_w25q64_controller.srcs/sim_1/new/tb.v" into library xil_defaultlib
INFO: [VRFC 10-311] analyzing module tb
INFO: [USF-XSim-69] 'compile' step finished in '2' seconds
Command: launch_simulation -step elaborate -simset sim_1 -mode behavioral
INFO: [Vivado 12-12493] Simulation top is 'tb'
WARNING: [Vivado 12-13340] Unable to auto find GCC executables from simulator install path! (path not set)
WARNING: [Vivado 12-13277] Compiled library path does not exist: ''
INFO: [Vivado 12-5682] Launching behavioral simulation in 'D:/FPGA/Vivaldo Project/INTERFACE/SPI/05_w25q64_controller/Vivado/05_w25q64_controller.sim/sim_1/behav/xsim'
INFO: [SIM-utils-51] Simulation object is 'sim_1'
INFO: [USF-XSim-3] XSim::Elaborate design
INFO: [USF-XSim-61] Executing 'ELABORATE' step in 'D:/FPGA/Vivaldo Project/INTERFACE/SPI/05_w25q64_controller/Vivado/05_w25q64_controller.sim/sim_1/behav/xsim'
"xelab --incr --debug typical --relax --mt 2 -L xil_defaultlib -L unisims_ver -L unimacro_ver -L secureip --snapshot tb_behav xil_defaultlib.tb xil_defaultlib.glbl -log elaborate.log"
Vivado Simulator v2022.2
Copyright 1986-1999, 2001-2022 Xilinx, Inc. All Rights Reserved.
Running: D:/Xilinx/Vivado/2022.2/bin/unwrapped/win64.o/xelab.exe --incr --debug typical --relax --mt 2 -L xil_defaultlib -L unisims_ver -L unimacro_ver -L secureip --snapshot tb_behav xil_defaultlib.tb xil_defaultlib.glbl -log elaborate.log 
Using 2 slave threads.
Starting static elaboration
Pass Through NonSizing Optimizer
Completed static elaboration
Starting simulation data flow analysis
Completed simulation data flow analysis
Time Resolution for simulation is 1ps
Compiling module xil_defaultlib.spi_master_mode0
Compiling module xil_defaultlib.w25q64_controller(CLK_DIV=50)
Compiling module xil_defaultlib.tb
Compiling module xil_defaultlib.glbl
Built simulation snapshot tb_behav
INFO: [USF-XSim-69] 'elaborate' step finished in '2' seconds
Time resolution is 1 ps
relaunch_sim: Time (s): cpu = 00:00:01 ; elapsed = 00:00:06 . Memory (MB): peak = 1270.562 ; gain = 0.000
run 50000 ns
relaunch_sim
Command: launch_simulation -step compile -simset sim_1 -mode behavioral
INFO: [Vivado 12-12493] Simulation top is 'tb'
WARNING: [Vivado 12-13340] Unable to auto find GCC executables from simulator install path! (path not set)
WARNING: [Vivado 12-13277] Compiled library path does not exist: ''
INFO: [Vivado 12-5682] Launching behavioral simulation in 'D:/FPGA/Vivaldo Project/INTERFACE/SPI/05_w25q64_controller/Vivado/05_w25q64_controller.sim/sim_1/behav/xsim'
INFO: [SIM-utils-51] Simulation object is 'sim_1'
INFO: [USF-XSim-2] XSim::Compile design
INFO: [USF-XSim-61] Executing 'COMPILE and ANALYZE' step in 'D:/FPGA/Vivaldo Project/INTERFACE/SPI/05_w25q64_controller/Vivado/05_w25q64_controller.sim/sim_1/behav/xsim'
"xvlog --incr --relax -prj tb_vlog.prj"
INFO: [VRFC 10-2263] Analyzing Verilog file "D:/FPGA/Vivaldo Project/INTERFACE/SPI/05_w25q64_controller/Vivado/05_w25q64_controller.srcs/sources_1/new/spi_master_mode0.v" into library xil_defaultlib
INFO: [VRFC 10-311] analyzing module spi_master_mode0
INFO: [VRFC 10-2263] Analyzing Verilog file "D:/FPGA/Vivaldo Project/INTERFACE/SPI/05_w25q64_controller/Vivado/05_w25q64_controller.srcs/sources_1/new/w25q64_controller.v" into library xil_defaultlib
INFO: [VRFC 10-311] analyzing module w25q64_controller
ERROR: [VRFC 10-1280] procedural assignment to a non-register done_led is not permitted, left-hand side should be reg/integer/time/genvar [D:/FPGA/Vivaldo Project/INTERFACE/SPI/05_w25q64_controller/Vivado/05_w25q64_controller.srcs/sources_1/new/w25q64_controller.v:252]
ERROR: [VRFC 10-1280] procedural assignment to a non-register busy_led is not permitted, left-hand side should be reg/integer/time/genvar [D:/FPGA/Vivaldo Project/INTERFACE/SPI/05_w25q64_controller/Vivado/05_w25q64_controller.srcs/sources_1/new/w25q64_controller.v:253]
ERROR: [VRFC 10-1280] procedural assignment to a non-register done_led is not permitted, left-hand side should be reg/integer/time/genvar [D:/FPGA/Vivaldo Project/INTERFACE/SPI/05_w25q64_controller/Vivado/05_w25q64_controller.srcs/sources_1/new/w25q64_controller.v:258]
ERROR: [VRFC 10-1280] procedural assignment to a non-register busy_led is not permitted, left-hand side should be reg/integer/time/genvar [D:/FPGA/Vivaldo Project/INTERFACE/SPI/05_w25q64_controller/Vivado/05_w25q64_controller.srcs/sources_1/new/w25q64_controller.v:262]
ERROR: [VRFC 10-1280] procedural assignment to a non-register busy_led is not permitted, left-hand side should be reg/integer/time/genvar [D:/FPGA/Vivaldo Project/INTERFACE/SPI/05_w25q64_controller/Vivado/05_w25q64_controller.srcs/sources_1/new/w25q64_controller.v:265]
ERROR: [VRFC 10-8530] module 'w25q64_controller' is ignored due to previous errors [D:/FPGA/Vivaldo Project/INTERFACE/SPI/05_w25q64_controller/Vivado/05_w25q64_controller.srcs/sources_1/new/w25q64_controller.v:23]
INFO: [USF-XSim-69] 'compile' step finished in '2' seconds
INFO: [USF-XSim-99] Step results log file:'D:/FPGA/Vivaldo Project/INTERFACE/SPI/05_w25q64_controller/Vivado/05_w25q64_controller.sim/sim_1/behav/xsim/xvlog.log'
ERROR: [USF-XSim-62] 'compile' step failed with error(s). Please check the Tcl console output or 'D:/FPGA/Vivaldo Project/INTERFACE/SPI/05_w25q64_controller/Vivado/05_w25q64_controller.sim/sim_1/behav/xsim/xvlog.log' file for more information.
ERROR: [Vivado 12-4473] Detected error while running simulation. Please correct the issue and retry this operation.
ERROR: [Common 17-39] 'launch_simulation' failed due to earlier errors.
ERROR: [Common 17-69] Command failed: ERROR: [Common 17-39] 'launch_simulation' failed due to earlier errors.

relaunch_sim
Command: launch_simulation -step compile -simset sim_1 -mode behavioral
INFO: [Vivado 12-12493] Simulation top is 'tb'
WARNING: [Vivado 12-13340] Unable to auto find GCC executables from simulator install path! (path not set)
WARNING: [Vivado 12-13277] Compiled library path does not exist: ''
INFO: [Vivado 12-5682] Launching behavioral simulation in 'D:/FPGA/Vivaldo Project/INTERFACE/SPI/05_w25q64_controller/Vivado/05_w25q64_controller.sim/sim_1/behav/xsim'
INFO: [SIM-utils-51] Simulation object is 'sim_1'
INFO: [USF-XSim-2] XSim::Compile design
INFO: [USF-XSim-61] Executing 'COMPILE and ANALYZE' step in 'D:/FPGA/Vivaldo Project/INTERFACE/SPI/05_w25q64_controller/Vivado/05_w25q64_controller.sim/sim_1/behav/xsim'
"xvlog --incr --relax -prj tb_vlog.prj"
INFO: [VRFC 10-2263] Analyzing Verilog file "D:/FPGA/Vivaldo Project/INTERFACE/SPI/05_w25q64_controller/Vivado/05_w25q64_controller.srcs/sources_1/new/spi_master_mode0.v" into library xil_defaultlib
INFO: [VRFC 10-311] analyzing module spi_master_mode0
INFO: [VRFC 10-2263] Analyzing Verilog file "D:/FPGA/Vivaldo Project/INTERFACE/SPI/05_w25q64_controller/Vivado/05_w25q64_controller.srcs/sources_1/new/w25q64_controller.v" into library xil_defaultlib
INFO: [VRFC 10-311] analyzing module w25q64_controller
INFO: [VRFC 10-2263] Analyzing Verilog file "D:/FPGA/Vivaldo Project/INTERFACE/SPI/05_w25q64_controller/Vivado/05_w25q64_controller.srcs/sim_1/new/tb.v" into library xil_defaultlib
INFO: [VRFC 10-311] analyzing module tb
INFO: [USF-XSim-69] 'compile' step finished in '2' seconds
Command: launch_simulation -step elaborate -simset sim_1 -mode behavioral
INFO: [Vivado 12-12493] Simulation top is 'tb'
WARNING: [Vivado 12-13340] Unable to auto find GCC executables from simulator install path! (path not set)
WARNING: [Vivado 12-13277] Compiled library path does not exist: ''
INFO: [Vivado 12-5682] Launching behavioral simulation in 'D:/FPGA/Vivaldo Project/INTERFACE/SPI/05_w25q64_controller/Vivado/05_w25q64_controller.sim/sim_1/behav/xsim'
INFO: [SIM-utils-51] Simulation object is 'sim_1'
INFO: [USF-XSim-3] XSim::Elaborate design
INFO: [USF-XSim-61] Executing 'ELABORATE' step in 'D:/FPGA/Vivaldo Project/INTERFACE/SPI/05_w25q64_controller/Vivado/05_w25q64_controller.sim/sim_1/behav/xsim'
"xelab --incr --debug typical --relax --mt 2 -L xil_defaultlib -L unisims_ver -L unimacro_ver -L secureip --snapshot tb_behav xil_defaultlib.tb xil_defaultlib.glbl -log elaborate.log"
Vivado Simulator v2022.2
Copyright 1986-1999, 2001-2022 Xilinx, Inc. All Rights Reserved.
Running: D:/Xilinx/Vivado/2022.2/bin/unwrapped/win64.o/xelab.exe --incr --debug typical --relax --mt 2 -L xil_defaultlib -L unisims_ver -L unimacro_ver -L secureip --snapshot tb_behav xil_defaultlib.tb xil_defaultlib.glbl -log elaborate.log 
Using 2 slave threads.
Starting static elaboration
Pass Through NonSizing Optimizer
Completed static elaboration
Starting simulation data flow analysis
Completed simulation data flow analysis
Time Resolution for simulation is 1ps
Compiling module xil_defaultlib.spi_master_mode0
Compiling module xil_defaultlib.w25q64_controller(CLK_DIV=50)
Compiling module xil_defaultlib.tb
Compiling module xil_defaultlib.glbl
Built simulation snapshot tb_behav
INFO: [USF-XSim-69] 'elaborate' step finished in '2' seconds
Time resolution is 1 ps
relaunch_sim: Time (s): cpu = 00:00:01 ; elapsed = 00:00:06 . Memory (MB): peak = 1270.562 ; gain = 0.000
run 50000 ns
current_wave_config {tb_behav.wcfg}
D:/FPGA/Vivaldo Project/INTERFACE/SPI/05_w25q64_controller/Vivado/tb_behav.wcfg
add_wave {{/tb/w25q64_controller/verify_led}} {{/tb/w25q64_controller/done_led}} {{/tb/w25q64_controller/busy_led}} 
relaunch_sim
Command: launch_simulation -step compile -simset sim_1 -mode behavioral
INFO: [Vivado 12-12493] Simulation top is 'tb'
WARNING: [Vivado 12-13340] Unable to auto find GCC executables from simulator install path! (path not set)
WARNING: [Vivado 12-13277] Compiled library path does not exist: ''
INFO: [Vivado 12-5682] Launching behavioral simulation in 'D:/FPGA/Vivaldo Project/INTERFACE/SPI/05_w25q64_controller/Vivado/05_w25q64_controller.sim/sim_1/behav/xsim'
INFO: [SIM-utils-51] Simulation object is 'sim_1'
INFO: [USF-XSim-2] XSim::Compile design
INFO: [USF-XSim-61] Executing 'COMPILE and ANALYZE' step in 'D:/FPGA/Vivaldo Project/INTERFACE/SPI/05_w25q64_controller/Vivado/05_w25q64_controller.sim/sim_1/behav/xsim'
"xvlog --incr --relax -prj tb_vlog.prj"
INFO: [VRFC 10-2263] Analyzing Verilog file "D:/FPGA/Vivaldo Project/INTERFACE/SPI/05_w25q64_controller/Vivado/05_w25q64_controller.srcs/sources_1/new/spi_master_mode0.v" into library xil_defaultlib
INFO: [VRFC 10-311] analyzing module spi_master_mode0
INFO: [VRFC 10-2263] Analyzing Verilog file "D:/FPGA/Vivaldo Project/INTERFACE/SPI/05_w25q64_controller/Vivado/05_w25q64_controller.srcs/sources_1/new/w25q64_controller.v" into library xil_defaultlib
INFO: [VRFC 10-311] analyzing module w25q64_controller
INFO: [VRFC 10-2263] Analyzing Verilog file "D:/FPGA/Vivaldo Project/INTERFACE/SPI/05_w25q64_controller/Vivado/05_w25q64_controller.srcs/sim_1/new/tb.v" into library xil_defaultlib
INFO: [VRFC 10-311] analyzing module tb
INFO: [USF-XSim-69] 'compile' step finished in '1' seconds
Command: launch_simulation -step elaborate -simset sim_1 -mode behavioral
INFO: [Vivado 12-12493] Simulation top is 'tb'
WARNING: [Vivado 12-13340] Unable to auto find GCC executables from simulator install path! (path not set)
WARNING: [Vivado 12-13277] Compiled library path does not exist: ''
INFO: [Vivado 12-5682] Launching behavioral simulation in 'D:/FPGA/Vivaldo Project/INTERFACE/SPI/05_w25q64_controller/Vivado/05_w25q64_controller.sim/sim_1/behav/xsim'
INFO: [SIM-utils-51] Simulation object is 'sim_1'
INFO: [USF-XSim-3] XSim::Elaborate design
INFO: [USF-XSim-61] Executing 'ELABORATE' step in 'D:/FPGA/Vivaldo Project/INTERFACE/SPI/05_w25q64_controller/Vivado/05_w25q64_controller.sim/sim_1/behav/xsim'
"xelab --incr --debug typical --relax --mt 2 -L xil_defaultlib -L unisims_ver -L unimacro_ver -L secureip --snapshot tb_behav xil_defaultlib.tb xil_defaultlib.glbl -log elaborate.log"
Vivado Simulator v2022.2
Copyright 1986-1999, 2001-2022 Xilinx, Inc. All Rights Reserved.
Running: D:/Xilinx/Vivado/2022.2/bin/unwrapped/win64.o/xelab.exe --incr --debug typical --relax --mt 2 -L xil_defaultlib -L unisims_ver -L unimacro_ver -L secureip --snapshot tb_behav xil_defaultlib.tb xil_defaultlib.glbl -log elaborate.log 
Using 2 slave threads.
Starting static elaboration
Pass Through NonSizing Optimizer
Completed static elaboration
Starting simulation data flow analysis
Completed simulation data flow analysis
Time Resolution for simulation is 1ps
Compiling module xil_defaultlib.spi_master_mode0
Compiling module xil_defaultlib.w25q64_controller(CLK_DIV=50)
Compiling module xil_defaultlib.tb
Compiling module xil_defaultlib.glbl
Built simulation snapshot tb_behav
INFO: [USF-XSim-69] 'elaborate' step finished in '2' seconds
Time resolution is 1 ps
relaunch_sim: Time (s): cpu = 00:00:01 ; elapsed = 00:00:06 . Memory (MB): peak = 1270.562 ; gain = 0.000
run 50000 ns
relaunch_sim
Command: launch_simulation -step compile -simset sim_1 -mode behavioral
INFO: [Vivado 12-12493] Simulation top is 'tb'
WARNING: [Vivado 12-13340] Unable to auto find GCC executables from simulator install path! (path not set)
WARNING: [Vivado 12-13277] Compiled library path does not exist: ''
INFO: [Vivado 12-5682] Launching behavioral simulation in 'D:/FPGA/Vivaldo Project/INTERFACE/SPI/05_w25q64_controller/Vivado/05_w25q64_controller.sim/sim_1/behav/xsim'
INFO: [SIM-utils-51] Simulation object is 'sim_1'
INFO: [USF-XSim-2] XSim::Compile design
INFO: [USF-XSim-61] Executing 'COMPILE and ANALYZE' step in 'D:/FPGA/Vivaldo Project/INTERFACE/SPI/05_w25q64_controller/Vivado/05_w25q64_controller.sim/sim_1/behav/xsim'
"xvlog --incr --relax -prj tb_vlog.prj"
INFO: [VRFC 10-2263] Analyzing Verilog file "D:/FPGA/Vivaldo Project/INTERFACE/SPI/05_w25q64_controller/Vivado/05_w25q64_controller.srcs/sources_1/new/spi_master_mode0.v" into library xil_defaultlib
INFO: [VRFC 10-311] analyzing module spi_master_mode0
INFO: [VRFC 10-2263] Analyzing Verilog file "D:/FPGA/Vivaldo Project/INTERFACE/SPI/05_w25q64_controller/Vivado/05_w25q64_controller.srcs/sources_1/new/w25q64_controller.v" into library xil_defaultlib
INFO: [VRFC 10-311] analyzing module w25q64_controller
INFO: [VRFC 10-2263] Analyzing Verilog file "D:/FPGA/Vivaldo Project/INTERFACE/SPI/05_w25q64_controller/Vivado/05_w25q64_controller.srcs/sim_1/new/tb.v" into library xil_defaultlib
INFO: [VRFC 10-311] analyzing module tb
INFO: [USF-XSim-69] 'compile' step finished in '2' seconds
Command: launch_simulation -step elaborate -simset sim_1 -mode behavioral
INFO: [Vivado 12-12493] Simulation top is 'tb'
WARNING: [Vivado 12-13340] Unable to auto find GCC executables from simulator install path! (path not set)
WARNING: [Vivado 12-13277] Compiled library path does not exist: ''
INFO: [Vivado 12-5682] Launching behavioral simulation in 'D:/FPGA/Vivaldo Project/INTERFACE/SPI/05_w25q64_controller/Vivado/05_w25q64_controller.sim/sim_1/behav/xsim'
INFO: [SIM-utils-51] Simulation object is 'sim_1'
INFO: [USF-XSim-3] XSim::Elaborate design
INFO: [USF-XSim-61] Executing 'ELABORATE' step in 'D:/FPGA/Vivaldo Project/INTERFACE/SPI/05_w25q64_controller/Vivado/05_w25q64_controller.sim/sim_1/behav/xsim'
"xelab --incr --debug typical --relax --mt 2 -L xil_defaultlib -L unisims_ver -L unimacro_ver -L secureip --snapshot tb_behav xil_defaultlib.tb xil_defaultlib.glbl -log elaborate.log"
Vivado Simulator v2022.2
Copyright 1986-1999, 2001-2022 Xilinx, Inc. All Rights Reserved.
Running: D:/Xilinx/Vivado/2022.2/bin/unwrapped/win64.o/xelab.exe --incr --debug typical --relax --mt 2 -L xil_defaultlib -L unisims_ver -L unimacro_ver -L secureip --snapshot tb_behav xil_defaultlib.tb xil_defaultlib.glbl -log elaborate.log 
Using 2 slave threads.
Starting static elaboration
Pass Through NonSizing Optimizer
Completed static elaboration
Starting simulation data flow analysis
Completed simulation data flow analysis
Time Resolution for simulation is 1ps
Compiling module xil_defaultlib.spi_master_mode0
Compiling module xil_defaultlib.w25q64_controller(CLK_DIV=50)
Compiling module xil_defaultlib.tb
Compiling module xil_defaultlib.glbl
Built simulation snapshot tb_behav
INFO: [USF-XSim-69] 'elaborate' step finished in '2' seconds
Time resolution is 1 ps
relaunch_sim: Time (s): cpu = 00:00:00 ; elapsed = 00:00:06 . Memory (MB): peak = 1270.562 ; gain = 0.000
run 50000 ns
relaunch_sim
Command: launch_simulation -step compile -simset sim_1 -mode behavioral
INFO: [Vivado 12-12493] Simulation top is 'tb'
WARNING: [Vivado 12-13340] Unable to auto find GCC executables from simulator install path! (path not set)
WARNING: [Vivado 12-13277] Compiled library path does not exist: ''
INFO: [Vivado 12-5682] Launching behavioral simulation in 'D:/FPGA/Vivaldo Project/INTERFACE/SPI/05_w25q64_controller/Vivado/05_w25q64_controller.sim/sim_1/behav/xsim'
INFO: [SIM-utils-51] Simulation object is 'sim_1'
INFO: [USF-XSim-2] XSim::Compile design
INFO: [USF-XSim-61] Executing 'COMPILE and ANALYZE' step in 'D:/FPGA/Vivaldo Project/INTERFACE/SPI/05_w25q64_controller/Vivado/05_w25q64_controller.sim/sim_1/behav/xsim'
"xvlog --incr --relax -prj tb_vlog.prj"
INFO: [VRFC 10-2263] Analyzing Verilog file "D:/FPGA/Vivaldo Project/INTERFACE/SPI/05_w25q64_controller/Vivado/05_w25q64_controller.srcs/sources_1/new/spi_master_mode0.v" into library xil_defaultlib
INFO: [VRFC 10-311] analyzing module spi_master_mode0
INFO: [VRFC 10-2263] Analyzing Verilog file "D:/FPGA/Vivaldo Project/INTERFACE/SPI/05_w25q64_controller/Vivado/05_w25q64_controller.srcs/sources_1/new/w25q64_controller.v" into library xil_defaultlib
INFO: [VRFC 10-311] analyzing module w25q64_controller
INFO: [VRFC 10-2263] Analyzing Verilog file "D:/FPGA/Vivaldo Project/INTERFACE/SPI/05_w25q64_controller/Vivado/05_w25q64_controller.srcs/sim_1/new/tb.v" into library xil_defaultlib
INFO: [VRFC 10-311] analyzing module tb
INFO: [USF-XSim-69] 'compile' step finished in '1' seconds
Command: launch_simulation -step elaborate -simset sim_1 -mode behavioral
INFO: [Vivado 12-12493] Simulation top is 'tb'
WARNING: [Vivado 12-13340] Unable to auto find GCC executables from simulator install path! (path not set)
WARNING: [Vivado 12-13277] Compiled library path does not exist: ''
INFO: [Vivado 12-5682] Launching behavioral simulation in 'D:/FPGA/Vivaldo Project/INTERFACE/SPI/05_w25q64_controller/Vivado/05_w25q64_controller.sim/sim_1/behav/xsim'
INFO: [SIM-utils-51] Simulation object is 'sim_1'
INFO: [USF-XSim-3] XSim::Elaborate design
INFO: [USF-XSim-61] Executing 'ELABORATE' step in 'D:/FPGA/Vivaldo Project/INTERFACE/SPI/05_w25q64_controller/Vivado/05_w25q64_controller.sim/sim_1/behav/xsim'
"xelab --incr --debug typical --relax --mt 2 -L xil_defaultlib -L unisims_ver -L unimacro_ver -L secureip --snapshot tb_behav xil_defaultlib.tb xil_defaultlib.glbl -log elaborate.log"
Vivado Simulator v2022.2
Copyright 1986-1999, 2001-2022 Xilinx, Inc. All Rights Reserved.
Running: D:/Xilinx/Vivado/2022.2/bin/unwrapped/win64.o/xelab.exe --incr --debug typical --relax --mt 2 -L xil_defaultlib -L unisims_ver -L unimacro_ver -L secureip --snapshot tb_behav xil_defaultlib.tb xil_defaultlib.glbl -log elaborate.log 
Using 2 slave threads.
Starting static elaboration
Pass Through NonSizing Optimizer
Completed static elaboration
Starting simulation data flow analysis
Completed simulation data flow analysis
Time Resolution for simulation is 1ps
Compiling module xil_defaultlib.spi_master_mode0
Compiling module xil_defaultlib.w25q64_controller(CLK_DIV=50)
Compiling module xil_defaultlib.tb
Compiling module xil_defaultlib.glbl
Built simulation snapshot tb_behav
INFO: [USF-XSim-69] 'elaborate' step finished in '2' seconds
Time resolution is 1 ps
relaunch_sim: Time (s): cpu = 00:00:01 ; elapsed = 00:00:06 . Memory (MB): peak = 1273.379 ; gain = 2.816
relaunch_sim
Command: launch_simulation -step compile -simset sim_1 -mode behavioral
INFO: [Vivado 12-12493] Simulation top is 'tb'
WARNING: [Vivado 12-13340] Unable to auto find GCC executables from simulator install path! (path not set)
WARNING: [Vivado 12-13277] Compiled library path does not exist: ''
INFO: [Vivado 12-5682] Launching behavioral simulation in 'D:/FPGA/Vivaldo Project/INTERFACE/SPI/05_w25q64_controller/Vivado/05_w25q64_controller.sim/sim_1/behav/xsim'
INFO: [SIM-utils-51] Simulation object is 'sim_1'
INFO: [USF-XSim-2] XSim::Compile design
INFO: [USF-XSim-61] Executing 'COMPILE and ANALYZE' step in 'D:/FPGA/Vivaldo Project/INTERFACE/SPI/05_w25q64_controller/Vivado/05_w25q64_controller.sim/sim_1/behav/xsim'
"xvlog --incr --relax -prj tb_vlog.prj"
INFO: [VRFC 10-2263] Analyzing Verilog file "D:/FPGA/Vivaldo Project/INTERFACE/SPI/05_w25q64_controller/Vivado/05_w25q64_controller.srcs/sources_1/new/spi_master_mode0.v" into library xil_defaultlib
INFO: [VRFC 10-311] analyzing module spi_master_mode0
INFO: [VRFC 10-2263] Analyzing Verilog file "D:/FPGA/Vivaldo Project/INTERFACE/SPI/05_w25q64_controller/Vivado/05_w25q64_controller.srcs/sources_1/new/w25q64_controller.v" into library xil_defaultlib
INFO: [VRFC 10-311] analyzing module w25q64_controller
INFO: [VRFC 10-2263] Analyzing Verilog file "D:/FPGA/Vivaldo Project/INTERFACE/SPI/05_w25q64_controller/Vivado/05_w25q64_controller.srcs/sim_1/new/tb.v" into library xil_defaultlib
INFO: [VRFC 10-311] analyzing module tb
INFO: [USF-XSim-69] 'compile' step finished in '2' seconds
Command: launch_simulation -step elaborate -simset sim_1 -mode behavioral
INFO: [Vivado 12-12493] Simulation top is 'tb'
WARNING: [Vivado 12-13340] Unable to auto find GCC executables from simulator install path! (path not set)
WARNING: [Vivado 12-13277] Compiled library path does not exist: ''
INFO: [Vivado 12-5682] Launching behavioral simulation in 'D:/FPGA/Vivaldo Project/INTERFACE/SPI/05_w25q64_controller/Vivado/05_w25q64_controller.sim/sim_1/behav/xsim'
INFO: [SIM-utils-51] Simulation object is 'sim_1'
INFO: [USF-XSim-3] XSim::Elaborate design
INFO: [USF-XSim-61] Executing 'ELABORATE' step in 'D:/FPGA/Vivaldo Project/INTERFACE/SPI/05_w25q64_controller/Vivado/05_w25q64_controller.sim/sim_1/behav/xsim'
"xelab --incr --debug typical --relax --mt 2 -L xil_defaultlib -L unisims_ver -L unimacro_ver -L secureip --snapshot tb_behav xil_defaultlib.tb xil_defaultlib.glbl -log elaborate.log"
Vivado Simulator v2022.2
Copyright 1986-1999, 2001-2022 Xilinx, Inc. All Rights Reserved.
Running: D:/Xilinx/Vivado/2022.2/bin/unwrapped/win64.o/xelab.exe --incr --debug typical --relax --mt 2 -L xil_defaultlib -L unisims_ver -L unimacro_ver -L secureip --snapshot tb_behav xil_defaultlib.tb xil_defaultlib.glbl -log elaborate.log 
Using 2 slave threads.
Starting static elaboration
Pass Through NonSizing Optimizer
Completed static elaboration
Starting simulation data flow analysis
Completed simulation data flow analysis
Time Resolution for simulation is 1ps
Compiling module xil_defaultlib.spi_master_mode0
Compiling module xil_defaultlib.w25q64_controller(CLK_DIV=50)
Compiling module xil_defaultlib.tb
Compiling module xil_defaultlib.glbl
Built simulation snapshot tb_behav
INFO: [USF-XSim-69] 'elaborate' step finished in '2' seconds
Time resolution is 1 ps
relaunch_sim: Time (s): cpu = 00:00:00 ; elapsed = 00:00:06 . Memory (MB): peak = 1273.379 ; gain = 0.000
run 50000 ns
file mkdir D:/FPGA/Vivaldo Project/INTERFACE/SPI/05_w25q64_controller/Vivado/05_w25q64_controller.srcs/constrs_1
file mkdir D:/FPGA/Vivaldo Project/INTERFACE/SPI/05_w25q64_controller/Vivado/05_w25q64_controller.srcs/constrs_1
file mkdir D:/FPGA/Vivaldo Project/INTERFACE/SPI/05_w25q64_controller/Vivado/05_w25q64_controller.srcs/constrs_1/new
file mkdir D:/FPGA/Vivaldo Project/INTERFACE/SPI/05_w25q64_controller/Vivado/05_w25q64_controller.srcs/constrs_1/new
file mkdir D:/FPGA/Vivaldo Project/INTERFACE/SPI/05_w25q64_controller/Vivado/05_w25q64_controller.srcs/constrs_1/new
file mkdir D:/FPGA/Vivaldo Project/INTERFACE/SPI/05_w25q64_controller/Vivado/05_w25q64_controller.srcs/constrs_1/new
file mkdir D:/FPGA/Vivaldo Project/INTERFACE/SPI/05_w25q64_controller/Vivado/05_w25q64_controller.srcs/constrs_1
file mkdir {D:/FPGA/Vivaldo Project/INTERFACE/SPI/05_w25q64_controller/Vivado/05_w25q64_controller.srcs/constrs_1/new}
close [ open {D:/FPGA/Vivaldo Project/INTERFACE/SPI/05_w25q64_controller/Vivado/05_w25q64_controller.srcs/constrs_1/new/w25q64_controller.xdc} w ]
add_files -fileset constrs_1 {{D:/FPGA/Vivaldo Project/INTERFACE/SPI/05_w25q64_controller/Vivado/05_w25q64_controller.srcs/constrs_1/new/w25q64_controller.xdc}}
close [ open {D:/FPGA/Vivaldo Project/INTERFACE/SPI/05_w25q64_controller/Vivado/05_w25q64_controller.srcs/sources_1/new/top_w25q64_controller.v} w ]
add_files {{D:/FPGA/Vivaldo Project/INTERFACE/SPI/05_w25q64_controller/Vivado/05_w25q64_controller.srcs/sources_1/new/top_w25q64_controller.v}}
update_compile_order -fileset sources_1
update_compile_order -fileset sources_1
create_ip -name vio -vendor xilinx.com -library ip -version 3.0 -module_name vio_0
set_property -dict [list \
  CONFIG.C_NUM_PROBE_IN {0} \
  CONFIG.C_NUM_PROBE_OUT {3} \
  CONFIG.C_PROBE_OUT0_WIDTH {3} \
  CONFIG.C_PROBE_OUT1_WIDTH {24} \
  CONFIG.C_PROBE_OUT2_WIDTH {16} \
] [get_ips vio_0]
generate_target {instantiation_template} [get_files {{d:/FPGA/Vivaldo Project/INTERFACE/SPI/05_w25q64_controller/Vivado/05_w25q64_controller.srcs/sources_1/ip/vio_0/vio_0.xci}}]
INFO: [IP_Flow 19-1686] Generating 'Instantiation Template' target for IP 'vio_0'...
set_property generate_synth_checkpoint false [get_files  {{d:/FPGA/Vivaldo Project/INTERFACE/SPI/05_w25q64_controller/Vivado/05_w25q64_controller.srcs/sources_1/ip/vio_0/vio_0.xci}}]
generate_target all [get_files  {{d:/FPGA/Vivaldo Project/INTERFACE/SPI/05_w25q64_controller/Vivado/05_w25q64_controller.srcs/sources_1/ip/vio_0/vio_0.xci}}]
INFO: [IP_Flow 19-1686] Generating 'Instantiation Template' target for IP 'vio_0'...
INFO: [IP_Flow 19-1686] Generating 'Synthesis' target for IP 'vio_0'...
INFO: [IP_Flow 19-1686] Generating 'Simulation' target for IP 'vio_0'...
INFO: [IP_Flow 19-1686] Generating 'Change Log' target for IP 'vio_0'...
export_ip_user_files -of_objects [get_files {{d:/FPGA/Vivaldo Project/INTERFACE/SPI/05_w25q64_controller/Vivado/05_w25q64_controller.srcs/sources_1/ip/vio_0/vio_0.xci}}] -no_script -sync -force -quiet
export_simulation -of_objects [get_files {{d:/FPGA/Vivaldo Project/INTERFACE/SPI/05_w25q64_controller/Vivado/05_w25q64_controller.srcs/sources_1/ip/vio_0/vio_0.xci}}] -directory {D:/FPGA/Vivaldo Project/INTERFACE/SPI/05_w25q64_controller/Vivado/05_w25q64_controller.ip_user_files/sim_scripts} -ip_user_files_dir {D:/FPGA/Vivaldo Project/INTERFACE/SPI/05_w25q64_controller/Vivado/05_w25q64_controller.ip_user_files} -ipstatic_source_dir {D:/FPGA/Vivaldo Project/INTERFACE/SPI/05_w25q64_controller/Vivado/05_w25q64_controller.ip_user_files/ipstatic} -lib_map_path [list {modelsim=D:/FPGA/Vivaldo Project/INTERFACE/SPI/05_w25q64_controller/Vivado/05_w25q64_controller.cache/compile_simlib/modelsim} {questa=D:/FPGA/Vivaldo Project/INTERFACE/SPI/05_w25q64_controller/Vivado/05_w25q64_controller.cache/compile_simlib/questa} {riviera=D:/FPGA/Vivaldo Project/INTERFACE/SPI/05_w25q64_controller/Vivado/05_w25q64_controller.cache/compile_simlib/riviera} {activehdl=D:/FPGA/Vivaldo Project/INTERFACE/SPI/05_w25q64_controller/Vivado/05_w25q64_controller.cache/compile_simlib/activehdl}] -use_ip_compiled_libs -force -quiet
update_compile_order -fileset sources_1
update_compile_order -fileset sources_1
INFO: [Ipptcl 7-1463] No Compatible Board Interface found. Board Tab not created in customize GUI
create_ip -name clk_wiz -vendor xilinx.com -library ip -version 6.0 -module_name clk_wiz_0
INFO: [Ipptcl 7-1463] No Compatible Board Interface found. Board Tab not created in customize GUI
set_property -dict [list \
  CONFIG.CLKIN1_JITTER_PS {400.0} \
  CONFIG.CLKOUT1_JITTER {190.517} \
  CONFIG.CLKOUT1_PHASE_ERROR {222.305} \
  CONFIG.MMCM_CLKFBOUT_MULT_F {48.000} \
  CONFIG.MMCM_CLKIN1_PERIOD {40.000} \
  CONFIG.MMCM_CLKIN2_PERIOD {10.0} \
  CONFIG.PRIM_IN_FREQ {25} \
  CONFIG.USE_LOCKED {false} \
  CONFIG.USE_RESET {false} \
] [get_ips clk_wiz_0]
generate_target {instantiation_template} [get_files {{d:/FPGA/Vivaldo Project/INTERFACE/SPI/05_w25q64_controller/Vivado/05_w25q64_controller.srcs/sources_1/ip/clk_wiz_0/clk_wiz_0.xci}}]
INFO: [IP_Flow 19-1686] Generating 'Instantiation Template' target for IP 'clk_wiz_0'...
update_compile_order -fileset sources_1
set_property generate_synth_checkpoint false [get_files  {{d:/FPGA/Vivaldo Project/INTERFACE/SPI/05_w25q64_controller/Vivado/05_w25q64_controller.srcs/sources_1/ip/clk_wiz_0/clk_wiz_0.xci}}]
generate_target all [get_files  {{d:/FPGA/Vivaldo Project/INTERFACE/SPI/05_w25q64_controller/Vivado/05_w25q64_controller.srcs/sources_1/ip/clk_wiz_0/clk_wiz_0.xci}}]
INFO: [IP_Flow 19-1686] Generating 'Instantiation Template' target for IP 'clk_wiz_0'...
INFO: [IP_Flow 19-1686] Generating 'Synthesis' target for IP 'clk_wiz_0'...
INFO: [IP_Flow 19-1686] Generating 'Simulation' target for IP 'clk_wiz_0'...
INFO: [IP_Flow 19-1686] Generating 'Implementation' target for IP 'clk_wiz_0'...
INFO: [IP_Flow 19-1686] Generating 'Change Log' target for IP 'clk_wiz_0'...
export_ip_user_files -of_objects [get_files {{d:/FPGA/Vivaldo Project/INTERFACE/SPI/05_w25q64_controller/Vivado/05_w25q64_controller.srcs/sources_1/ip/clk_wiz_0/clk_wiz_0.xci}}] -no_script -sync -force -quiet
export_simulation -of_objects [get_files {{d:/FPGA/Vivaldo Project/INTERFACE/SPI/05_w25q64_controller/Vivado/05_w25q64_controller.srcs/sources_1/ip/clk_wiz_0/clk_wiz_0.xci}}] -directory {D:/FPGA/Vivaldo Project/INTERFACE/SPI/05_w25q64_controller/Vivado/05_w25q64_controller.ip_user_files/sim_scripts} -ip_user_files_dir {D:/FPGA/Vivaldo Project/INTERFACE/SPI/05_w25q64_controller/Vivado/05_w25q64_controller.ip_user_files} -ipstatic_source_dir {D:/FPGA/Vivaldo Project/INTERFACE/SPI/05_w25q64_controller/Vivado/05_w25q64_controller.ip_user_files/ipstatic} -lib_map_path [list {modelsim=D:/FPGA/Vivaldo Project/INTERFACE/SPI/05_w25q64_controller/Vivado/05_w25q64_controller.cache/compile_simlib/modelsim} {questa=D:/FPGA/Vivaldo Project/INTERFACE/SPI/05_w25q64_controller/Vivado/05_w25q64_controller.cache/compile_simlib/questa} {riviera=D:/FPGA/Vivaldo Project/INTERFACE/SPI/05_w25q64_controller/Vivado/05_w25q64_controller.cache/compile_simlib/riviera} {activehdl=D:/FPGA/Vivaldo Project/INTERFACE/SPI/05_w25q64_controller/Vivado/05_w25q64_controller.cache/compile_simlib/activehdl}] -use_ip_compiled_libs -force -quiet
update_compile_order -fileset sources_1
WARNING: [IP_Flow 19-4067] Ignoring invalid widget type specified checkbox.Providing a default widget
create_ip -name ila -vendor xilinx.com -library ip -version 6.2 -module_name ila_0
set_property -dict [list \
  CONFIG.C_NUM_OF_PROBES {16} \
  CONFIG.C_PROBE2_WIDTH {3} \
  CONFIG.C_PROBE3_WIDTH {24} \
  CONFIG.C_PROBE4_WIDTH {16} \
  CONFIG.C_PROBE5_WIDTH {16} \
  CONFIG.C_PROBE6_WIDTH {24} \
  CONFIG.C_PROBE7_WIDTH {8} \
] [get_ips ila_0]
generate_target {instantiation_template} [get_files {{d:/FPGA/Vivaldo Project/INTERFACE/SPI/05_w25q64_controller/Vivado/05_w25q64_controller.srcs/sources_1/ip/ila_0/ila_0.xci}}]
INFO: [IP_Flow 19-1686] Generating 'Instantiation Template' target for IP 'ila_0'...
set_property generate_synth_checkpoint false [get_files  {{d:/FPGA/Vivaldo Project/INTERFACE/SPI/05_w25q64_controller/Vivado/05_w25q64_controller.srcs/sources_1/ip/ila_0/ila_0.xci}}]
generate_target all [get_files  {{d:/FPGA/Vivaldo Project/INTERFACE/SPI/05_w25q64_controller/Vivado/05_w25q64_controller.srcs/sources_1/ip/ila_0/ila_0.xci}}]
INFO: [IP_Flow 19-1686] Generating 'Instantiation Template' target for IP 'ila_0'...
INFO: [IP_Flow 19-1686] Generating 'Synthesis' target for IP 'ila_0'...
INFO: [IP_Flow 19-1686] Generating 'Simulation' target for IP 'ila_0'...
INFO: [IP_Flow 19-1686] Generating 'Implementation' target for IP 'ila_0'...
INFO: [IP_Flow 19-1686] Generating 'Change Log' target for IP 'ila_0'...
export_ip_user_files -of_objects [get_files {{d:/FPGA/Vivaldo Project/INTERFACE/SPI/05_w25q64_controller/Vivado/05_w25q64_controller.srcs/sources_1/ip/ila_0/ila_0.xci}}] -no_script -sync -force -quiet
export_simulation -of_objects [get_files {{d:/FPGA/Vivaldo Project/INTERFACE/SPI/05_w25q64_controller/Vivado/05_w25q64_controller.srcs/sources_1/ip/ila_0/ila_0.xci}}] -directory {D:/FPGA/Vivaldo Project/INTERFACE/SPI/05_w25q64_controller/Vivado/05_w25q64_controller.ip_user_files/sim_scripts} -ip_user_files_dir {D:/FPGA/Vivaldo Project/INTERFACE/SPI/05_w25q64_controller/Vivado/05_w25q64_controller.ip_user_files} -ipstatic_source_dir {D:/FPGA/Vivaldo Project/INTERFACE/SPI/05_w25q64_controller/Vivado/05_w25q64_controller.ip_user_files/ipstatic} -lib_map_path [list {modelsim=D:/FPGA/Vivaldo Project/INTERFACE/SPI/05_w25q64_controller/Vivado/05_w25q64_controller.cache/compile_simlib/modelsim} {questa=D:/FPGA/Vivaldo Project/INTERFACE/SPI/05_w25q64_controller/Vivado/05_w25q64_controller.cache/compile_simlib/questa} {riviera=D:/FPGA/Vivaldo Project/INTERFACE/SPI/05_w25q64_controller/Vivado/05_w25q64_controller.cache/compile_simlib/riviera} {activehdl=D:/FPGA/Vivaldo Project/INTERFACE/SPI/05_w25q64_controller/Vivado/05_w25q64_controller.cache/compile_simlib/activehdl}] -use_ip_compiled_libs -force -quiet
update_compile_order -fileset sources_1
update_compile_order -fileset sources_1
WARNING: [IP_Flow 19-4067] Ignoring invalid widget type specified checkbox.Providing a default widget
set_property CONFIG.C_NUM_OF_PROBES {15} [get_ips ila_0]
generate_target all [get_files  {{d:/FPGA/Vivaldo Project/INTERFACE/SPI/05_w25q64_controller/Vivado/05_w25q64_controller.srcs/sources_1/ip/ila_0/ila_0.xci}}]
INFO: [IP_Flow 19-1686] Generating 'Instantiation Template' target for IP 'ila_0'...
INFO: [IP_Flow 19-1686] Generating 'Synthesis' target for IP 'ila_0'...
INFO: [IP_Flow 19-1686] Generating 'Simulation' target for IP 'ila_0'...
INFO: [IP_Flow 19-1686] Generating 'Implementation' target for IP 'ila_0'...
INFO: [IP_Flow 19-1686] Generating 'Change Log' target for IP 'ila_0'...
export_ip_user_files -of_objects [get_files {{d:/FPGA/Vivaldo Project/INTERFACE/SPI/05_w25q64_controller/Vivado/05_w25q64_controller.srcs/sources_1/ip/ila_0/ila_0.xci}}] -no_script -sync -force -quiet
export_simulation -of_objects [get_files {{d:/FPGA/Vivaldo Project/INTERFACE/SPI/05_w25q64_controller/Vivado/05_w25q64_controller.srcs/sources_1/ip/ila_0/ila_0.xci}}] -directory {D:/FPGA/Vivaldo Project/INTERFACE/SPI/05_w25q64_controller/Vivado/05_w25q64_controller.ip_user_files/sim_scripts} -ip_user_files_dir {D:/FPGA/Vivaldo Project/INTERFACE/SPI/05_w25q64_controller/Vivado/05_w25q64_controller.ip_user_files} -ipstatic_source_dir {D:/FPGA/Vivaldo Project/INTERFACE/SPI/05_w25q64_controller/Vivado/05_w25q64_controller.ip_user_files/ipstatic} -lib_map_path [list {modelsim=D:/FPGA/Vivaldo Project/INTERFACE/SPI/05_w25q64_controller/Vivado/05_w25q64_controller.cache/compile_simlib/modelsim} {questa=D:/FPGA/Vivaldo Project/INTERFACE/SPI/05_w25q64_controller/Vivado/05_w25q64_controller.cache/compile_simlib/questa} {riviera=D:/FPGA/Vivaldo Project/INTERFACE/SPI/05_w25q64_controller/Vivado/05_w25q64_controller.cache/compile_simlib/riviera} {activehdl=D:/FPGA/Vivaldo Project/INTERFACE/SPI/05_w25q64_controller/Vivado/05_w25q64_controller.cache/compile_simlib/activehdl}] -use_ip_compiled_libs -force -quiet
relaunch_sim
Command: launch_simulation -step compile -simset sim_1 -mode behavioral
INFO: [Vivado 12-12493] Simulation top is 'tb'
WARNING: [Vivado 12-13340] Unable to auto find GCC executables from simulator install path! (path not set)
INFO: [Vivado 12-12490] The selected simulation model for 'clk_wiz_0' IP changed to 'rtl' from '', the simulation run directory will be deleted.
WARNING: [Vivado 12-13277] Compiled library path does not exist: ''
INFO: [Vivado 12-5698] Checking validity of IPs in the design for the 'XSim' simulator...
INFO: [Vivado 12-5682] Launching behavioral simulation in 'D:/FPGA/Vivaldo Project/INTERFACE/SPI/05_w25q64_controller/Vivado/05_w25q64_controller.sim/sim_1/behav/xsim'
INFO: [Vivado 12-13660] Precompiled IP simulation library mode is enabled (default). The design IP libraries will be referenced from the compiled library path. Please note that if the precompiled version of the library is not found from the path or the IP is in locked state, then the library source files for these IPs will be compiled locally as part of the compile order.
INFO: [Vivado 12-4795] Using compiled simulation libraries for IPs
INFO: [SIM-utils-51] Simulation object is 'sim_1'
INFO: [USF-XSim-2] XSim::Compile design
INFO: [USF-XSim-61] Executing 'COMPILE and ANALYZE' step in 'D:/FPGA/Vivaldo Project/INTERFACE/SPI/05_w25q64_controller/Vivado/05_w25q64_controller.sim/sim_1/behav/xsim'
"xvlog --incr --relax -prj tb_vlog.prj"
INFO: [VRFC 10-2263] Analyzing Verilog file "D:/FPGA/Vivaldo Project/INTERFACE/SPI/05_w25q64_controller/Vivado/05_w25q64_controller.srcs/sources_1/new/spi_master_mode0.v" into library xil_defaultlib
INFO: [VRFC 10-311] analyzing module spi_master_mode0
INFO: [VRFC 10-2263] Analyzing Verilog file "D:/FPGA/Vivaldo Project/INTERFACE/SPI/05_w25q64_controller/Vivado/05_w25q64_controller.srcs/sources_1/new/w25q64_controller.v" into library xil_defaultlib
INFO: [VRFC 10-311] analyzing module w25q64_controller
INFO: [VRFC 10-2263] Analyzing Verilog file "D:/FPGA/Vivaldo Project/INTERFACE/SPI/05_w25q64_controller/Vivado/05_w25q64_controller.srcs/sim_1/new/tb.v" into library xil_defaultlib
INFO: [VRFC 10-311] analyzing module tb
INFO: [VRFC 10-2263] Analyzing Verilog file "D:/FPGA/Vivaldo Project/INTERFACE/SPI/05_w25q64_controller/Vivado/05_w25q64_controller.sim/sim_1/behav/xsim/glbl.v" into library xil_defaultlib
INFO: [VRFC 10-311] analyzing module glbl
INFO: [USF-XSim-69] 'compile' step finished in '2' seconds
Command: launch_simulation -step elaborate -simset sim_1 -mode behavioral
INFO: [Vivado 12-12493] Simulation top is 'tb'
WARNING: [Vivado 12-13340] Unable to auto find GCC executables from simulator install path! (path not set)
WARNING: [Vivado 12-13277] Compiled library path does not exist: ''
INFO: [Vivado 12-5698] Checking validity of IPs in the design for the 'XSim' simulator...
INFO: [Vivado 12-5682] Launching behavioral simulation in 'D:/FPGA/Vivaldo Project/INTERFACE/SPI/05_w25q64_controller/Vivado/05_w25q64_controller.sim/sim_1/behav/xsim'
INFO: [Vivado 12-13660] Precompiled IP simulation library mode is enabled (default). The design IP libraries will be referenced from the compiled library path. Please note that if the precompiled version of the library is not found from the path or the IP is in locked state, then the library source files for these IPs will be compiled locally as part of the compile order.
INFO: [Vivado 12-4795] Using compiled simulation libraries for IPs
INFO: [SIM-utils-51] Simulation object is 'sim_1'
INFO: [USF-XSim-3] XSim::Elaborate design
INFO: [USF-XSim-61] Executing 'ELABORATE' step in 'D:/FPGA/Vivaldo Project/INTERFACE/SPI/05_w25q64_controller/Vivado/05_w25q64_controller.sim/sim_1/behav/xsim'
"xelab --incr --debug typical --relax --mt 2 -L xil_defaultlib -L unisims_ver -L unimacro_ver -L secureip --snapshot tb_behav xil_defaultlib.tb xil_defaultlib.glbl -log elaborate.log"
Vivado Simulator v2022.2
Copyright 1986-1999, 2001-2022 Xilinx, Inc. All Rights Reserved.
Running: D:/Xilinx/Vivado/2022.2/bin/unwrapped/win64.o/xelab.exe --incr --debug typical --relax --mt 2 -L xil_defaultlib -L unisims_ver -L unimacro_ver -L secureip --snapshot tb_behav xil_defaultlib.tb xil_defaultlib.glbl -log elaborate.log 
Using 2 slave threads.
Starting static elaboration
Pass Through NonSizing Optimizer
Completed static elaboration
Starting simulation data flow analysis
Completed simulation data flow analysis
Time Resolution for simulation is 1ps
Compiling module xil_defaultlib.spi_master_mode0
Compiling module xil_defaultlib.w25q64_controller(CLK_DIV=50)
Compiling module xil_defaultlib.tb
Compiling module xil_defaultlib.glbl
Built simulation snapshot tb_behav
INFO: [USF-XSim-69] 'elaborate' step finished in '5' seconds
Time resolution is 1 ps
couldn't read file "tb.tcl": no such file or directory
run 50000 ns
relaunch_sim
Command: launch_simulation -step compile -simset sim_1 -mode behavioral
INFO: [Vivado 12-12493] Simulation top is 'tb'
WARNING: [Vivado 12-13340] Unable to auto find GCC executables from simulator install path! (path not set)
WARNING: [Vivado 12-13277] Compiled library path does not exist: ''
INFO: [Vivado 12-5698] Checking validity of IPs in the design for the 'XSim' simulator...
INFO: [Vivado 12-5682] Launching behavioral simulation in 'D:/FPGA/Vivaldo Project/INTERFACE/SPI/05_w25q64_controller/Vivado/05_w25q64_controller.sim/sim_1/behav/xsim'
INFO: [Vivado 12-13660] Precompiled IP simulation library mode is enabled (default). The design IP libraries will be referenced from the compiled library path. Please note that if the precompiled version of the library is not found from the path or the IP is in locked state, then the library source files for these IPs will be compiled locally as part of the compile order.
INFO: [Vivado 12-4795] Using compiled simulation libraries for IPs
INFO: [SIM-utils-51] Simulation object is 'sim_1'
INFO: [USF-XSim-2] XSim::Compile design
INFO: [USF-XSim-61] Executing 'COMPILE and ANALYZE' step in 'D:/FPGA/Vivaldo Project/INTERFACE/SPI/05_w25q64_controller/Vivado/05_w25q64_controller.sim/sim_1/behav/xsim'
"xvlog --incr --relax -prj tb_vlog.prj"
INFO: [VRFC 10-2263] Analyzing Verilog file "D:/FPGA/Vivaldo Project/INTERFACE/SPI/05_w25q64_controller/Vivado/05_w25q64_controller.srcs/sources_1/new/spi_master_mode0.v" into library xil_defaultlib
INFO: [VRFC 10-311] analyzing module spi_master_mode0
INFO: [VRFC 10-2263] Analyzing Verilog file "D:/FPGA/Vivaldo Project/INTERFACE/SPI/05_w25q64_controller/Vivado/05_w25q64_controller.srcs/sources_1/new/w25q64_controller.v" into library xil_defaultlib
INFO: [VRFC 10-311] analyzing module w25q64_controller
ERROR: [VRFC 10-1280] procedural assignment to a non-register o_read_data is not permitted, left-hand side should be reg/integer/time/genvar [D:/FPGA/Vivaldo Project/INTERFACE/SPI/05_w25q64_controller/Vivado/05_w25q64_controller.srcs/sources_1/new/w25q64_controller.v:125]
ERROR: [VRFC 10-1280] procedural assignment to a non-register o_jedec_id is not permitted, left-hand side should be reg/integer/time/genvar [D:/FPGA/Vivaldo Project/INTERFACE/SPI/05_w25q64_controller/Vivado/05_w25q64_controller.srcs/sources_1/new/w25q64_controller.v:126]
ERROR: [VRFC 10-1280] procedural assignment to a non-register o_status_reg is not permitted, left-hand side should be reg/integer/time/genvar [D:/FPGA/Vivaldo Project/INTERFACE/SPI/05_w25q64_controller/Vivado/05_w25q64_controller.srcs/sources_1/new/w25q64_controller.v:127]
ERROR: [VRFC 10-1280] procedural assignment to a non-register o_read_data is not permitted, left-hand side should be reg/integer/time/genvar [D:/FPGA/Vivaldo Project/INTERFACE/SPI/05_w25q64_controller/Vivado/05_w25q64_controller.srcs/sources_1/new/w25q64_controller.v:250]
ERROR: [VRFC 10-1280] procedural assignment to a non-register o_jedec_id is not permitted, left-hand side should be reg/integer/time/genvar [D:/FPGA/Vivaldo Project/INTERFACE/SPI/05_w25q64_controller/Vivado/05_w25q64_controller.srcs/sources_1/new/w25q64_controller.v:251]
ERROR: [VRFC 10-1280] procedural assignment to a non-register o_status_reg is not permitted, left-hand side should be reg/integer/time/genvar [D:/FPGA/Vivaldo Project/INTERFACE/SPI/05_w25q64_controller/Vivado/05_w25q64_controller.srcs/sources_1/new/w25q64_controller.v:252]
ERROR: [VRFC 10-8530] module 'w25q64_controller' is ignored due to previous errors [D:/FPGA/Vivaldo Project/INTERFACE/SPI/05_w25q64_controller/Vivado/05_w25q64_controller.srcs/sources_1/new/w25q64_controller.v:23]
INFO: [USF-XSim-69] 'compile' step finished in '1' seconds
INFO: [USF-XSim-99] Step results log file:'D:/FPGA/Vivaldo Project/INTERFACE/SPI/05_w25q64_controller/Vivado/05_w25q64_controller.sim/sim_1/behav/xsim/xvlog.log'
ERROR: [USF-XSim-62] 'compile' step failed with error(s). Please check the Tcl console output or 'D:/FPGA/Vivaldo Project/INTERFACE/SPI/05_w25q64_controller/Vivado/05_w25q64_controller.sim/sim_1/behav/xsim/xvlog.log' file for more information.
ERROR: [Vivado 12-4473] Detected error while running simulation. Please correct the issue and retry this operation.
ERROR: [Common 17-39] 'launch_simulation' failed due to earlier errors.
ERROR: [Common 17-69] Command failed: ERROR: [Common 17-39] 'launch_simulation' failed due to earlier errors.

relaunch_sim
Command: launch_simulation -step compile -simset sim_1 -mode behavioral
INFO: [Vivado 12-12493] Simulation top is 'tb'
WARNING: [Vivado 12-13340] Unable to auto find GCC executables from simulator install path! (path not set)
WARNING: [Vivado 12-13277] Compiled library path does not exist: ''
INFO: [Vivado 12-5698] Checking validity of IPs in the design for the 'XSim' simulator...
INFO: [Vivado 12-5682] Launching behavioral simulation in 'D:/FPGA/Vivaldo Project/INTERFACE/SPI/05_w25q64_controller/Vivado/05_w25q64_controller.sim/sim_1/behav/xsim'
INFO: [Vivado 12-13660] Precompiled IP simulation library mode is enabled (default). The design IP libraries will be referenced from the compiled library path. Please note that if the precompiled version of the library is not found from the path or the IP is in locked state, then the library source files for these IPs will be compiled locally as part of the compile order.
INFO: [Vivado 12-4795] Using compiled simulation libraries for IPs
INFO: [SIM-utils-51] Simulation object is 'sim_1'
INFO: [USF-XSim-2] XSim::Compile design
INFO: [USF-XSim-61] Executing 'COMPILE and ANALYZE' step in 'D:/FPGA/Vivaldo Project/INTERFACE/SPI/05_w25q64_controller/Vivado/05_w25q64_controller.sim/sim_1/behav/xsim'
"xvlog --incr --relax -prj tb_vlog.prj"
INFO: [VRFC 10-2263] Analyzing Verilog file "D:/FPGA/Vivaldo Project/INTERFACE/SPI/05_w25q64_controller/Vivado/05_w25q64_controller.srcs/sources_1/new/spi_master_mode0.v" into library xil_defaultlib
INFO: [VRFC 10-311] analyzing module spi_master_mode0
INFO: [VRFC 10-2263] Analyzing Verilog file "D:/FPGA/Vivaldo Project/INTERFACE/SPI/05_w25q64_controller/Vivado/05_w25q64_controller.srcs/sources_1/new/w25q64_controller.v" into library xil_defaultlib
INFO: [VRFC 10-311] analyzing module w25q64_controller
INFO: [VRFC 10-2263] Analyzing Verilog file "D:/FPGA/Vivaldo Project/INTERFACE/SPI/05_w25q64_controller/Vivado/05_w25q64_controller.srcs/sim_1/new/tb.v" into library xil_defaultlib
INFO: [VRFC 10-311] analyzing module tb
INFO: [USF-XSim-69] 'compile' step finished in '2' seconds
Command: launch_simulation -step elaborate -simset sim_1 -mode behavioral
INFO: [Vivado 12-12493] Simulation top is 'tb'
WARNING: [Vivado 12-13340] Unable to auto find GCC executables from simulator install path! (path not set)
WARNING: [Vivado 12-13277] Compiled library path does not exist: ''
INFO: [Vivado 12-5698] Checking validity of IPs in the design for the 'XSim' simulator...
INFO: [Vivado 12-5682] Launching behavioral simulation in 'D:/FPGA/Vivaldo Project/INTERFACE/SPI/05_w25q64_controller/Vivado/05_w25q64_controller.sim/sim_1/behav/xsim'
INFO: [Vivado 12-13660] Precompiled IP simulation library mode is enabled (default). The design IP libraries will be referenced from the compiled library path. Please note that if the precompiled version of the library is not found from the path or the IP is in locked state, then the library source files for these IPs will be compiled locally as part of the compile order.
INFO: [Vivado 12-4795] Using compiled simulation libraries for IPs
INFO: [SIM-utils-51] Simulation object is 'sim_1'
INFO: [USF-XSim-3] XSim::Elaborate design
INFO: [USF-XSim-61] Executing 'ELABORATE' step in 'D:/FPGA/Vivaldo Project/INTERFACE/SPI/05_w25q64_controller/Vivado/05_w25q64_controller.sim/sim_1/behav/xsim'
"xelab --incr --debug typical --relax --mt 2 -L xil_defaultlib -L unisims_ver -L unimacro_ver -L secureip --snapshot tb_behav xil_defaultlib.tb xil_defaultlib.glbl -log elaborate.log"
Vivado Simulator v2022.2
Copyright 1986-1999, 2001-2022 Xilinx, Inc. All Rights Reserved.
Running: D:/Xilinx/Vivado/2022.2/bin/unwrapped/win64.o/xelab.exe --incr --debug typical --relax --mt 2 -L xil_defaultlib -L unisims_ver -L unimacro_ver -L secureip --snapshot tb_behav xil_defaultlib.tb xil_defaultlib.glbl -log elaborate.log 
Using 2 slave threads.
Starting static elaboration
Pass Through NonSizing Optimizer
Completed static elaboration
Starting simulation data flow analysis
Completed simulation data flow analysis
Time Resolution for simulation is 1ps
Compiling module xil_defaultlib.spi_master_mode0
Compiling module xil_defaultlib.w25q64_controller(CLK_DIV=50)
Compiling module xil_defaultlib.tb
Compiling module xil_defaultlib.glbl
Built simulation snapshot tb_behav
INFO: [USF-XSim-69] 'elaborate' step finished in '3' seconds
Time resolution is 1 ps
couldn't read file "tb.tcl": no such file or directory
relaunch_sim
Command: launch_simulation -step compile -simset sim_1 -mode behavioral
INFO: [Vivado 12-12493] Simulation top is 'tb'
WARNING: [Vivado 12-13340] Unable to auto find GCC executables from simulator install path! (path not set)
WARNING: [Vivado 12-13277] Compiled library path does not exist: ''
INFO: [Vivado 12-5698] Checking validity of IPs in the design for the 'XSim' simulator...
INFO: [Vivado 12-5682] Launching behavioral simulation in 'D:/FPGA/Vivaldo Project/INTERFACE/SPI/05_w25q64_controller/Vivado/05_w25q64_controller.sim/sim_1/behav/xsim'
INFO: [Vivado 12-13660] Precompiled IP simulation library mode is enabled (default). The design IP libraries will be referenced from the compiled library path. Please note that if the precompiled version of the library is not found from the path or the IP is in locked state, then the library source files for these IPs will be compiled locally as part of the compile order.
INFO: [Vivado 12-4795] Using compiled simulation libraries for IPs
INFO: [SIM-utils-51] Simulation object is 'sim_1'
INFO: [USF-XSim-2] XSim::Compile design
INFO: [USF-XSim-61] Executing 'COMPILE and ANALYZE' step in 'D:/FPGA/Vivaldo Project/INTERFACE/SPI/05_w25q64_controller/Vivado/05_w25q64_controller.sim/sim_1/behav/xsim'
"xvlog --incr --relax -prj tb_vlog.prj"
INFO: [VRFC 10-2263] Analyzing Verilog file "D:/FPGA/Vivaldo Project/INTERFACE/SPI/05_w25q64_controller/Vivado/05_w25q64_controller.srcs/sources_1/new/spi_master_mode0.v" into library xil_defaultlib
INFO: [VRFC 10-311] analyzing module spi_master_mode0
INFO: [VRFC 10-2263] Analyzing Verilog file "D:/FPGA/Vivaldo Project/INTERFACE/SPI/05_w25q64_controller/Vivado/05_w25q64_controller.srcs/sources_1/new/w25q64_controller.v" into library xil_defaultlib
INFO: [VRFC 10-311] analyzing module w25q64_controller
INFO: [VRFC 10-2263] Analyzing Verilog file "D:/FPGA/Vivaldo Project/INTERFACE/SPI/05_w25q64_controller/Vivado/05_w25q64_controller.srcs/sim_1/new/tb.v" into library xil_defaultlib
INFO: [VRFC 10-311] analyzing module tb
INFO: [USF-XSim-69] 'compile' step finished in '1' seconds
Command: launch_simulation -step elaborate -simset sim_1 -mode behavioral
INFO: [Vivado 12-12493] Simulation top is 'tb'
WARNING: [Vivado 12-13340] Unable to auto find GCC executables from simulator install path! (path not set)
WARNING: [Vivado 12-13277] Compiled library path does not exist: ''
INFO: [Vivado 12-5698] Checking validity of IPs in the design for the 'XSim' simulator...
INFO: [Vivado 12-5682] Launching behavioral simulation in 'D:/FPGA/Vivaldo Project/INTERFACE/SPI/05_w25q64_controller/Vivado/05_w25q64_controller.sim/sim_1/behav/xsim'
INFO: [Vivado 12-13660] Precompiled IP simulation library mode is enabled (default). The design IP libraries will be referenced from the compiled library path. Please note that if the precompiled version of the library is not found from the path or the IP is in locked state, then the library source files for these IPs will be compiled locally as part of the compile order.
INFO: [Vivado 12-4795] Using compiled simulation libraries for IPs
INFO: [SIM-utils-51] Simulation object is 'sim_1'
INFO: [USF-XSim-3] XSim::Elaborate design
INFO: [USF-XSim-61] Executing 'ELABORATE' step in 'D:/FPGA/Vivaldo Project/INTERFACE/SPI/05_w25q64_controller/Vivado/05_w25q64_controller.sim/sim_1/behav/xsim'
"xelab --incr --debug typical --relax --mt 2 -L xil_defaultlib -L unisims_ver -L unimacro_ver -L secureip --snapshot tb_behav xil_defaultlib.tb xil_defaultlib.glbl -log elaborate.log"
Vivado Simulator v2022.2
Copyright 1986-1999, 2001-2022 Xilinx, Inc. All Rights Reserved.
Running: D:/Xilinx/Vivado/2022.2/bin/unwrapped/win64.o/xelab.exe --incr --debug typical --relax --mt 2 -L xil_defaultlib -L unisims_ver -L unimacro_ver -L secureip --snapshot tb_behav xil_defaultlib.tb xil_defaultlib.glbl -log elaborate.log 
Using 2 slave threads.
Starting static elaboration
Pass Through NonSizing Optimizer
Completed static elaboration
Starting simulation data flow analysis
Completed simulation data flow analysis
Time Resolution for simulation is 1ps
Compiling module xil_defaultlib.spi_master_mode0
Compiling module xil_defaultlib.w25q64_controller(CLK_DIV=50)
Compiling module xil_defaultlib.tb
Compiling module xil_defaultlib.glbl
Built simulation snapshot tb_behav
INFO: [USF-XSim-69] 'elaborate' step finished in '2' seconds
Time resolution is 1 ps
couldn't read file "tb.tcl": no such file or directory
save_wave_config {D:/FPGA/Vivaldo Project/INTERFACE/SPI/05_w25q64_controller/Vivado/tb_behav.wcfg}
relaunch_sim
Command: launch_simulation -step compile -simset sim_1 -mode behavioral
INFO: [Vivado 12-12493] Simulation top is 'tb'
WARNING: [Vivado 12-13340] Unable to auto find GCC executables from simulator install path! (path not set)
WARNING: [Vivado 12-13277] Compiled library path does not exist: ''
INFO: [Vivado 12-5698] Checking validity of IPs in the design for the 'XSim' simulator...
INFO: [Vivado 12-5682] Launching behavioral simulation in 'D:/FPGA/Vivaldo Project/INTERFACE/SPI/05_w25q64_controller/Vivado/05_w25q64_controller.sim/sim_1/behav/xsim'
INFO: [Vivado 12-13660] Precompiled IP simulation library mode is enabled (default). The design IP libraries will be referenced from the compiled library path. Please note that if the precompiled version of the library is not found from the path or the IP is in locked state, then the library source files for these IPs will be compiled locally as part of the compile order.
INFO: [Vivado 12-4795] Using compiled simulation libraries for IPs
INFO: [SIM-utils-51] Simulation object is 'sim_1'
INFO: [USF-XSim-2] XSim::Compile design
INFO: [USF-XSim-61] Executing 'COMPILE and ANALYZE' step in 'D:/FPGA/Vivaldo Project/INTERFACE/SPI/05_w25q64_controller/Vivado/05_w25q64_controller.sim/sim_1/behav/xsim'
"xvlog --incr --relax -prj tb_vlog.prj"
INFO: [USF-XSim-69] 'compile' step finished in '1' seconds
Command: launch_simulation -step elaborate -simset sim_1 -mode behavioral
INFO: [Vivado 12-12493] Simulation top is 'tb'
WARNING: [Vivado 12-13340] Unable to auto find GCC executables from simulator install path! (path not set)
WARNING: [Vivado 12-13277] Compiled library path does not exist: ''
INFO: [Vivado 12-5698] Checking validity of IPs in the design for the 'XSim' simulator...
INFO: [Vivado 12-5682] Launching behavioral simulation in 'D:/FPGA/Vivaldo Project/INTERFACE/SPI/05_w25q64_controller/Vivado/05_w25q64_controller.sim/sim_1/behav/xsim'
INFO: [Vivado 12-13660] Precompiled IP simulation library mode is enabled (default). The design IP libraries will be referenced from the compiled library path. Please note that if the precompiled version of the library is not found from the path or the IP is in locked state, then the library source files for these IPs will be compiled locally as part of the compile order.
INFO: [Vivado 12-4795] Using compiled simulation libraries for IPs
INFO: [SIM-utils-51] Simulation object is 'sim_1'
INFO: [USF-XSim-3] XSim::Elaborate design
INFO: [USF-XSim-61] Executing 'ELABORATE' step in 'D:/FPGA/Vivaldo Project/INTERFACE/SPI/05_w25q64_controller/Vivado/05_w25q64_controller.sim/sim_1/behav/xsim'
"xelab --incr --debug typical --relax --mt 2 -L xil_defaultlib -L unisims_ver -L unimacro_ver -L secureip --snapshot tb_behav xil_defaultlib.tb xil_defaultlib.glbl -log elaborate.log"
Vivado Simulator v2022.2
Copyright 1986-1999, 2001-2022 Xilinx, Inc. All Rights Reserved.
Running: D:/Xilinx/Vivado/2022.2/bin/unwrapped/win64.o/xelab.exe --incr --debug typical --relax --mt 2 -L xil_defaultlib -L unisims_ver -L unimacro_ver -L secureip --snapshot tb_behav xil_defaultlib.tb xil_defaultlib.glbl -log elaborate.log 
Using 2 slave threads.
Starting static elaboration
Pass Through NonSizing Optimizer
Completed static elaboration
INFO: [XSIM 43-4323] No Change in HDL. Linking previously generated obj files to create kernel
INFO: [USF-XSim-69] 'elaborate' step finished in '1' seconds
Time resolution is 1 ps
couldn't read file "tb.tcl": no such file or directory
close_sim
INFO: [Simtcl 6-16] Simulation closed
launch_simulation
Command: launch_simulation 
INFO: [Vivado 12-12493] Simulation top is 'tb'
WARNING: [Vivado 12-13340] Unable to auto find GCC executables from simulator install path! (path not set)
WARNING: [Vivado 12-13277] Compiled library path does not exist: ''
INFO: [Vivado 12-5698] Checking validity of IPs in the design for the 'XSim' simulator...
INFO: [Vivado 12-5682] Launching behavioral simulation in 'D:/FPGA/Vivaldo Project/INTERFACE/SPI/05_w25q64_controller/Vivado/05_w25q64_controller.sim/sim_1/behav/xsim'
INFO: [Vivado 12-13660] Precompiled IP simulation library mode is enabled (default). The design IP libraries will be referenced from the compiled library path. Please note that if the precompiled version of the library is not found from the path or the IP is in locked state, then the library source files for these IPs will be compiled locally as part of the compile order.
INFO: [Vivado 12-4795] Using compiled simulation libraries for IPs
INFO: [SIM-utils-51] Simulation object is 'sim_1'
INFO: [SIM-utils-72] Using boost library from 'D:/Xilinx/Vivado/2022.2/tps/boost_1_72_0'
INFO: [USF-XSim-7] Finding pre-compiled libraries...
INFO: [USF-XSim-11] File 'D:/Xilinx/Vivado/2022.2/data/xsim/xsim.ini' copied to run dir:'D:/FPGA/Vivaldo Project/INTERFACE/SPI/05_w25q64_controller/Vivado/05_w25q64_controller.sim/sim_1/behav/xsim'
INFO: [SIM-utils-54] Inspecting design source files for 'tb' in fileset 'sim_1'...
INFO: [USF-XSim-97] Finding global include files...
INFO: [USF-XSim-98] Fetching design files from 'sim_1'...
INFO: [USF-XSim-2] XSim::Compile design
INFO: [USF-XSim-61] Executing 'COMPILE and ANALYZE' step in 'D:/FPGA/Vivaldo Project/INTERFACE/SPI/05_w25q64_controller/Vivado/05_w25q64_controller.sim/sim_1/behav/xsim'
"xvlog --incr --relax -prj tb_vlog.prj"
INFO: [VRFC 10-2263] Analyzing Verilog file "D:/FPGA/Vivaldo Project/INTERFACE/SPI/05_w25q64_controller/Vivado/05_w25q64_controller.srcs/sources_1/new/spi_master_mode0.v" into library xil_defaultlib
INFO: [VRFC 10-311] analyzing module spi_master_mode0
INFO: [VRFC 10-2263] Analyzing Verilog file "D:/FPGA/Vivaldo Project/INTERFACE/SPI/05_w25q64_controller/Vivado/05_w25q64_controller.srcs/sources_1/new/w25q64_controller.v" into library xil_defaultlib
INFO: [VRFC 10-311] analyzing module w25q64_controller
INFO: [VRFC 10-2263] Analyzing Verilog file "D:/FPGA/Vivaldo Project/INTERFACE/SPI/05_w25q64_controller/Vivado/05_w25q64_controller.srcs/sim_1/new/tb.v" into library xil_defaultlib
INFO: [VRFC 10-311] analyzing module tb
INFO: [USF-XSim-69] 'compile' step finished in '1' seconds
INFO: [USF-XSim-3] XSim::Elaborate design
INFO: [USF-XSim-61] Executing 'ELABORATE' step in 'D:/FPGA/Vivaldo Project/INTERFACE/SPI/05_w25q64_controller/Vivado/05_w25q64_controller.sim/sim_1/behav/xsim'
"xelab --incr --debug typical --relax --mt 2 -L xil_defaultlib -L unisims_ver -L unimacro_ver -L secureip -L xpm --snapshot tb_behav xil_defaultlib.tb xil_defaultlib.glbl -log elaborate.log"
Vivado Simulator v2022.2
Copyright 1986-1999, 2001-2022 Xilinx, Inc. All Rights Reserved.
Running: D:/Xilinx/Vivado/2022.2/bin/unwrapped/win64.o/xelab.exe --incr --debug typical --relax --mt 2 -L xil_defaultlib -L unisims_ver -L unimacro_ver -L secureip -L xpm --snapshot tb_behav xil_defaultlib.tb xil_defaultlib.glbl -log elaborate.log 
Using 2 slave threads.
Starting static elaboration
Pass Through NonSizing Optimizer
Completed static elaboration
Starting simulation data flow analysis
Completed simulation data flow analysis
Time Resolution for simulation is 1ps
Compiling module xil_defaultlib.spi_master_mode0
Compiling module xil_defaultlib.w25q64_controller(CLK_DIV=50)
Compiling module xil_defaultlib.tb
Compiling module xil_defaultlib.glbl
Built simulation snapshot tb_behav
INFO: [USF-XSim-69] 'elaborate' step finished in '3' seconds
INFO: [USF-XSim-4] XSim::Simulate design
INFO: [USF-XSim-61] Executing 'SIMULATE' step in 'D:/FPGA/Vivaldo Project/INTERFACE/SPI/05_w25q64_controller/Vivado/05_w25q64_controller.sim/sim_1/behav/xsim'
INFO: [USF-XSim-98] *** Running xsim
   with args "tb_behav -key {Behavioral:sim_1:Functional:tb} -tclbatch {tb.tcl} -view {{D:/FPGA/Vivaldo Project/INTERFACE/SPI/05_w25q64_controller/Vivado/tb_behav.wcfg}} -log {simulate.log}"
INFO: [USF-XSim-8] Loading simulator feature
Time resolution is 1 ps
open_wave_config {D:/FPGA/Vivaldo Project/INTERFACE/SPI/05_w25q64_controller/Vivado/tb_behav.wcfg}
source tb.tcl
# set curr_wave [current_wave_config]
# if { [string length $curr_wave] == 0 } {
#   if { [llength [get_objects]] > 0} {
#     add_wave /
#     set_property needs_save false [current_wave_config]
#   } else {
#      send_msg_id Add_Wave-1 WARNING "No top level signals found. Simulator will start without a wave window. If you want to open a wave window go to 'File->New Waveform Configuration' or type 'create_wave_config' in the TCL console."
#   }
# }
# run 1000ns
INFO: [USF-XSim-96] XSim completed. Design snapshot 'tb_behav' loaded.
INFO: [USF-XSim-97] XSim simulation ran for 1000ns
run 50000 ns
relaunch_sim
Command: launch_simulation -step compile -simset sim_1 -mode behavioral
INFO: [Vivado 12-12493] Simulation top is 'tb'
WARNING: [Vivado 12-13340] Unable to auto find GCC executables from simulator install path! (path not set)
WARNING: [Vivado 12-13277] Compiled library path does not exist: ''
INFO: [Vivado 12-5698] Checking validity of IPs in the design for the 'XSim' simulator...
INFO: [Vivado 12-5682] Launching behavioral simulation in 'D:/FPGA/Vivaldo Project/INTERFACE/SPI/05_w25q64_controller/Vivado/05_w25q64_controller.sim/sim_1/behav/xsim'
INFO: [Vivado 12-13660] Precompiled IP simulation library mode is enabled (default). The design IP libraries will be referenced from the compiled library path. Please note that if the precompiled version of the library is not found from the path or the IP is in locked state, then the library source files for these IPs will be compiled locally as part of the compile order.
INFO: [Vivado 12-4795] Using compiled simulation libraries for IPs
INFO: [SIM-utils-51] Simulation object is 'sim_1'
INFO: [USF-XSim-2] XSim::Compile design
INFO: [USF-XSim-61] Executing 'COMPILE and ANALYZE' step in 'D:/FPGA/Vivaldo Project/INTERFACE/SPI/05_w25q64_controller/Vivado/05_w25q64_controller.sim/sim_1/behav/xsim'
"xvlog --incr --relax -prj tb_vlog.prj"
INFO: [VRFC 10-2263] Analyzing Verilog file "D:/FPGA/Vivaldo Project/INTERFACE/SPI/05_w25q64_controller/Vivado/05_w25q64_controller.srcs/sources_1/new/spi_master_mode0.v" into library xil_defaultlib
INFO: [VRFC 10-311] analyzing module spi_master_mode0
INFO: [VRFC 10-2263] Analyzing Verilog file "D:/FPGA/Vivaldo Project/INTERFACE/SPI/05_w25q64_controller/Vivado/05_w25q64_controller.srcs/sources_1/new/w25q64_controller.v" into library xil_defaultlib
INFO: [VRFC 10-311] analyzing module w25q64_controller
INFO: [VRFC 10-2263] Analyzing Verilog file "D:/FPGA/Vivaldo Project/INTERFACE/SPI/05_w25q64_controller/Vivado/05_w25q64_controller.srcs/sim_1/new/tb.v" into library xil_defaultlib
INFO: [VRFC 10-311] analyzing module tb
INFO: [USF-XSim-69] 'compile' step finished in '2' seconds
Command: launch_simulation -step elaborate -simset sim_1 -mode behavioral
INFO: [Vivado 12-12493] Simulation top is 'tb'
WARNING: [Vivado 12-13340] Unable to auto find GCC executables from simulator install path! (path not set)
WARNING: [Vivado 12-13277] Compiled library path does not exist: ''
INFO: [Vivado 12-5698] Checking validity of IPs in the design for the 'XSim' simulator...
INFO: [Vivado 12-5682] Launching behavioral simulation in 'D:/FPGA/Vivaldo Project/INTERFACE/SPI/05_w25q64_controller/Vivado/05_w25q64_controller.sim/sim_1/behav/xsim'
INFO: [Vivado 12-13660] Precompiled IP simulation library mode is enabled (default). The design IP libraries will be referenced from the compiled library path. Please note that if the precompiled version of the library is not found from the path or the IP is in locked state, then the library source files for these IPs will be compiled locally as part of the compile order.
INFO: [Vivado 12-4795] Using compiled simulation libraries for IPs
INFO: [SIM-utils-51] Simulation object is 'sim_1'
INFO: [USF-XSim-3] XSim::Elaborate design
INFO: [USF-XSim-61] Executing 'ELABORATE' step in 'D:/FPGA/Vivaldo Project/INTERFACE/SPI/05_w25q64_controller/Vivado/05_w25q64_controller.sim/sim_1/behav/xsim'
"xelab --incr --debug typical --relax --mt 2 -L xil_defaultlib -L unisims_ver -L unimacro_ver -L secureip -L xpm --snapshot tb_behav xil_defaultlib.tb xil_defaultlib.glbl -log elaborate.log"
Vivado Simulator v2022.2
Copyright 1986-1999, 2001-2022 Xilinx, Inc. All Rights Reserved.
Running: D:/Xilinx/Vivado/2022.2/bin/unwrapped/win64.o/xelab.exe --incr --debug typical --relax --mt 2 -L xil_defaultlib -L unisims_ver -L unimacro_ver -L secureip -L xpm --snapshot tb_behav xil_defaultlib.tb xil_defaultlib.glbl -log elaborate.log 
Using 2 slave threads.
Starting static elaboration
Pass Through NonSizing Optimizer
Completed static elaboration
Starting simulation data flow analysis
Completed simulation data flow analysis
Time Resolution for simulation is 1ps
Compiling module xil_defaultlib.spi_master_mode0
Compiling module xil_defaultlib.w25q64_controller(CLK_DIV=50)
Compiling module xil_defaultlib.tb
Compiling module xil_defaultlib.glbl
Built simulation snapshot tb_behav
INFO: [USF-XSim-69] 'elaborate' step finished in '2' seconds
Time resolution is 1 ps
run 50000 ns
relaunch_sim
Command: launch_simulation -step compile -simset sim_1 -mode behavioral
INFO: [Vivado 12-12493] Simulation top is 'tb'
WARNING: [Vivado 12-13340] Unable to auto find GCC executables from simulator install path! (path not set)
WARNING: [Vivado 12-13277] Compiled library path does not exist: ''
INFO: [Vivado 12-5698] Checking validity of IPs in the design for the 'XSim' simulator...
INFO: [Vivado 12-5682] Launching behavioral simulation in 'D:/FPGA/Vivaldo Project/INTERFACE/SPI/05_w25q64_controller/Vivado/05_w25q64_controller.sim/sim_1/behav/xsim'
INFO: [Vivado 12-13660] Precompiled IP simulation library mode is enabled (default). The design IP libraries will be referenced from the compiled library path. Please note that if the precompiled version of the library is not found from the path or the IP is in locked state, then the library source files for these IPs will be compiled locally as part of the compile order.
INFO: [Vivado 12-4795] Using compiled simulation libraries for IPs
INFO: [SIM-utils-51] Simulation object is 'sim_1'
INFO: [USF-XSim-2] XSim::Compile design
INFO: [USF-XSim-61] Executing 'COMPILE and ANALYZE' step in 'D:/FPGA/Vivaldo Project/INTERFACE/SPI/05_w25q64_controller/Vivado/05_w25q64_controller.sim/sim_1/behav/xsim'
"xvlog --incr --relax -prj tb_vlog.prj"
INFO: [USF-XSim-69] 'compile' step finished in '2' seconds
Command: launch_simulation -step elaborate -simset sim_1 -mode behavioral
INFO: [Vivado 12-12493] Simulation top is 'tb'
WARNING: [Vivado 12-13340] Unable to auto find GCC executables from simulator install path! (path not set)
WARNING: [Vivado 12-13277] Compiled library path does not exist: ''
INFO: [Vivado 12-5698] Checking validity of IPs in the design for the 'XSim' simulator...
INFO: [Vivado 12-5682] Launching behavioral simulation in 'D:/FPGA/Vivaldo Project/INTERFACE/SPI/05_w25q64_controller/Vivado/05_w25q64_controller.sim/sim_1/behav/xsim'
INFO: [Vivado 12-13660] Precompiled IP simulation library mode is enabled (default). The design IP libraries will be referenced from the compiled library path. Please note that if the precompiled version of the library is not found from the path or the IP is in locked state, then the library source files for these IPs will be compiled locally as part of the compile order.
INFO: [Vivado 12-4795] Using compiled simulation libraries for IPs
INFO: [SIM-utils-51] Simulation object is 'sim_1'
INFO: [USF-XSim-3] XSim::Elaborate design
INFO: [USF-XSim-61] Executing 'ELABORATE' step in 'D:/FPGA/Vivaldo Project/INTERFACE/SPI/05_w25q64_controller/Vivado/05_w25q64_controller.sim/sim_1/behav/xsim'
"xelab --incr --debug typical --relax --mt 2 -L xil_defaultlib -L unisims_ver -L unimacro_ver -L secureip -L xpm --snapshot tb_behav xil_defaultlib.tb xil_defaultlib.glbl -log elaborate.log"
Vivado Simulator v2022.2
Copyright 1986-1999, 2001-2022 Xilinx, Inc. All Rights Reserved.
Running: D:/Xilinx/Vivado/2022.2/bin/unwrapped/win64.o/xelab.exe --incr --debug typical --relax --mt 2 -L xil_defaultlib -L unisims_ver -L unimacro_ver -L secureip -L xpm --snapshot tb_behav xil_defaultlib.tb xil_defaultlib.glbl -log elaborate.log 
Using 2 slave threads.
Starting static elaboration
Pass Through NonSizing Optimizer
Completed static elaboration
INFO: [XSIM 43-4323] No Change in HDL. Linking previously generated obj files to create kernel
INFO: [USF-XSim-69] 'elaborate' step finished in '2' seconds
Time resolution is 1 ps
relaunch_sim
Command: launch_simulation -step compile -simset sim_1 -mode behavioral
INFO: [Vivado 12-12493] Simulation top is 'tb'
WARNING: [Vivado 12-13340] Unable to auto find GCC executables from simulator install path! (path not set)
WARNING: [Vivado 12-13277] Compiled library path does not exist: ''
INFO: [Vivado 12-5698] Checking validity of IPs in the design for the 'XSim' simulator...
INFO: [Vivado 12-5682] Launching behavioral simulation in 'D:/FPGA/Vivaldo Project/INTERFACE/SPI/05_w25q64_controller/Vivado/05_w25q64_controller.sim/sim_1/behav/xsim'
INFO: [Vivado 12-13660] Precompiled IP simulation library mode is enabled (default). The design IP libraries will be referenced from the compiled library path. Please note that if the precompiled version of the library is not found from the path or the IP is in locked state, then the library source files for these IPs will be compiled locally as part of the compile order.
INFO: [Vivado 12-4795] Using compiled simulation libraries for IPs
INFO: [SIM-utils-51] Simulation object is 'sim_1'
INFO: [USF-XSim-2] XSim::Compile design
INFO: [USF-XSim-61] Executing 'COMPILE and ANALYZE' step in 'D:/FPGA/Vivaldo Project/INTERFACE/SPI/05_w25q64_controller/Vivado/05_w25q64_controller.sim/sim_1/behav/xsim'
"xvlog --incr --relax -prj tb_vlog.prj"
INFO: [VRFC 10-2263] Analyzing Verilog file "D:/FPGA/Vivaldo Project/INTERFACE/SPI/05_w25q64_controller/Vivado/05_w25q64_controller.srcs/sources_1/new/spi_master_mode0.v" into library xil_defaultlib
INFO: [VRFC 10-311] analyzing module spi_master_mode0
INFO: [VRFC 10-2263] Analyzing Verilog file "D:/FPGA/Vivaldo Project/INTERFACE/SPI/05_w25q64_controller/Vivado/05_w25q64_controller.srcs/sources_1/new/w25q64_controller.v" into library xil_defaultlib
INFO: [VRFC 10-311] analyzing module w25q64_controller
INFO: [VRFC 10-2263] Analyzing Verilog file "D:/FPGA/Vivaldo Project/INTERFACE/SPI/05_w25q64_controller/Vivado/05_w25q64_controller.srcs/sim_1/new/tb.v" into library xil_defaultlib
INFO: [VRFC 10-311] analyzing module tb
INFO: [USF-XSim-69] 'compile' step finished in '2' seconds
Command: launch_simulation -step elaborate -simset sim_1 -mode behavioral
INFO: [Vivado 12-12493] Simulation top is 'tb'
WARNING: [Vivado 12-13340] Unable to auto find GCC executables from simulator install path! (path not set)
WARNING: [Vivado 12-13277] Compiled library path does not exist: ''
INFO: [Vivado 12-5698] Checking validity of IPs in the design for the 'XSim' simulator...
INFO: [Vivado 12-5682] Launching behavioral simulation in 'D:/FPGA/Vivaldo Project/INTERFACE/SPI/05_w25q64_controller/Vivado/05_w25q64_controller.sim/sim_1/behav/xsim'
INFO: [Vivado 12-13660] Precompiled IP simulation library mode is enabled (default). The design IP libraries will be referenced from the compiled library path. Please note that if the precompiled version of the library is not found from the path or the IP is in locked state, then the library source files for these IPs will be compiled locally as part of the compile order.
INFO: [Vivado 12-4795] Using compiled simulation libraries for IPs
INFO: [SIM-utils-51] Simulation object is 'sim_1'
INFO: [USF-XSim-3] XSim::Elaborate design
INFO: [USF-XSim-61] Executing 'ELABORATE' step in 'D:/FPGA/Vivaldo Project/INTERFACE/SPI/05_w25q64_controller/Vivado/05_w25q64_controller.sim/sim_1/behav/xsim'
"xelab --incr --debug typical --relax --mt 2 -L xil_defaultlib -L unisims_ver -L unimacro_ver -L secureip -L xpm --snapshot tb_behav xil_defaultlib.tb xil_defaultlib.glbl -log elaborate.log"
Vivado Simulator v2022.2
Copyright 1986-1999, 2001-2022 Xilinx, Inc. All Rights Reserved.
Running: D:/Xilinx/Vivado/2022.2/bin/unwrapped/win64.o/xelab.exe --incr --debug typical --relax --mt 2 -L xil_defaultlib -L unisims_ver -L unimacro_ver -L secureip -L xpm --snapshot tb_behav xil_defaultlib.tb xil_defaultlib.glbl -log elaborate.log 
Using 2 slave threads.
Starting static elaboration
Pass Through NonSizing Optimizer
Completed static elaboration
Starting simulation data flow analysis
Completed simulation data flow analysis
Time Resolution for simulation is 1ps
Compiling module xil_defaultlib.spi_master_mode0
Compiling module xil_defaultlib.w25q64_controller(CLK_DIV=50)
Compiling module xil_defaultlib.tb
Compiling module xil_defaultlib.glbl
Built simulation snapshot tb_behav
INFO: [USF-XSim-69] 'elaborate' step finished in '2' seconds
Time resolution is 1 ps
run 50000 ns
relaunch_sim
Command: launch_simulation -step compile -simset sim_1 -mode behavioral
INFO: [Vivado 12-12493] Simulation top is 'tb'
WARNING: [Vivado 12-13340] Unable to auto find GCC executables from simulator install path! (path not set)
WARNING: [Vivado 12-13277] Compiled library path does not exist: ''
INFO: [Vivado 12-5698] Checking validity of IPs in the design for the 'XSim' simulator...
INFO: [Vivado 12-5682] Launching behavioral simulation in 'D:/FPGA/Vivaldo Project/INTERFACE/SPI/05_w25q64_controller/Vivado/05_w25q64_controller.sim/sim_1/behav/xsim'
INFO: [Vivado 12-13660] Precompiled IP simulation library mode is enabled (default). The design IP libraries will be referenced from the compiled library path. Please note that if the precompiled version of the library is not found from the path or the IP is in locked state, then the library source files for these IPs will be compiled locally as part of the compile order.
INFO: [Vivado 12-4795] Using compiled simulation libraries for IPs
INFO: [SIM-utils-51] Simulation object is 'sim_1'
INFO: [USF-XSim-2] XSim::Compile design
INFO: [USF-XSim-61] Executing 'COMPILE and ANALYZE' step in 'D:/FPGA/Vivaldo Project/INTERFACE/SPI/05_w25q64_controller/Vivado/05_w25q64_controller.sim/sim_1/behav/xsim'
"xvlog --incr --relax -prj tb_vlog.prj"
INFO: [VRFC 10-2263] Analyzing Verilog file "D:/FPGA/Vivaldo Project/INTERFACE/SPI/05_w25q64_controller/Vivado/05_w25q64_controller.srcs/sources_1/new/spi_master_mode0.v" into library xil_defaultlib
INFO: [VRFC 10-311] analyzing module spi_master_mode0
INFO: [VRFC 10-2263] Analyzing Verilog file "D:/FPGA/Vivaldo Project/INTERFACE/SPI/05_w25q64_controller/Vivado/05_w25q64_controller.srcs/sources_1/new/w25q64_controller.v" into library xil_defaultlib
INFO: [VRFC 10-311] analyzing module w25q64_controller
INFO: [VRFC 10-2263] Analyzing Verilog file "D:/FPGA/Vivaldo Project/INTERFACE/SPI/05_w25q64_controller/Vivado/05_w25q64_controller.srcs/sim_1/new/tb.v" into library xil_defaultlib
INFO: [VRFC 10-311] analyzing module tb
INFO: [USF-XSim-69] 'compile' step finished in '1' seconds
Command: launch_simulation -step elaborate -simset sim_1 -mode behavioral
INFO: [Vivado 12-12493] Simulation top is 'tb'
WARNING: [Vivado 12-13340] Unable to auto find GCC executables from simulator install path! (path not set)
WARNING: [Vivado 12-13277] Compiled library path does not exist: ''
INFO: [Vivado 12-5698] Checking validity of IPs in the design for the 'XSim' simulator...
INFO: [Vivado 12-5682] Launching behavioral simulation in 'D:/FPGA/Vivaldo Project/INTERFACE/SPI/05_w25q64_controller/Vivado/05_w25q64_controller.sim/sim_1/behav/xsim'
INFO: [Vivado 12-13660] Precompiled IP simulation library mode is enabled (default). The design IP libraries will be referenced from the compiled library path. Please note that if the precompiled version of the library is not found from the path or the IP is in locked state, then the library source files for these IPs will be compiled locally as part of the compile order.
INFO: [Vivado 12-4795] Using compiled simulation libraries for IPs
INFO: [SIM-utils-51] Simulation object is 'sim_1'
INFO: [USF-XSim-3] XSim::Elaborate design
INFO: [USF-XSim-61] Executing 'ELABORATE' step in 'D:/FPGA/Vivaldo Project/INTERFACE/SPI/05_w25q64_controller/Vivado/05_w25q64_controller.sim/sim_1/behav/xsim'
"xelab --incr --debug typical --relax --mt 2 -L xil_defaultlib -L unisims_ver -L unimacro_ver -L secureip -L xpm --snapshot tb_behav xil_defaultlib.tb xil_defaultlib.glbl -log elaborate.log"
Vivado Simulator v2022.2
Copyright 1986-1999, 2001-2022 Xilinx, Inc. All Rights Reserved.
Running: D:/Xilinx/Vivado/2022.2/bin/unwrapped/win64.o/xelab.exe --incr --debug typical --relax --mt 2 -L xil_defaultlib -L unisims_ver -L unimacro_ver -L secureip -L xpm --snapshot tb_behav xil_defaultlib.tb xil_defaultlib.glbl -log elaborate.log 
Using 2 slave threads.
Starting static elaboration
Pass Through NonSizing Optimizer
Completed static elaboration
Starting simulation data flow analysis
Completed simulation data flow analysis
Time Resolution for simulation is 1ps
Compiling module xil_defaultlib.spi_master_mode0
Compiling module xil_defaultlib.w25q64_controller(CLK_DIV=50)
Compiling module xil_defaultlib.tb
Compiling module xil_defaultlib.glbl
Built simulation snapshot tb_behav
INFO: [USF-XSim-69] 'elaborate' step finished in '2' seconds
Time resolution is 1 ps
current_wave_config {tb_behav.wcfg}
tb_behav.wcfg
add_wave {{/tb/w25q64_controller/spi_master_mode0/byte_transfer_8}} 
relaunch_sim
Command: launch_simulation -step compile -simset sim_1 -mode behavioral
INFO: [Vivado 12-12493] Simulation top is 'tb'
WARNING: [Vivado 12-13340] Unable to auto find GCC executables from simulator install path! (path not set)
WARNING: [Vivado 12-13277] Compiled library path does not exist: ''
INFO: [Vivado 12-5698] Checking validity of IPs in the design for the 'XSim' simulator...
INFO: [Vivado 12-5682] Launching behavioral simulation in 'D:/FPGA/Vivaldo Project/INTERFACE/SPI/05_w25q64_controller/Vivado/05_w25q64_controller.sim/sim_1/behav/xsim'
INFO: [Vivado 12-13660] Precompiled IP simulation library mode is enabled (default). The design IP libraries will be referenced from the compiled library path. Please note that if the precompiled version of the library is not found from the path or the IP is in locked state, then the library source files for these IPs will be compiled locally as part of the compile order.
INFO: [Vivado 12-4795] Using compiled simulation libraries for IPs
INFO: [SIM-utils-51] Simulation object is 'sim_1'
INFO: [USF-XSim-2] XSim::Compile design
INFO: [USF-XSim-61] Executing 'COMPILE and ANALYZE' step in 'D:/FPGA/Vivaldo Project/INTERFACE/SPI/05_w25q64_controller/Vivado/05_w25q64_controller.sim/sim_1/behav/xsim'
"xvlog --incr --relax -prj tb_vlog.prj"
INFO: [USF-XSim-69] 'compile' step finished in '1' seconds
Command: launch_simulation -step elaborate -simset sim_1 -mode behavioral
INFO: [Vivado 12-12493] Simulation top is 'tb'
WARNING: [Vivado 12-13340] Unable to auto find GCC executables from simulator install path! (path not set)
WARNING: [Vivado 12-13277] Compiled library path does not exist: ''
INFO: [Vivado 12-5698] Checking validity of IPs in the design for the 'XSim' simulator...
INFO: [Vivado 12-5682] Launching behavioral simulation in 'D:/FPGA/Vivaldo Project/INTERFACE/SPI/05_w25q64_controller/Vivado/05_w25q64_controller.sim/sim_1/behav/xsim'
INFO: [Vivado 12-13660] Precompiled IP simulation library mode is enabled (default). The design IP libraries will be referenced from the compiled library path. Please note that if the precompiled version of the library is not found from the path or the IP is in locked state, then the library source files for these IPs will be compiled locally as part of the compile order.
INFO: [Vivado 12-4795] Using compiled simulation libraries for IPs
INFO: [SIM-utils-51] Simulation object is 'sim_1'
INFO: [USF-XSim-3] XSim::Elaborate design
INFO: [USF-XSim-61] Executing 'ELABORATE' step in 'D:/FPGA/Vivaldo Project/INTERFACE/SPI/05_w25q64_controller/Vivado/05_w25q64_controller.sim/sim_1/behav/xsim'
"xelab --incr --debug typical --relax --mt 2 -L xil_defaultlib -L unisims_ver -L unimacro_ver -L secureip -L xpm --snapshot tb_behav xil_defaultlib.tb xil_defaultlib.glbl -log elaborate.log"
Vivado Simulator v2022.2
Copyright 1986-1999, 2001-2022 Xilinx, Inc. All Rights Reserved.
Running: D:/Xilinx/Vivado/2022.2/bin/unwrapped/win64.o/xelab.exe --incr --debug typical --relax --mt 2 -L xil_defaultlib -L unisims_ver -L unimacro_ver -L secureip -L xpm --snapshot tb_behav xil_defaultlib.tb xil_defaultlib.glbl -log elaborate.log 
Using 2 slave threads.
Starting static elaboration
Pass Through NonSizing Optimizer
Completed static elaboration
INFO: [XSIM 43-4323] No Change in HDL. Linking previously generated obj files to create kernel
INFO: [USF-XSim-69] 'elaborate' step finished in '2' seconds
Time resolution is 1 ps
run 50000 ns
relaunch_sim
Command: launch_simulation -step compile -simset sim_1 -mode behavioral
INFO: [Vivado 12-12493] Simulation top is 'tb'
WARNING: [Vivado 12-13340] Unable to auto find GCC executables from simulator install path! (path not set)
WARNING: [Vivado 12-13277] Compiled library path does not exist: ''
INFO: [Vivado 12-5698] Checking validity of IPs in the design for the 'XSim' simulator...
INFO: [Vivado 12-5682] Launching behavioral simulation in 'D:/FPGA/Vivaldo Project/INTERFACE/SPI/05_w25q64_controller/Vivado/05_w25q64_controller.sim/sim_1/behav/xsim'
INFO: [Vivado 12-13660] Precompiled IP simulation library mode is enabled (default). The design IP libraries will be referenced from the compiled library path. Please note that if the precompiled version of the library is not found from the path or the IP is in locked state, then the library source files for these IPs will be compiled locally as part of the compile order.
INFO: [Vivado 12-4795] Using compiled simulation libraries for IPs
INFO: [SIM-utils-51] Simulation object is 'sim_1'
INFO: [USF-XSim-2] XSim::Compile design
INFO: [USF-XSim-61] Executing 'COMPILE and ANALYZE' step in 'D:/FPGA/Vivaldo Project/INTERFACE/SPI/05_w25q64_controller/Vivado/05_w25q64_controller.sim/sim_1/behav/xsim'
"xvlog --incr --relax -prj tb_vlog.prj"
INFO: [VRFC 10-2263] Analyzing Verilog file "D:/FPGA/Vivaldo Project/INTERFACE/SPI/05_w25q64_controller/Vivado/05_w25q64_controller.srcs/sources_1/new/spi_master_mode0.v" into library xil_defaultlib
INFO: [VRFC 10-311] analyzing module spi_master_mode0
INFO: [VRFC 10-2263] Analyzing Verilog file "D:/FPGA/Vivaldo Project/INTERFACE/SPI/05_w25q64_controller/Vivado/05_w25q64_controller.srcs/sources_1/new/w25q64_controller.v" into library xil_defaultlib
INFO: [VRFC 10-311] analyzing module w25q64_controller
INFO: [VRFC 10-2263] Analyzing Verilog file "D:/FPGA/Vivaldo Project/INTERFACE/SPI/05_w25q64_controller/Vivado/05_w25q64_controller.srcs/sim_1/new/tb.v" into library xil_defaultlib
INFO: [VRFC 10-311] analyzing module tb
INFO: [USF-XSim-69] 'compile' step finished in '2' seconds
Command: launch_simulation -step elaborate -simset sim_1 -mode behavioral
INFO: [Vivado 12-12493] Simulation top is 'tb'
WARNING: [Vivado 12-13340] Unable to auto find GCC executables from simulator install path! (path not set)
WARNING: [Vivado 12-13277] Compiled library path does not exist: ''
INFO: [Vivado 12-5698] Checking validity of IPs in the design for the 'XSim' simulator...
INFO: [Vivado 12-5682] Launching behavioral simulation in 'D:/FPGA/Vivaldo Project/INTERFACE/SPI/05_w25q64_controller/Vivado/05_w25q64_controller.sim/sim_1/behav/xsim'
INFO: [Vivado 12-13660] Precompiled IP simulation library mode is enabled (default). The design IP libraries will be referenced from the compiled library path. Please note that if the precompiled version of the library is not found from the path or the IP is in locked state, then the library source files for these IPs will be compiled locally as part of the compile order.
INFO: [Vivado 12-4795] Using compiled simulation libraries for IPs
INFO: [SIM-utils-51] Simulation object is 'sim_1'
INFO: [USF-XSim-3] XSim::Elaborate design
INFO: [USF-XSim-61] Executing 'ELABORATE' step in 'D:/FPGA/Vivaldo Project/INTERFACE/SPI/05_w25q64_controller/Vivado/05_w25q64_controller.sim/sim_1/behav/xsim'
"xelab --incr --debug typical --relax --mt 2 -L xil_defaultlib -L unisims_ver -L unimacro_ver -L secureip -L xpm --snapshot tb_behav xil_defaultlib.tb xil_defaultlib.glbl -log elaborate.log"
Vivado Simulator v2022.2
Copyright 1986-1999, 2001-2022 Xilinx, Inc. All Rights Reserved.
Running: D:/Xilinx/Vivado/2022.2/bin/unwrapped/win64.o/xelab.exe --incr --debug typical --relax --mt 2 -L xil_defaultlib -L unisims_ver -L unimacro_ver -L secureip -L xpm --snapshot tb_behav xil_defaultlib.tb xil_defaultlib.glbl -log elaborate.log 
Using 2 slave threads.
Starting static elaboration
Pass Through NonSizing Optimizer
Completed static elaboration
Starting simulation data flow analysis
Completed simulation data flow analysis
Time Resolution for simulation is 1ps
Compiling module xil_defaultlib.spi_master_mode0
Compiling module xil_defaultlib.w25q64_controller(CLK_DIV=50)
Compiling module xil_defaultlib.tb
Compiling module xil_defaultlib.glbl
Built simulation snapshot tb_behav
INFO: [USF-XSim-69] 'elaborate' step finished in '2' seconds
Time resolution is 1 ps
run 50000 ns
relaunch_sim
Command: launch_simulation -step compile -simset sim_1 -mode behavioral
INFO: [Vivado 12-12493] Simulation top is 'tb'
WARNING: [Vivado 12-13340] Unable to auto find GCC executables from simulator install path! (path not set)
WARNING: [Vivado 12-13277] Compiled library path does not exist: ''
INFO: [Vivado 12-5698] Checking validity of IPs in the design for the 'XSim' simulator...
INFO: [Vivado 12-5682] Launching behavioral simulation in 'D:/FPGA/Vivaldo Project/INTERFACE/SPI/05_w25q64_controller/Vivado/05_w25q64_controller.sim/sim_1/behav/xsim'
INFO: [Vivado 12-13660] Precompiled IP simulation library mode is enabled (default). The design IP libraries will be referenced from the compiled library path. Please note that if the precompiled version of the library is not found from the path or the IP is in locked state, then the library source files for these IPs will be compiled locally as part of the compile order.
INFO: [Vivado 12-4795] Using compiled simulation libraries for IPs
INFO: [SIM-utils-51] Simulation object is 'sim_1'
INFO: [USF-XSim-2] XSim::Compile design
INFO: [USF-XSim-61] Executing 'COMPILE and ANALYZE' step in 'D:/FPGA/Vivaldo Project/INTERFACE/SPI/05_w25q64_controller/Vivado/05_w25q64_controller.sim/sim_1/behav/xsim'
"xvlog --incr --relax -prj tb_vlog.prj"
INFO: [VRFC 10-2263] Analyzing Verilog file "D:/FPGA/Vivaldo Project/INTERFACE/SPI/05_w25q64_controller/Vivado/05_w25q64_controller.srcs/sources_1/new/spi_master_mode0.v" into library xil_defaultlib
INFO: [VRFC 10-311] analyzing module spi_master_mode0
INFO: [VRFC 10-2263] Analyzing Verilog file "D:/FPGA/Vivaldo Project/INTERFACE/SPI/05_w25q64_controller/Vivado/05_w25q64_controller.srcs/sources_1/new/w25q64_controller.v" into library xil_defaultlib
INFO: [VRFC 10-311] analyzing module w25q64_controller
INFO: [VRFC 10-2263] Analyzing Verilog file "D:/FPGA/Vivaldo Project/INTERFACE/SPI/05_w25q64_controller/Vivado/05_w25q64_controller.srcs/sim_1/new/tb.v" into library xil_defaultlib
INFO: [VRFC 10-311] analyzing module tb
INFO: [USF-XSim-69] 'compile' step finished in '1' seconds
Command: launch_simulation -step elaborate -simset sim_1 -mode behavioral
INFO: [Vivado 12-12493] Simulation top is 'tb'
WARNING: [Vivado 12-13340] Unable to auto find GCC executables from simulator install path! (path not set)
WARNING: [Vivado 12-13277] Compiled library path does not exist: ''
INFO: [Vivado 12-5698] Checking validity of IPs in the design for the 'XSim' simulator...
INFO: [Vivado 12-5682] Launching behavioral simulation in 'D:/FPGA/Vivaldo Project/INTERFACE/SPI/05_w25q64_controller/Vivado/05_w25q64_controller.sim/sim_1/behav/xsim'
INFO: [Vivado 12-13660] Precompiled IP simulation library mode is enabled (default). The design IP libraries will be referenced from the compiled library path. Please note that if the precompiled version of the library is not found from the path or the IP is in locked state, then the library source files for these IPs will be compiled locally as part of the compile order.
INFO: [Vivado 12-4795] Using compiled simulation libraries for IPs
INFO: [SIM-utils-51] Simulation object is 'sim_1'
INFO: [USF-XSim-3] XSim::Elaborate design
INFO: [USF-XSim-61] Executing 'ELABORATE' step in 'D:/FPGA/Vivaldo Project/INTERFACE/SPI/05_w25q64_controller/Vivado/05_w25q64_controller.sim/sim_1/behav/xsim'
"xelab --incr --debug typical --relax --mt 2 -L xil_defaultlib -L unisims_ver -L unimacro_ver -L secureip -L xpm --snapshot tb_behav xil_defaultlib.tb xil_defaultlib.glbl -log elaborate.log"
Vivado Simulator v2022.2
Copyright 1986-1999, 2001-2022 Xilinx, Inc. All Rights Reserved.
Running: D:/Xilinx/Vivado/2022.2/bin/unwrapped/win64.o/xelab.exe --incr --debug typical --relax --mt 2 -L xil_defaultlib -L unisims_ver -L unimacro_ver -L secureip -L xpm --snapshot tb_behav xil_defaultlib.tb xil_defaultlib.glbl -log elaborate.log 
Using 2 slave threads.
Starting static elaboration
Pass Through NonSizing Optimizer
Completed static elaboration
Starting simulation data flow analysis
Completed simulation data flow analysis
Time Resolution for simulation is 1ps
Compiling module xil_defaultlib.spi_master_mode0
Compiling module xil_defaultlib.w25q64_controller(CLK_DIV=50)
Compiling module xil_defaultlib.tb
Compiling module xil_defaultlib.glbl
Built simulation snapshot tb_behav
INFO: [USF-XSim-69] 'elaborate' step finished in '3' seconds
Time resolution is 1 ps
run 50000 ns
relaunch_sim
Command: launch_simulation -step compile -simset sim_1 -mode behavioral
INFO: [Vivado 12-12493] Simulation top is 'tb'
WARNING: [Vivado 12-13340] Unable to auto find GCC executables from simulator install path! (path not set)
WARNING: [Vivado 12-13277] Compiled library path does not exist: ''
INFO: [Vivado 12-5698] Checking validity of IPs in the design for the 'XSim' simulator...
INFO: [Vivado 12-5682] Launching behavioral simulation in 'D:/FPGA/Vivaldo Project/INTERFACE/SPI/05_w25q64_controller/Vivado/05_w25q64_controller.sim/sim_1/behav/xsim'
INFO: [Vivado 12-13660] Precompiled IP simulation library mode is enabled (default). The design IP libraries will be referenced from the compiled library path. Please note that if the precompiled version of the library is not found from the path or the IP is in locked state, then the library source files for these IPs will be compiled locally as part of the compile order.
INFO: [Vivado 12-4795] Using compiled simulation libraries for IPs
INFO: [SIM-utils-51] Simulation object is 'sim_1'
INFO: [USF-XSim-2] XSim::Compile design
INFO: [USF-XSim-61] Executing 'COMPILE and ANALYZE' step in 'D:/FPGA/Vivaldo Project/INTERFACE/SPI/05_w25q64_controller/Vivado/05_w25q64_controller.sim/sim_1/behav/xsim'
"xvlog --incr --relax -prj tb_vlog.prj"
INFO: [VRFC 10-2263] Analyzing Verilog file "D:/FPGA/Vivaldo Project/INTERFACE/SPI/05_w25q64_controller/Vivado/05_w25q64_controller.srcs/sources_1/new/spi_master_mode0.v" into library xil_defaultlib
INFO: [VRFC 10-311] analyzing module spi_master_mode0
INFO: [VRFC 10-2263] Analyzing Verilog file "D:/FPGA/Vivaldo Project/INTERFACE/SPI/05_w25q64_controller/Vivado/05_w25q64_controller.srcs/sources_1/new/w25q64_controller.v" into library xil_defaultlib
INFO: [VRFC 10-311] analyzing module w25q64_controller
INFO: [VRFC 10-2263] Analyzing Verilog file "D:/FPGA/Vivaldo Project/INTERFACE/SPI/05_w25q64_controller/Vivado/05_w25q64_controller.srcs/sim_1/new/tb.v" into library xil_defaultlib
INFO: [VRFC 10-311] analyzing module tb
INFO: [USF-XSim-69] 'compile' step finished in '2' seconds
Command: launch_simulation -step elaborate -simset sim_1 -mode behavioral
INFO: [Vivado 12-12493] Simulation top is 'tb'
WARNING: [Vivado 12-13340] Unable to auto find GCC executables from simulator install path! (path not set)
WARNING: [Vivado 12-13277] Compiled library path does not exist: ''
INFO: [Vivado 12-5698] Checking validity of IPs in the design for the 'XSim' simulator...
INFO: [Vivado 12-5682] Launching behavioral simulation in 'D:/FPGA/Vivaldo Project/INTERFACE/SPI/05_w25q64_controller/Vivado/05_w25q64_controller.sim/sim_1/behav/xsim'
INFO: [Vivado 12-13660] Precompiled IP simulation library mode is enabled (default). The design IP libraries will be referenced from the compiled library path. Please note that if the precompiled version of the library is not found from the path or the IP is in locked state, then the library source files for these IPs will be compiled locally as part of the compile order.
INFO: [Vivado 12-4795] Using compiled simulation libraries for IPs
INFO: [SIM-utils-51] Simulation object is 'sim_1'
INFO: [USF-XSim-3] XSim::Elaborate design
INFO: [USF-XSim-61] Executing 'ELABORATE' step in 'D:/FPGA/Vivaldo Project/INTERFACE/SPI/05_w25q64_controller/Vivado/05_w25q64_controller.sim/sim_1/behav/xsim'
"xelab --incr --debug typical --relax --mt 2 -L xil_defaultlib -L unisims_ver -L unimacro_ver -L secureip -L xpm --snapshot tb_behav xil_defaultlib.tb xil_defaultlib.glbl -log elaborate.log"
Vivado Simulator v2022.2
Copyright 1986-1999, 2001-2022 Xilinx, Inc. All Rights Reserved.
Running: D:/Xilinx/Vivado/2022.2/bin/unwrapped/win64.o/xelab.exe --incr --debug typical --relax --mt 2 -L xil_defaultlib -L unisims_ver -L unimacro_ver -L secureip -L xpm --snapshot tb_behav xil_defaultlib.tb xil_defaultlib.glbl -log elaborate.log 
Using 2 slave threads.
Starting static elaboration
Pass Through NonSizing Optimizer
Completed static elaboration
Starting simulation data flow analysis
Completed simulation data flow analysis
Time Resolution for simulation is 1ps
Compiling module xil_defaultlib.spi_master_mode0
Compiling module xil_defaultlib.w25q64_controller(CLK_DIV=50)
Compiling module xil_defaultlib.tb
Compiling module xil_defaultlib.glbl
Built simulation snapshot tb_behav
INFO: [USF-XSim-69] 'elaborate' step finished in '3' seconds
Time resolution is 1 ps
relaunch_sim
Command: launch_simulation -step compile -simset sim_1 -mode behavioral
INFO: [Vivado 12-12493] Simulation top is 'tb'
WARNING: [Vivado 12-13340] Unable to auto find GCC executables from simulator install path! (path not set)
WARNING: [Vivado 12-13277] Compiled library path does not exist: ''
INFO: [Vivado 12-5698] Checking validity of IPs in the design for the 'XSim' simulator...
INFO: [Vivado 12-5682] Launching behavioral simulation in 'D:/FPGA/Vivaldo Project/INTERFACE/SPI/05_w25q64_controller/Vivado/05_w25q64_controller.sim/sim_1/behav/xsim'
INFO: [Vivado 12-13660] Precompiled IP simulation library mode is enabled (default). The design IP libraries will be referenced from the compiled library path. Please note that if the precompiled version of the library is not found from the path or the IP is in locked state, then the library source files for these IPs will be compiled locally as part of the compile order.
INFO: [Vivado 12-4795] Using compiled simulation libraries for IPs
INFO: [SIM-utils-51] Simulation object is 'sim_1'
INFO: [USF-XSim-2] XSim::Compile design
INFO: [USF-XSim-61] Executing 'COMPILE and ANALYZE' step in 'D:/FPGA/Vivaldo Project/INTERFACE/SPI/05_w25q64_controller/Vivado/05_w25q64_controller.sim/sim_1/behav/xsim'
"xvlog --incr --relax -prj tb_vlog.prj"
INFO: [VRFC 10-2263] Analyzing Verilog file "D:/FPGA/Vivaldo Project/INTERFACE/SPI/05_w25q64_controller/Vivado/05_w25q64_controller.srcs/sources_1/new/spi_master_mode0.v" into library xil_defaultlib
INFO: [VRFC 10-311] analyzing module spi_master_mode0
INFO: [VRFC 10-2263] Analyzing Verilog file "D:/FPGA/Vivaldo Project/INTERFACE/SPI/05_w25q64_controller/Vivado/05_w25q64_controller.srcs/sources_1/new/w25q64_controller.v" into library xil_defaultlib
INFO: [VRFC 10-311] analyzing module w25q64_controller
INFO: [VRFC 10-2263] Analyzing Verilog file "D:/FPGA/Vivaldo Project/INTERFACE/SPI/05_w25q64_controller/Vivado/05_w25q64_controller.srcs/sim_1/new/tb.v" into library xil_defaultlib
INFO: [VRFC 10-311] analyzing module tb
INFO: [USF-XSim-69] 'compile' step finished in '2' seconds
Command: launch_simulation -step elaborate -simset sim_1 -mode behavioral
INFO: [Vivado 12-12493] Simulation top is 'tb'
WARNING: [Vivado 12-13340] Unable to auto find GCC executables from simulator install path! (path not set)
WARNING: [Vivado 12-13277] Compiled library path does not exist: ''
INFO: [Vivado 12-5698] Checking validity of IPs in the design for the 'XSim' simulator...
INFO: [Vivado 12-5682] Launching behavioral simulation in 'D:/FPGA/Vivaldo Project/INTERFACE/SPI/05_w25q64_controller/Vivado/05_w25q64_controller.sim/sim_1/behav/xsim'
INFO: [Vivado 12-13660] Precompiled IP simulation library mode is enabled (default). The design IP libraries will be referenced from the compiled library path. Please note that if the precompiled version of the library is not found from the path or the IP is in locked state, then the library source files for these IPs will be compiled locally as part of the compile order.
INFO: [Vivado 12-4795] Using compiled simulation libraries for IPs
INFO: [SIM-utils-51] Simulation object is 'sim_1'
INFO: [USF-XSim-3] XSim::Elaborate design
INFO: [USF-XSim-61] Executing 'ELABORATE' step in 'D:/FPGA/Vivaldo Project/INTERFACE/SPI/05_w25q64_controller/Vivado/05_w25q64_controller.sim/sim_1/behav/xsim'
"xelab --incr --debug typical --relax --mt 2 -L xil_defaultlib -L unisims_ver -L unimacro_ver -L secureip -L xpm --snapshot tb_behav xil_defaultlib.tb xil_defaultlib.glbl -log elaborate.log"
Vivado Simulator v2022.2
Copyright 1986-1999, 2001-2022 Xilinx, Inc. All Rights Reserved.
Running: D:/Xilinx/Vivado/2022.2/bin/unwrapped/win64.o/xelab.exe --incr --debug typical --relax --mt 2 -L xil_defaultlib -L unisims_ver -L unimacro_ver -L secureip -L xpm --snapshot tb_behav xil_defaultlib.tb xil_defaultlib.glbl -log elaborate.log 
Using 2 slave threads.
Starting static elaboration
Pass Through NonSizing Optimizer
Completed static elaboration
Starting simulation data flow analysis
Completed simulation data flow analysis
Time Resolution for simulation is 1ps
Compiling module xil_defaultlib.spi_master_mode0
Compiling module xil_defaultlib.w25q64_controller(CLK_DIV=50)
Compiling module xil_defaultlib.tb
Compiling module xil_defaultlib.glbl
Built simulation snapshot tb_behav
INFO: [USF-XSim-69] 'elaborate' step finished in '2' seconds
Time resolution is 1 ps
relaunch_sim
Command: launch_simulation -step compile -simset sim_1 -mode behavioral
INFO: [Vivado 12-12493] Simulation top is 'tb'
WARNING: [Vivado 12-13340] Unable to auto find GCC executables from simulator install path! (path not set)
WARNING: [Vivado 12-13277] Compiled library path does not exist: ''
INFO: [Vivado 12-5698] Checking validity of IPs in the design for the 'XSim' simulator...
INFO: [Vivado 12-5682] Launching behavioral simulation in 'D:/FPGA/Vivaldo Project/INTERFACE/SPI/05_w25q64_controller/Vivado/05_w25q64_controller.sim/sim_1/behav/xsim'
INFO: [Vivado 12-13660] Precompiled IP simulation library mode is enabled (default). The design IP libraries will be referenced from the compiled library path. Please note that if the precompiled version of the library is not found from the path or the IP is in locked state, then the library source files for these IPs will be compiled locally as part of the compile order.
INFO: [Vivado 12-4795] Using compiled simulation libraries for IPs
INFO: [SIM-utils-51] Simulation object is 'sim_1'
INFO: [USF-XSim-2] XSim::Compile design
INFO: [USF-XSim-61] Executing 'COMPILE and ANALYZE' step in 'D:/FPGA/Vivaldo Project/INTERFACE/SPI/05_w25q64_controller/Vivado/05_w25q64_controller.sim/sim_1/behav/xsim'
"xvlog --incr --relax -prj tb_vlog.prj"
INFO: [VRFC 10-2263] Analyzing Verilog file "D:/FPGA/Vivaldo Project/INTERFACE/SPI/05_w25q64_controller/Vivado/05_w25q64_controller.srcs/sources_1/new/spi_master_mode0.v" into library xil_defaultlib
INFO: [VRFC 10-311] analyzing module spi_master_mode0
INFO: [VRFC 10-2263] Analyzing Verilog file "D:/FPGA/Vivaldo Project/INTERFACE/SPI/05_w25q64_controller/Vivado/05_w25q64_controller.srcs/sources_1/new/w25q64_controller.v" into library xil_defaultlib
INFO: [VRFC 10-311] analyzing module w25q64_controller
INFO: [VRFC 10-2263] Analyzing Verilog file "D:/FPGA/Vivaldo Project/INTERFACE/SPI/05_w25q64_controller/Vivado/05_w25q64_controller.srcs/sim_1/new/tb.v" into library xil_defaultlib
INFO: [VRFC 10-311] analyzing module tb
ERROR: [VRFC 10-3163] cannot assign to non-variable 'i' [D:/FPGA/Vivaldo Project/INTERFACE/SPI/05_w25q64_controller/Vivado/05_w25q64_controller.srcs/sim_1/new/tb.v:87]
ERROR: [VRFC 10-1280] procedural assignment to a non-register i is not permitted, left-hand side should be reg/integer/time/genvar [D:/FPGA/Vivaldo Project/INTERFACE/SPI/05_w25q64_controller/Vivado/05_w25q64_controller.srcs/sim_1/new/tb.v:87]
ERROR: [VRFC 10-8530] module 'tb' is ignored due to previous errors [D:/FPGA/Vivaldo Project/INTERFACE/SPI/05_w25q64_controller/Vivado/05_w25q64_controller.srcs/sim_1/new/tb.v:23]
INFO: [USF-XSim-69] 'compile' step finished in '2' seconds
INFO: [USF-XSim-99] Step results log file:'D:/FPGA/Vivaldo Project/INTERFACE/SPI/05_w25q64_controller/Vivado/05_w25q64_controller.sim/sim_1/behav/xsim/xvlog.log'
ERROR: [USF-XSim-62] 'compile' step failed with error(s). Please check the Tcl console output or 'D:/FPGA/Vivaldo Project/INTERFACE/SPI/05_w25q64_controller/Vivado/05_w25q64_controller.sim/sim_1/behav/xsim/xvlog.log' file for more information.
ERROR: [Vivado 12-4473] Detected error while running simulation. Please correct the issue and retry this operation.
ERROR: [Common 17-39] 'launch_simulation' failed due to earlier errors.
ERROR: [Common 17-69] Command failed: ERROR: [Common 17-39] 'launch_simulation' failed due to earlier errors.

relaunch_sim
Command: launch_simulation -step compile -simset sim_1 -mode behavioral
INFO: [Vivado 12-12493] Simulation top is 'tb'
WARNING: [Vivado 12-13340] Unable to auto find GCC executables from simulator install path! (path not set)
WARNING: [Vivado 12-13277] Compiled library path does not exist: ''
INFO: [Vivado 12-5698] Checking validity of IPs in the design for the 'XSim' simulator...
INFO: [Vivado 12-5682] Launching behavioral simulation in 'D:/FPGA/Vivaldo Project/INTERFACE/SPI/05_w25q64_controller/Vivado/05_w25q64_controller.sim/sim_1/behav/xsim'
INFO: [Vivado 12-13660] Precompiled IP simulation library mode is enabled (default). The design IP libraries will be referenced from the compiled library path. Please note that if the precompiled version of the library is not found from the path or the IP is in locked state, then the library source files for these IPs will be compiled locally as part of the compile order.
INFO: [Vivado 12-4795] Using compiled simulation libraries for IPs
INFO: [SIM-utils-51] Simulation object is 'sim_1'
INFO: [USF-XSim-2] XSim::Compile design
INFO: [USF-XSim-61] Executing 'COMPILE and ANALYZE' step in 'D:/FPGA/Vivaldo Project/INTERFACE/SPI/05_w25q64_controller/Vivado/05_w25q64_controller.sim/sim_1/behav/xsim'
"xvlog --incr --relax -prj tb_vlog.prj"
INFO: [VRFC 10-2263] Analyzing Verilog file "D:/FPGA/Vivaldo Project/INTERFACE/SPI/05_w25q64_controller/Vivado/05_w25q64_controller.srcs/sources_1/new/spi_master_mode0.v" into library xil_defaultlib
INFO: [VRFC 10-311] analyzing module spi_master_mode0
INFO: [VRFC 10-2263] Analyzing Verilog file "D:/FPGA/Vivaldo Project/INTERFACE/SPI/05_w25q64_controller/Vivado/05_w25q64_controller.srcs/sources_1/new/w25q64_controller.v" into library xil_defaultlib
INFO: [VRFC 10-311] analyzing module w25q64_controller
INFO: [VRFC 10-2263] Analyzing Verilog file "D:/FPGA/Vivaldo Project/INTERFACE/SPI/05_w25q64_controller/Vivado/05_w25q64_controller.srcs/sim_1/new/tb.v" into library xil_defaultlib
INFO: [VRFC 10-311] analyzing module tb
ERROR: [VRFC 10-3163] cannot assign to non-variable 'i' [D:/FPGA/Vivaldo Project/INTERFACE/SPI/05_w25q64_controller/Vivado/05_w25q64_controller.srcs/sim_1/new/tb.v:87]
ERROR: [VRFC 10-1280] procedural assignment to a non-register i is not permitted, left-hand side should be reg/integer/time/genvar [D:/FPGA/Vivaldo Project/INTERFACE/SPI/05_w25q64_controller/Vivado/05_w25q64_controller.srcs/sim_1/new/tb.v:87]
ERROR: [VRFC 10-8530] module 'tb' is ignored due to previous errors [D:/FPGA/Vivaldo Project/INTERFACE/SPI/05_w25q64_controller/Vivado/05_w25q64_controller.srcs/sim_1/new/tb.v:23]
INFO: [USF-XSim-69] 'compile' step finished in '2' seconds
INFO: [USF-XSim-99] Step results log file:'D:/FPGA/Vivaldo Project/INTERFACE/SPI/05_w25q64_controller/Vivado/05_w25q64_controller.sim/sim_1/behav/xsim/xvlog.log'
ERROR: [USF-XSim-62] 'compile' step failed with error(s). Please check the Tcl console output or 'D:/FPGA/Vivaldo Project/INTERFACE/SPI/05_w25q64_controller/Vivado/05_w25q64_controller.sim/sim_1/behav/xsim/xvlog.log' file for more information.
ERROR: [Vivado 12-4473] Detected error while running simulation. Please correct the issue and retry this operation.
ERROR: [Common 17-39] 'launch_simulation' failed due to earlier errors.
ERROR: [Common 17-69] Command failed: ERROR: [Common 17-39] 'launch_simulation' failed due to earlier errors.

relaunch_sim
Command: launch_simulation -step compile -simset sim_1 -mode behavioral
INFO: [Vivado 12-12493] Simulation top is 'tb'
WARNING: [Vivado 12-13340] Unable to auto find GCC executables from simulator install path! (path not set)
WARNING: [Vivado 12-13277] Compiled library path does not exist: ''
INFO: [Vivado 12-5698] Checking validity of IPs in the design for the 'XSim' simulator...
INFO: [Vivado 12-5682] Launching behavioral simulation in 'D:/FPGA/Vivaldo Project/INTERFACE/SPI/05_w25q64_controller/Vivado/05_w25q64_controller.sim/sim_1/behav/xsim'
INFO: [Vivado 12-13660] Precompiled IP simulation library mode is enabled (default). The design IP libraries will be referenced from the compiled library path. Please note that if the precompiled version of the library is not found from the path or the IP is in locked state, then the library source files for these IPs will be compiled locally as part of the compile order.
INFO: [Vivado 12-4795] Using compiled simulation libraries for IPs
INFO: [SIM-utils-51] Simulation object is 'sim_1'
INFO: [USF-XSim-2] XSim::Compile design
INFO: [USF-XSim-61] Executing 'COMPILE and ANALYZE' step in 'D:/FPGA/Vivaldo Project/INTERFACE/SPI/05_w25q64_controller/Vivado/05_w25q64_controller.sim/sim_1/behav/xsim'
"xvlog --incr --relax -prj tb_vlog.prj"
INFO: [VRFC 10-2263] Analyzing Verilog file "D:/FPGA/Vivaldo Project/INTERFACE/SPI/05_w25q64_controller/Vivado/05_w25q64_controller.srcs/sources_1/new/spi_master_mode0.v" into library xil_defaultlib
INFO: [VRFC 10-311] analyzing module spi_master_mode0
INFO: [VRFC 10-2263] Analyzing Verilog file "D:/FPGA/Vivaldo Project/INTERFACE/SPI/05_w25q64_controller/Vivado/05_w25q64_controller.srcs/sources_1/new/w25q64_controller.v" into library xil_defaultlib
INFO: [VRFC 10-311] analyzing module w25q64_controller
INFO: [VRFC 10-2263] Analyzing Verilog file "D:/FPGA/Vivaldo Project/INTERFACE/SPI/05_w25q64_controller/Vivado/05_w25q64_controller.srcs/sim_1/new/tb.v" into library xil_defaultlib
INFO: [VRFC 10-311] analyzing module tb
INFO: [USF-XSim-69] 'compile' step finished in '2' seconds
Command: launch_simulation -step elaborate -simset sim_1 -mode behavioral
INFO: [Vivado 12-12493] Simulation top is 'tb'
WARNING: [Vivado 12-13340] Unable to auto find GCC executables from simulator install path! (path not set)
WARNING: [Vivado 12-13277] Compiled library path does not exist: ''
INFO: [Vivado 12-5698] Checking validity of IPs in the design for the 'XSim' simulator...
INFO: [Vivado 12-5682] Launching behavioral simulation in 'D:/FPGA/Vivaldo Project/INTERFACE/SPI/05_w25q64_controller/Vivado/05_w25q64_controller.sim/sim_1/behav/xsim'
INFO: [Vivado 12-13660] Precompiled IP simulation library mode is enabled (default). The design IP libraries will be referenced from the compiled library path. Please note that if the precompiled version of the library is not found from the path or the IP is in locked state, then the library source files for these IPs will be compiled locally as part of the compile order.
INFO: [Vivado 12-4795] Using compiled simulation libraries for IPs
INFO: [SIM-utils-51] Simulation object is 'sim_1'
INFO: [USF-XSim-3] XSim::Elaborate design
INFO: [USF-XSim-61] Executing 'ELABORATE' step in 'D:/FPGA/Vivaldo Project/INTERFACE/SPI/05_w25q64_controller/Vivado/05_w25q64_controller.sim/sim_1/behav/xsim'
"xelab --incr --debug typical --relax --mt 2 -L xil_defaultlib -L unisims_ver -L unimacro_ver -L secureip -L xpm --snapshot tb_behav xil_defaultlib.tb xil_defaultlib.glbl -log elaborate.log"
Vivado Simulator v2022.2
Copyright 1986-1999, 2001-2022 Xilinx, Inc. All Rights Reserved.
Running: D:/Xilinx/Vivado/2022.2/bin/unwrapped/win64.o/xelab.exe --incr --debug typical --relax --mt 2 -L xil_defaultlib -L unisims_ver -L unimacro_ver -L secureip -L xpm --snapshot tb_behav xil_defaultlib.tb xil_defaultlib.glbl -log elaborate.log 
Using 2 slave threads.
Starting static elaboration
Pass Through NonSizing Optimizer
Completed static elaboration
Starting simulation data flow analysis
Completed simulation data flow analysis
Time Resolution for simulation is 1ps
Compiling module xil_defaultlib.spi_master_mode0
Compiling module xil_defaultlib.w25q64_controller(CLK_DIV=50)
Compiling module xil_defaultlib.tb
Compiling module xil_defaultlib.glbl
Built simulation snapshot tb_behav
INFO: [USF-XSim-69] 'elaborate' step finished in '2' seconds
Time resolution is 1 ps
run 50000 ns
relaunch_sim
Command: launch_simulation -step compile -simset sim_1 -mode behavioral
INFO: [Vivado 12-12493] Simulation top is 'tb'
WARNING: [Vivado 12-13340] Unable to auto find GCC executables from simulator install path! (path not set)
WARNING: [Vivado 12-13277] Compiled library path does not exist: ''
INFO: [Vivado 12-5698] Checking validity of IPs in the design for the 'XSim' simulator...
INFO: [Vivado 12-5682] Launching behavioral simulation in 'D:/FPGA/Vivaldo Project/INTERFACE/SPI/05_w25q64_controller/Vivado/05_w25q64_controller.sim/sim_1/behav/xsim'
INFO: [Vivado 12-13660] Precompiled IP simulation library mode is enabled (default). The design IP libraries will be referenced from the compiled library path. Please note that if the precompiled version of the library is not found from the path or the IP is in locked state, then the library source files for these IPs will be compiled locally as part of the compile order.
INFO: [Vivado 12-4795] Using compiled simulation libraries for IPs
INFO: [SIM-utils-51] Simulation object is 'sim_1'
INFO: [USF-XSim-2] XSim::Compile design
INFO: [USF-XSim-61] Executing 'COMPILE and ANALYZE' step in 'D:/FPGA/Vivaldo Project/INTERFACE/SPI/05_w25q64_controller/Vivado/05_w25q64_controller.sim/sim_1/behav/xsim'
"xvlog --incr --relax -prj tb_vlog.prj"
INFO: [VRFC 10-2263] Analyzing Verilog file "D:/FPGA/Vivaldo Project/INTERFACE/SPI/05_w25q64_controller/Vivado/05_w25q64_controller.srcs/sources_1/new/spi_master_mode0.v" into library xil_defaultlib
INFO: [VRFC 10-311] analyzing module spi_master_mode0
INFO: [VRFC 10-2263] Analyzing Verilog file "D:/FPGA/Vivaldo Project/INTERFACE/SPI/05_w25q64_controller/Vivado/05_w25q64_controller.srcs/sources_1/new/w25q64_controller.v" into library xil_defaultlib
INFO: [VRFC 10-311] analyzing module w25q64_controller
INFO: [VRFC 10-2263] Analyzing Verilog file "D:/FPGA/Vivaldo Project/INTERFACE/SPI/05_w25q64_controller/Vivado/05_w25q64_controller.srcs/sim_1/new/tb.v" into library xil_defaultlib
INFO: [VRFC 10-311] analyzing module tb
INFO: [USF-XSim-69] 'compile' step finished in '1' seconds
Command: launch_simulation -step elaborate -simset sim_1 -mode behavioral
INFO: [Vivado 12-12493] Simulation top is 'tb'
WARNING: [Vivado 12-13340] Unable to auto find GCC executables from simulator install path! (path not set)
WARNING: [Vivado 12-13277] Compiled library path does not exist: ''
INFO: [Vivado 12-5698] Checking validity of IPs in the design for the 'XSim' simulator...
INFO: [Vivado 12-5682] Launching behavioral simulation in 'D:/FPGA/Vivaldo Project/INTERFACE/SPI/05_w25q64_controller/Vivado/05_w25q64_controller.sim/sim_1/behav/xsim'
INFO: [Vivado 12-13660] Precompiled IP simulation library mode is enabled (default). The design IP libraries will be referenced from the compiled library path. Please note that if the precompiled version of the library is not found from the path or the IP is in locked state, then the library source files for these IPs will be compiled locally as part of the compile order.
INFO: [Vivado 12-4795] Using compiled simulation libraries for IPs
INFO: [SIM-utils-51] Simulation object is 'sim_1'
INFO: [USF-XSim-3] XSim::Elaborate design
INFO: [USF-XSim-61] Executing 'ELABORATE' step in 'D:/FPGA/Vivaldo Project/INTERFACE/SPI/05_w25q64_controller/Vivado/05_w25q64_controller.sim/sim_1/behav/xsim'
"xelab --incr --debug typical --relax --mt 2 -L xil_defaultlib -L unisims_ver -L unimacro_ver -L secureip -L xpm --snapshot tb_behav xil_defaultlib.tb xil_defaultlib.glbl -log elaborate.log"
Vivado Simulator v2022.2
Copyright 1986-1999, 2001-2022 Xilinx, Inc. All Rights Reserved.
Running: D:/Xilinx/Vivado/2022.2/bin/unwrapped/win64.o/xelab.exe --incr --debug typical --relax --mt 2 -L xil_defaultlib -L unisims_ver -L unimacro_ver -L secureip -L xpm --snapshot tb_behav xil_defaultlib.tb xil_defaultlib.glbl -log elaborate.log 
Using 2 slave threads.
Starting static elaboration
Pass Through NonSizing Optimizer
Completed static elaboration
Starting simulation data flow analysis
Completed simulation data flow analysis
Time Resolution for simulation is 1ps
Compiling module xil_defaultlib.spi_master_mode0
Compiling module xil_defaultlib.w25q64_controller(CLK_DIV=50)
Compiling module xil_defaultlib.tb
Compiling module xil_defaultlib.glbl
Built simulation snapshot tb_behav
INFO: [USF-XSim-69] 'elaborate' step finished in '2' seconds
Time resolution is 1 ps
run 50000 ns
save_wave_config {D:/FPGA/Vivaldo Project/INTERFACE/SPI/05_w25q64_controller/Vivado/tb_behav.wcfg}
relaunch_sim
Command: launch_simulation -step compile -simset sim_1 -mode behavioral
INFO: [Vivado 12-12493] Simulation top is 'tb'
WARNING: [Vivado 12-13340] Unable to auto find GCC executables from simulator install path! (path not set)
WARNING: [Vivado 12-13277] Compiled library path does not exist: ''
INFO: [Vivado 12-5698] Checking validity of IPs in the design for the 'XSim' simulator...
INFO: [Vivado 12-5682] Launching behavioral simulation in 'D:/FPGA/Vivaldo Project/INTERFACE/SPI/05_w25q64_controller/Vivado/05_w25q64_controller.sim/sim_1/behav/xsim'
INFO: [Vivado 12-13660] Precompiled IP simulation library mode is enabled (default). The design IP libraries will be referenced from the compiled library path. Please note that if the precompiled version of the library is not found from the path or the IP is in locked state, then the library source files for these IPs will be compiled locally as part of the compile order.
INFO: [Vivado 12-4795] Using compiled simulation libraries for IPs
INFO: [SIM-utils-51] Simulation object is 'sim_1'
INFO: [USF-XSim-2] XSim::Compile design
INFO: [USF-XSim-61] Executing 'COMPILE and ANALYZE' step in 'D:/FPGA/Vivaldo Project/INTERFACE/SPI/05_w25q64_controller/Vivado/05_w25q64_controller.sim/sim_1/behav/xsim'
"xvlog --incr --relax -prj tb_vlog.prj"
INFO: [VRFC 10-2263] Analyzing Verilog file "D:/FPGA/Vivaldo Project/INTERFACE/SPI/05_w25q64_controller/Vivado/05_w25q64_controller.srcs/sources_1/new/spi_master_mode0.v" into library xil_defaultlib
INFO: [VRFC 10-311] analyzing module spi_master_mode0
INFO: [VRFC 10-2263] Analyzing Verilog file "D:/FPGA/Vivaldo Project/INTERFACE/SPI/05_w25q64_controller/Vivado/05_w25q64_controller.srcs/sources_1/new/w25q64_controller.v" into library xil_defaultlib
INFO: [VRFC 10-311] analyzing module w25q64_controller
INFO: [VRFC 10-2263] Analyzing Verilog file "D:/FPGA/Vivaldo Project/INTERFACE/SPI/05_w25q64_controller/Vivado/05_w25q64_controller.srcs/sim_1/new/tb.v" into library xil_defaultlib
INFO: [VRFC 10-311] analyzing module tb
INFO: [USF-XSim-69] 'compile' step finished in '2' seconds
Command: launch_simulation -step elaborate -simset sim_1 -mode behavioral
INFO: [Vivado 12-12493] Simulation top is 'tb'
WARNING: [Vivado 12-13340] Unable to auto find GCC executables from simulator install path! (path not set)
WARNING: [Vivado 12-13277] Compiled library path does not exist: ''
INFO: [Vivado 12-5698] Checking validity of IPs in the design for the 'XSim' simulator...
INFO: [Vivado 12-5682] Launching behavioral simulation in 'D:/FPGA/Vivaldo Project/INTERFACE/SPI/05_w25q64_controller/Vivado/05_w25q64_controller.sim/sim_1/behav/xsim'
INFO: [Vivado 12-13660] Precompiled IP simulation library mode is enabled (default). The design IP libraries will be referenced from the compiled library path. Please note that if the precompiled version of the library is not found from the path or the IP is in locked state, then the library source files for these IPs will be compiled locally as part of the compile order.
INFO: [Vivado 12-4795] Using compiled simulation libraries for IPs
INFO: [SIM-utils-51] Simulation object is 'sim_1'
INFO: [USF-XSim-3] XSim::Elaborate design
INFO: [USF-XSim-61] Executing 'ELABORATE' step in 'D:/FPGA/Vivaldo Project/INTERFACE/SPI/05_w25q64_controller/Vivado/05_w25q64_controller.sim/sim_1/behav/xsim'
"xelab --incr --debug typical --relax --mt 2 -L xil_defaultlib -L unisims_ver -L unimacro_ver -L secureip -L xpm --snapshot tb_behav xil_defaultlib.tb xil_defaultlib.glbl -log elaborate.log"
Vivado Simulator v2022.2
Copyright 1986-1999, 2001-2022 Xilinx, Inc. All Rights Reserved.
Running: D:/Xilinx/Vivado/2022.2/bin/unwrapped/win64.o/xelab.exe --incr --debug typical --relax --mt 2 -L xil_defaultlib -L unisims_ver -L unimacro_ver -L secureip -L xpm --snapshot tb_behav xil_defaultlib.tb xil_defaultlib.glbl -log elaborate.log 
Using 2 slave threads.
Starting static elaboration
Pass Through NonSizing Optimizer
Completed static elaboration
Starting simulation data flow analysis
Completed simulation data flow analysis
Time Resolution for simulation is 1ps
Compiling module xil_defaultlib.spi_master_mode0
Compiling module xil_defaultlib.w25q64_controller(CLK_DIV=50)
Compiling module xil_defaultlib.tb
Compiling module xil_defaultlib.glbl
Built simulation snapshot tb_behav
INFO: [USF-XSim-69] 'elaborate' step finished in '2' seconds
Time resolution is 1 ps
run 50000 ns
save_wave_config {D:/FPGA/Vivaldo Project/INTERFACE/SPI/05_w25q64_controller/Vivado/tb_behav.wcfg}
current_wave_config {tb_behav.wcfg}
D:/FPGA/Vivaldo Project/INTERFACE/SPI/05_w25q64_controller/Vivado/tb_behav.wcfg
add_wave {{/tb/w25q64_controller/spi_data_out}} {{/tb/w25q64_controller/spi_done}} {{/tb/w25q64_controller/spi_busy}} 
relaunch_sim
Command: launch_simulation -step compile -simset sim_1 -mode behavioral
INFO: [Vivado 12-12493] Simulation top is 'tb'
WARNING: [Vivado 12-13340] Unable to auto find GCC executables from simulator install path! (path not set)
WARNING: [Vivado 12-13277] Compiled library path does not exist: ''
INFO: [Vivado 12-5698] Checking validity of IPs in the design for the 'XSim' simulator...
INFO: [Vivado 12-5682] Launching behavioral simulation in 'D:/FPGA/Vivaldo Project/INTERFACE/SPI/05_w25q64_controller/Vivado/05_w25q64_controller.sim/sim_1/behav/xsim'
INFO: [Vivado 12-13660] Precompiled IP simulation library mode is enabled (default). The design IP libraries will be referenced from the compiled library path. Please note that if the precompiled version of the library is not found from the path or the IP is in locked state, then the library source files for these IPs will be compiled locally as part of the compile order.
INFO: [Vivado 12-4795] Using compiled simulation libraries for IPs
INFO: [SIM-utils-51] Simulation object is 'sim_1'
INFO: [USF-XSim-2] XSim::Compile design
INFO: [USF-XSim-61] Executing 'COMPILE and ANALYZE' step in 'D:/FPGA/Vivaldo Project/INTERFACE/SPI/05_w25q64_controller/Vivado/05_w25q64_controller.sim/sim_1/behav/xsim'
"xvlog --incr --relax -prj tb_vlog.prj"
INFO: [USF-XSim-69] 'compile' step finished in '1' seconds
Command: launch_simulation -step elaborate -simset sim_1 -mode behavioral
INFO: [Vivado 12-12493] Simulation top is 'tb'
WARNING: [Vivado 12-13340] Unable to auto find GCC executables from simulator install path! (path not set)
WARNING: [Vivado 12-13277] Compiled library path does not exist: ''
INFO: [Vivado 12-5698] Checking validity of IPs in the design for the 'XSim' simulator...
INFO: [Vivado 12-5682] Launching behavioral simulation in 'D:/FPGA/Vivaldo Project/INTERFACE/SPI/05_w25q64_controller/Vivado/05_w25q64_controller.sim/sim_1/behav/xsim'
INFO: [Vivado 12-13660] Precompiled IP simulation library mode is enabled (default). The design IP libraries will be referenced from the compiled library path. Please note that if the precompiled version of the library is not found from the path or the IP is in locked state, then the library source files for these IPs will be compiled locally as part of the compile order.
INFO: [Vivado 12-4795] Using compiled simulation libraries for IPs
INFO: [SIM-utils-51] Simulation object is 'sim_1'
INFO: [USF-XSim-3] XSim::Elaborate design
INFO: [USF-XSim-61] Executing 'ELABORATE' step in 'D:/FPGA/Vivaldo Project/INTERFACE/SPI/05_w25q64_controller/Vivado/05_w25q64_controller.sim/sim_1/behav/xsim'
"xelab --incr --debug typical --relax --mt 2 -L xil_defaultlib -L unisims_ver -L unimacro_ver -L secureip -L xpm --snapshot tb_behav xil_defaultlib.tb xil_defaultlib.glbl -log elaborate.log"
Vivado Simulator v2022.2
Copyright 1986-1999, 2001-2022 Xilinx, Inc. All Rights Reserved.
Running: D:/Xilinx/Vivado/2022.2/bin/unwrapped/win64.o/xelab.exe --incr --debug typical --relax --mt 2 -L xil_defaultlib -L unisims_ver -L unimacro_ver -L secureip -L xpm --snapshot tb_behav xil_defaultlib.tb xil_defaultlib.glbl -log elaborate.log 
Using 2 slave threads.
Starting static elaboration
Pass Through NonSizing Optimizer
Completed static elaboration
INFO: [XSIM 43-4323] No Change in HDL. Linking previously generated obj files to create kernel
INFO: [USF-XSim-69] 'elaborate' step finished in '2' seconds
Time resolution is 1 ps
run 50000 ns
relaunch_sim
Command: launch_simulation -step compile -simset sim_1 -mode behavioral
INFO: [Vivado 12-12493] Simulation top is 'tb'
WARNING: [Vivado 12-13340] Unable to auto find GCC executables from simulator install path! (path not set)
WARNING: [Vivado 12-13277] Compiled library path does not exist: ''
INFO: [Vivado 12-5698] Checking validity of IPs in the design for the 'XSim' simulator...
INFO: [Vivado 12-5682] Launching behavioral simulation in 'D:/FPGA/Vivaldo Project/INTERFACE/SPI/05_w25q64_controller/Vivado/05_w25q64_controller.sim/sim_1/behav/xsim'
INFO: [Vivado 12-13660] Precompiled IP simulation library mode is enabled (default). The design IP libraries will be referenced from the compiled library path. Please note that if the precompiled version of the library is not found from the path or the IP is in locked state, then the library source files for these IPs will be compiled locally as part of the compile order.
INFO: [Vivado 12-4795] Using compiled simulation libraries for IPs
INFO: [SIM-utils-51] Simulation object is 'sim_1'
INFO: [USF-XSim-2] XSim::Compile design
INFO: [USF-XSim-61] Executing 'COMPILE and ANALYZE' step in 'D:/FPGA/Vivaldo Project/INTERFACE/SPI/05_w25q64_controller/Vivado/05_w25q64_controller.sim/sim_1/behav/xsim'
"xvlog --incr --relax -prj tb_vlog.prj"
INFO: [VRFC 10-2263] Analyzing Verilog file "D:/FPGA/Vivaldo Project/INTERFACE/SPI/05_w25q64_controller/Vivado/05_w25q64_controller.srcs/sources_1/new/spi_master_mode0.v" into library xil_defaultlib
INFO: [VRFC 10-311] analyzing module spi_master_mode0
INFO: [VRFC 10-2263] Analyzing Verilog file "D:/FPGA/Vivaldo Project/INTERFACE/SPI/05_w25q64_controller/Vivado/05_w25q64_controller.srcs/sources_1/new/w25q64_controller.v" into library xil_defaultlib
INFO: [VRFC 10-311] analyzing module w25q64_controller
INFO: [VRFC 10-2263] Analyzing Verilog file "D:/FPGA/Vivaldo Project/INTERFACE/SPI/05_w25q64_controller/Vivado/05_w25q64_controller.srcs/sim_1/new/tb.v" into library xil_defaultlib
INFO: [VRFC 10-311] analyzing module tb
INFO: [USF-XSim-69] 'compile' step finished in '2' seconds
Command: launch_simulation -step elaborate -simset sim_1 -mode behavioral
INFO: [Vivado 12-12493] Simulation top is 'tb'
WARNING: [Vivado 12-13340] Unable to auto find GCC executables from simulator install path! (path not set)
WARNING: [Vivado 12-13277] Compiled library path does not exist: ''
INFO: [Vivado 12-5698] Checking validity of IPs in the design for the 'XSim' simulator...
INFO: [Vivado 12-5682] Launching behavioral simulation in 'D:/FPGA/Vivaldo Project/INTERFACE/SPI/05_w25q64_controller/Vivado/05_w25q64_controller.sim/sim_1/behav/xsim'
INFO: [Vivado 12-13660] Precompiled IP simulation library mode is enabled (default). The design IP libraries will be referenced from the compiled library path. Please note that if the precompiled version of the library is not found from the path or the IP is in locked state, then the library source files for these IPs will be compiled locally as part of the compile order.
INFO: [Vivado 12-4795] Using compiled simulation libraries for IPs
INFO: [SIM-utils-51] Simulation object is 'sim_1'
INFO: [USF-XSim-3] XSim::Elaborate design
INFO: [USF-XSim-61] Executing 'ELABORATE' step in 'D:/FPGA/Vivaldo Project/INTERFACE/SPI/05_w25q64_controller/Vivado/05_w25q64_controller.sim/sim_1/behav/xsim'
"xelab --incr --debug typical --relax --mt 2 -L xil_defaultlib -L unisims_ver -L unimacro_ver -L secureip -L xpm --snapshot tb_behav xil_defaultlib.tb xil_defaultlib.glbl -log elaborate.log"
Vivado Simulator v2022.2
Copyright 1986-1999, 2001-2022 Xilinx, Inc. All Rights Reserved.
Running: D:/Xilinx/Vivado/2022.2/bin/unwrapped/win64.o/xelab.exe --incr --debug typical --relax --mt 2 -L xil_defaultlib -L unisims_ver -L unimacro_ver -L secureip -L xpm --snapshot tb_behav xil_defaultlib.tb xil_defaultlib.glbl -log elaborate.log 
Using 2 slave threads.
Starting static elaboration
Pass Through NonSizing Optimizer
Completed static elaboration
Starting simulation data flow analysis
Completed simulation data flow analysis
Time Resolution for simulation is 1ps
Compiling module xil_defaultlib.spi_master_mode0
Compiling module xil_defaultlib.w25q64_controller(CLK_DIV=50)
Compiling module xil_defaultlib.tb
Compiling module xil_defaultlib.glbl
Built simulation snapshot tb_behav
INFO: [USF-XSim-69] 'elaborate' step finished in '2' seconds
Time resolution is 1 ps
run 50000 ns
relaunch_sim
Command: launch_simulation -step compile -simset sim_1 -mode behavioral
INFO: [Vivado 12-12493] Simulation top is 'tb'
WARNING: [Vivado 12-13340] Unable to auto find GCC executables from simulator install path! (path not set)
WARNING: [Vivado 12-13277] Compiled library path does not exist: ''
INFO: [Vivado 12-5698] Checking validity of IPs in the design for the 'XSim' simulator...
INFO: [Vivado 12-5682] Launching behavioral simulation in 'D:/FPGA/Vivaldo Project/INTERFACE/SPI/05_w25q64_controller/Vivado/05_w25q64_controller.sim/sim_1/behav/xsim'
INFO: [Vivado 12-13660] Precompiled IP simulation library mode is enabled (default). The design IP libraries will be referenced from the compiled library path. Please note that if the precompiled version of the library is not found from the path or the IP is in locked state, then the library source files for these IPs will be compiled locally as part of the compile order.
INFO: [Vivado 12-4795] Using compiled simulation libraries for IPs
INFO: [SIM-utils-51] Simulation object is 'sim_1'
INFO: [USF-XSim-2] XSim::Compile design
INFO: [USF-XSim-61] Executing 'COMPILE and ANALYZE' step in 'D:/FPGA/Vivaldo Project/INTERFACE/SPI/05_w25q64_controller/Vivado/05_w25q64_controller.sim/sim_1/behav/xsim'
"xvlog --incr --relax -prj tb_vlog.prj"
INFO: [VRFC 10-2263] Analyzing Verilog file "D:/FPGA/Vivaldo Project/INTERFACE/SPI/05_w25q64_controller/Vivado/05_w25q64_controller.srcs/sources_1/new/spi_master_mode0.v" into library xil_defaultlib
INFO: [VRFC 10-311] analyzing module spi_master_mode0
INFO: [VRFC 10-2263] Analyzing Verilog file "D:/FPGA/Vivaldo Project/INTERFACE/SPI/05_w25q64_controller/Vivado/05_w25q64_controller.srcs/sources_1/new/w25q64_controller.v" into library xil_defaultlib
INFO: [VRFC 10-311] analyzing module w25q64_controller
INFO: [VRFC 10-2263] Analyzing Verilog file "D:/FPGA/Vivaldo Project/INTERFACE/SPI/05_w25q64_controller/Vivado/05_w25q64_controller.srcs/sim_1/new/tb.v" into library xil_defaultlib
INFO: [VRFC 10-311] analyzing module tb
INFO: [USF-XSim-69] 'compile' step finished in '2' seconds
Command: launch_simulation -step elaborate -simset sim_1 -mode behavioral
INFO: [Vivado 12-12493] Simulation top is 'tb'
WARNING: [Vivado 12-13340] Unable to auto find GCC executables from simulator install path! (path not set)
WARNING: [Vivado 12-13277] Compiled library path does not exist: ''
INFO: [Vivado 12-5698] Checking validity of IPs in the design for the 'XSim' simulator...
INFO: [Vivado 12-5682] Launching behavioral simulation in 'D:/FPGA/Vivaldo Project/INTERFACE/SPI/05_w25q64_controller/Vivado/05_w25q64_controller.sim/sim_1/behav/xsim'
INFO: [Vivado 12-13660] Precompiled IP simulation library mode is enabled (default). The design IP libraries will be referenced from the compiled library path. Please note that if the precompiled version of the library is not found from the path or the IP is in locked state, then the library source files for these IPs will be compiled locally as part of the compile order.
INFO: [Vivado 12-4795] Using compiled simulation libraries for IPs
INFO: [SIM-utils-51] Simulation object is 'sim_1'
INFO: [USF-XSim-3] XSim::Elaborate design
INFO: [USF-XSim-61] Executing 'ELABORATE' step in 'D:/FPGA/Vivaldo Project/INTERFACE/SPI/05_w25q64_controller/Vivado/05_w25q64_controller.sim/sim_1/behav/xsim'
"xelab --incr --debug typical --relax --mt 2 -L xil_defaultlib -L unisims_ver -L unimacro_ver -L secureip -L xpm --snapshot tb_behav xil_defaultlib.tb xil_defaultlib.glbl -log elaborate.log"
Vivado Simulator v2022.2
Copyright 1986-1999, 2001-2022 Xilinx, Inc. All Rights Reserved.
Running: D:/Xilinx/Vivado/2022.2/bin/unwrapped/win64.o/xelab.exe --incr --debug typical --relax --mt 2 -L xil_defaultlib -L unisims_ver -L unimacro_ver -L secureip -L xpm --snapshot tb_behav xil_defaultlib.tb xil_defaultlib.glbl -log elaborate.log 
Using 2 slave threads.
Starting static elaboration
Pass Through NonSizing Optimizer
Completed static elaboration
Starting simulation data flow analysis
Completed simulation data flow analysis
Time Resolution for simulation is 1ps
Compiling module xil_defaultlib.spi_master_mode0
Compiling module xil_defaultlib.w25q64_controller(CLK_DIV=50)
Compiling module xil_defaultlib.tb
Compiling module xil_defaultlib.glbl
Built simulation snapshot tb_behav
INFO: [USF-XSim-69] 'elaborate' step finished in '3' seconds
Time resolution is 1 ps
run 50000 ns
current_wave_config {tb_behav.wcfg}
D:/FPGA/Vivaldo Project/INTERFACE/SPI/05_w25q64_controller/Vivado/tb_behav.wcfg
add_wave {{/tb/w25q64_controller/r_spi_data_out}} 
relaunch_sim
Command: launch_simulation -step compile -simset sim_1 -mode behavioral
INFO: [Vivado 12-12493] Simulation top is 'tb'
WARNING: [Vivado 12-13340] Unable to auto find GCC executables from simulator install path! (path not set)
WARNING: [Vivado 12-13277] Compiled library path does not exist: ''
INFO: [Vivado 12-5698] Checking validity of IPs in the design for the 'XSim' simulator...
INFO: [Vivado 12-5682] Launching behavioral simulation in 'D:/FPGA/Vivaldo Project/INTERFACE/SPI/05_w25q64_controller/Vivado/05_w25q64_controller.sim/sim_1/behav/xsim'
INFO: [Vivado 12-13660] Precompiled IP simulation library mode is enabled (default). The design IP libraries will be referenced from the compiled library path. Please note that if the precompiled version of the library is not found from the path or the IP is in locked state, then the library source files for these IPs will be compiled locally as part of the compile order.
INFO: [Vivado 12-4795] Using compiled simulation libraries for IPs
INFO: [SIM-utils-51] Simulation object is 'sim_1'
INFO: [USF-XSim-2] XSim::Compile design
INFO: [USF-XSim-61] Executing 'COMPILE and ANALYZE' step in 'D:/FPGA/Vivaldo Project/INTERFACE/SPI/05_w25q64_controller/Vivado/05_w25q64_controller.sim/sim_1/behav/xsim'
"xvlog --incr --relax -prj tb_vlog.prj"
INFO: [USF-XSim-69] 'compile' step finished in '1' seconds
Command: launch_simulation -step elaborate -simset sim_1 -mode behavioral
INFO: [Vivado 12-12493] Simulation top is 'tb'
WARNING: [Vivado 12-13340] Unable to auto find GCC executables from simulator install path! (path not set)
WARNING: [Vivado 12-13277] Compiled library path does not exist: ''
INFO: [Vivado 12-5698] Checking validity of IPs in the design for the 'XSim' simulator...
INFO: [Vivado 12-5682] Launching behavioral simulation in 'D:/FPGA/Vivaldo Project/INTERFACE/SPI/05_w25q64_controller/Vivado/05_w25q64_controller.sim/sim_1/behav/xsim'
INFO: [Vivado 12-13660] Precompiled IP simulation library mode is enabled (default). The design IP libraries will be referenced from the compiled library path. Please note that if the precompiled version of the library is not found from the path or the IP is in locked state, then the library source files for these IPs will be compiled locally as part of the compile order.
INFO: [Vivado 12-4795] Using compiled simulation libraries for IPs
INFO: [SIM-utils-51] Simulation object is 'sim_1'
INFO: [USF-XSim-3] XSim::Elaborate design
INFO: [USF-XSim-61] Executing 'ELABORATE' step in 'D:/FPGA/Vivaldo Project/INTERFACE/SPI/05_w25q64_controller/Vivado/05_w25q64_controller.sim/sim_1/behav/xsim'
"xelab --incr --debug typical --relax --mt 2 -L xil_defaultlib -L unisims_ver -L unimacro_ver -L secureip -L xpm --snapshot tb_behav xil_defaultlib.tb xil_defaultlib.glbl -log elaborate.log"
Vivado Simulator v2022.2
Copyright 1986-1999, 2001-2022 Xilinx, Inc. All Rights Reserved.
Running: D:/Xilinx/Vivado/2022.2/bin/unwrapped/win64.o/xelab.exe --incr --debug typical --relax --mt 2 -L xil_defaultlib -L unisims_ver -L unimacro_ver -L secureip -L xpm --snapshot tb_behav xil_defaultlib.tb xil_defaultlib.glbl -log elaborate.log 
Using 2 slave threads.
Starting static elaboration
Pass Through NonSizing Optimizer
Completed static elaboration
INFO: [XSIM 43-4323] No Change in HDL. Linking previously generated obj files to create kernel
INFO: [USF-XSim-69] 'elaborate' step finished in '2' seconds
Time resolution is 1 ps
run 50000 ns
current_wave_config {tb_behav.wcfg}
D:/FPGA/Vivaldo Project/INTERFACE/SPI/05_w25q64_controller/Vivado/tb_behav.wcfg
add_wave {{/tb/w25q64_controller/o_read_data}} {{/tb/w25q64_controller/o_jedec_id}} {{/tb/w25q64_controller/o_status_reg}} 
relaunch_sim
Command: launch_simulation -step compile -simset sim_1 -mode behavioral
INFO: [Vivado 12-12493] Simulation top is 'tb'
WARNING: [Vivado 12-13340] Unable to auto find GCC executables from simulator install path! (path not set)
WARNING: [Vivado 12-13277] Compiled library path does not exist: ''
INFO: [Vivado 12-5698] Checking validity of IPs in the design for the 'XSim' simulator...
INFO: [Vivado 12-5682] Launching behavioral simulation in 'D:/FPGA/Vivaldo Project/INTERFACE/SPI/05_w25q64_controller/Vivado/05_w25q64_controller.sim/sim_1/behav/xsim'
INFO: [Vivado 12-13660] Precompiled IP simulation library mode is enabled (default). The design IP libraries will be referenced from the compiled library path. Please note that if the precompiled version of the library is not found from the path or the IP is in locked state, then the library source files for these IPs will be compiled locally as part of the compile order.
INFO: [Vivado 12-4795] Using compiled simulation libraries for IPs
INFO: [SIM-utils-51] Simulation object is 'sim_1'
INFO: [USF-XSim-2] XSim::Compile design
INFO: [USF-XSim-61] Executing 'COMPILE and ANALYZE' step in 'D:/FPGA/Vivaldo Project/INTERFACE/SPI/05_w25q64_controller/Vivado/05_w25q64_controller.sim/sim_1/behav/xsim'
"xvlog --incr --relax -prj tb_vlog.prj"
INFO: [USF-XSim-69] 'compile' step finished in '2' seconds
Command: launch_simulation -step elaborate -simset sim_1 -mode behavioral
INFO: [Vivado 12-12493] Simulation top is 'tb'
WARNING: [Vivado 12-13340] Unable to auto find GCC executables from simulator install path! (path not set)
WARNING: [Vivado 12-13277] Compiled library path does not exist: ''
INFO: [Vivado 12-5698] Checking validity of IPs in the design for the 'XSim' simulator...
INFO: [Vivado 12-5682] Launching behavioral simulation in 'D:/FPGA/Vivaldo Project/INTERFACE/SPI/05_w25q64_controller/Vivado/05_w25q64_controller.sim/sim_1/behav/xsim'
INFO: [Vivado 12-13660] Precompiled IP simulation library mode is enabled (default). The design IP libraries will be referenced from the compiled library path. Please note that if the precompiled version of the library is not found from the path or the IP is in locked state, then the library source files for these IPs will be compiled locally as part of the compile order.
INFO: [Vivado 12-4795] Using compiled simulation libraries for IPs
INFO: [SIM-utils-51] Simulation object is 'sim_1'
INFO: [USF-XSim-3] XSim::Elaborate design
INFO: [USF-XSim-61] Executing 'ELABORATE' step in 'D:/FPGA/Vivaldo Project/INTERFACE/SPI/05_w25q64_controller/Vivado/05_w25q64_controller.sim/sim_1/behav/xsim'
"xelab --incr --debug typical --relax --mt 2 -L xil_defaultlib -L unisims_ver -L unimacro_ver -L secureip -L xpm --snapshot tb_behav xil_defaultlib.tb xil_defaultlib.glbl -log elaborate.log"
Vivado Simulator v2022.2
Copyright 1986-1999, 2001-2022 Xilinx, Inc. All Rights Reserved.
Running: D:/Xilinx/Vivado/2022.2/bin/unwrapped/win64.o/xelab.exe --incr --debug typical --relax --mt 2 -L xil_defaultlib -L unisims_ver -L unimacro_ver -L secureip -L xpm --snapshot tb_behav xil_defaultlib.tb xil_defaultlib.glbl -log elaborate.log 
Using 2 slave threads.
Starting static elaboration
Pass Through NonSizing Optimizer
Completed static elaboration
INFO: [XSIM 43-4323] No Change in HDL. Linking previously generated obj files to create kernel
INFO: [USF-XSim-69] 'elaborate' step finished in '2' seconds
Time resolution is 1 ps
save_wave_config {D:/FPGA/Vivaldo Project/INTERFACE/SPI/05_w25q64_controller/Vivado/tb_behav.wcfg}
run 50000 ns
relaunch_sim
Command: launch_simulation -step compile -simset sim_1 -mode behavioral
INFO: [Vivado 12-12493] Simulation top is 'tb'
WARNING: [Vivado 12-13340] Unable to auto find GCC executables from simulator install path! (path not set)
WARNING: [Vivado 12-13277] Compiled library path does not exist: ''
INFO: [Vivado 12-5698] Checking validity of IPs in the design for the 'XSim' simulator...
INFO: [Vivado 12-5682] Launching behavioral simulation in 'D:/FPGA/Vivaldo Project/INTERFACE/SPI/05_w25q64_controller/Vivado/05_w25q64_controller.sim/sim_1/behav/xsim'
INFO: [Vivado 12-13660] Precompiled IP simulation library mode is enabled (default). The design IP libraries will be referenced from the compiled library path. Please note that if the precompiled version of the library is not found from the path or the IP is in locked state, then the library source files for these IPs will be compiled locally as part of the compile order.
INFO: [Vivado 12-4795] Using compiled simulation libraries for IPs
INFO: [SIM-utils-51] Simulation object is 'sim_1'
INFO: [USF-XSim-2] XSim::Compile design
INFO: [USF-XSim-61] Executing 'COMPILE and ANALYZE' step in 'D:/FPGA/Vivaldo Project/INTERFACE/SPI/05_w25q64_controller/Vivado/05_w25q64_controller.sim/sim_1/behav/xsim'
"xvlog --incr --relax -prj tb_vlog.prj"
INFO: [VRFC 10-2263] Analyzing Verilog file "D:/FPGA/Vivaldo Project/INTERFACE/SPI/05_w25q64_controller/Vivado/05_w25q64_controller.srcs/sources_1/new/spi_master_mode0.v" into library xil_defaultlib
INFO: [VRFC 10-311] analyzing module spi_master_mode0
INFO: [VRFC 10-2263] Analyzing Verilog file "D:/FPGA/Vivaldo Project/INTERFACE/SPI/05_w25q64_controller/Vivado/05_w25q64_controller.srcs/sources_1/new/w25q64_controller.v" into library xil_defaultlib
INFO: [VRFC 10-311] analyzing module w25q64_controller
INFO: [VRFC 10-2263] Analyzing Verilog file "D:/FPGA/Vivaldo Project/INTERFACE/SPI/05_w25q64_controller/Vivado/05_w25q64_controller.srcs/sim_1/new/tb.v" into library xil_defaultlib
INFO: [VRFC 10-311] analyzing module tb
INFO: [USF-XSim-69] 'compile' step finished in '1' seconds
Command: launch_simulation -step elaborate -simset sim_1 -mode behavioral
INFO: [Vivado 12-12493] Simulation top is 'tb'
WARNING: [Vivado 12-13340] Unable to auto find GCC executables from simulator install path! (path not set)
WARNING: [Vivado 12-13277] Compiled library path does not exist: ''
INFO: [Vivado 12-5698] Checking validity of IPs in the design for the 'XSim' simulator...
INFO: [Vivado 12-5682] Launching behavioral simulation in 'D:/FPGA/Vivaldo Project/INTERFACE/SPI/05_w25q64_controller/Vivado/05_w25q64_controller.sim/sim_1/behav/xsim'
INFO: [Vivado 12-13660] Precompiled IP simulation library mode is enabled (default). The design IP libraries will be referenced from the compiled library path. Please note that if the precompiled version of the library is not found from the path or the IP is in locked state, then the library source files for these IPs will be compiled locally as part of the compile order.
INFO: [Vivado 12-4795] Using compiled simulation libraries for IPs
INFO: [SIM-utils-51] Simulation object is 'sim_1'
INFO: [USF-XSim-3] XSim::Elaborate design
INFO: [USF-XSim-61] Executing 'ELABORATE' step in 'D:/FPGA/Vivaldo Project/INTERFACE/SPI/05_w25q64_controller/Vivado/05_w25q64_controller.sim/sim_1/behav/xsim'
"xelab --incr --debug typical --relax --mt 2 -L xil_defaultlib -L unisims_ver -L unimacro_ver -L secureip -L xpm --snapshot tb_behav xil_defaultlib.tb xil_defaultlib.glbl -log elaborate.log"
Vivado Simulator v2022.2
Copyright 1986-1999, 2001-2022 Xilinx, Inc. All Rights Reserved.
Running: D:/Xilinx/Vivado/2022.2/bin/unwrapped/win64.o/xelab.exe --incr --debug typical --relax --mt 2 -L xil_defaultlib -L unisims_ver -L unimacro_ver -L secureip -L xpm --snapshot tb_behav xil_defaultlib.tb xil_defaultlib.glbl -log elaborate.log 
Using 2 slave threads.
Starting static elaboration
Pass Through NonSizing Optimizer
Completed static elaboration
Starting simulation data flow analysis
Completed simulation data flow analysis
Time Resolution for simulation is 1ps
Compiling module xil_defaultlib.spi_master_mode0
Compiling module xil_defaultlib.w25q64_controller(CLK_DIV=50)
Compiling module xil_defaultlib.tb
Compiling module xil_defaultlib.glbl
Built simulation snapshot tb_behav
INFO: [USF-XSim-69] 'elaborate' step finished in '2' seconds
Time resolution is 1 ps
run 50000 ns
current_wave_config {tb_behav.wcfg}
D:/FPGA/Vivaldo Project/INTERFACE/SPI/05_w25q64_controller/Vivado/tb_behav.wcfg
add_wave {{/tb/w25q64_controller/clk}} {{/tb/w25q64_controller/rst_n}} {{/tb/w25q64_controller/start}} {{/tb/w25q64_controller/command}} {{/tb/w25q64_controller/address}} {{/tb/w25q64_controller/data_in}} {{/tb/w25q64_controller/o_read_data}} {{/tb/w25q64_controller/o_jedec_id}} {{/tb/w25q64_controller/o_status_reg}} {{/tb/w25q64_controller/verify_led}} {{/tb/w25q64_controller/spi_clk}} {{/tb/w25q64_controller/spi_mosi}} {{/tb/w25q64_controller/spi_cs_n}} {{/tb/w25q64_controller/spi_miso}} {{/tb/w25q64_controller/done_led}} {{/tb/w25q64_controller/busy_led}} {{/tb/w25q64_controller/state}} {{/tb/w25q64_controller/next_state}} {{/tb/w25q64_controller/r_command}} {{/tb/w25q64_controller/r_address}} {{/tb/w25q64_controller/r_data_in}} {{/tb/w25q64_controller/spi_start}} {{/tb/w25q64_controller/spi_byte_transfer}} {{/tb/w25q64_controller/spi_data_in}} {{/tb/w25q64_controller/counter}} {{/tb/w25q64_controller/r_spi_data_out}} {{/tb/w25q64_controller/done_page_pro}} {{/tb/w25q64_controller/done_sec_erase}} {{/tb/w25q64_controller/verify_ok}} {{/tb/w25q64_controller/spi_data_out}} {{/tb/w25q64_controller/spi_done}} {{/tb/w25q64_controller/spi_busy}} {{/tb/w25q64_controller/CLK_DIV}} {{/tb/w25q64_controller/MAX_BYTE}} {{/tb/w25q64_controller/IDLE}} {{/tb/w25q64_controller/JEDEC_ID}} {{/tb/w25q64_controller/STATUS_READ}} {{/tb/w25q64_controller/DATA_READ}} {{/tb/w25q64_controller/PAGE_PRO}} {{/tb/w25q64_controller/SEC_ERASE}} {{/tb/w25q64_controller/FINISH}} 
relaunch_sim
Command: launch_simulation -step compile -simset sim_1 -mode behavioral
INFO: [Vivado 12-12493] Simulation top is 'tb'
WARNING: [Vivado 12-13340] Unable to auto find GCC executables from simulator install path! (path not set)
WARNING: [Vivado 12-13277] Compiled library path does not exist: ''
INFO: [Vivado 12-5698] Checking validity of IPs in the design for the 'XSim' simulator...
INFO: [Vivado 12-5682] Launching behavioral simulation in 'D:/FPGA/Vivaldo Project/INTERFACE/SPI/05_w25q64_controller/Vivado/05_w25q64_controller.sim/sim_1/behav/xsim'
INFO: [Vivado 12-13660] Precompiled IP simulation library mode is enabled (default). The design IP libraries will be referenced from the compiled library path. Please note that if the precompiled version of the library is not found from the path or the IP is in locked state, then the library source files for these IPs will be compiled locally as part of the compile order.
INFO: [Vivado 12-4795] Using compiled simulation libraries for IPs
INFO: [SIM-utils-51] Simulation object is 'sim_1'
INFO: [USF-XSim-2] XSim::Compile design
INFO: [USF-XSim-61] Executing 'COMPILE and ANALYZE' step in 'D:/FPGA/Vivaldo Project/INTERFACE/SPI/05_w25q64_controller/Vivado/05_w25q64_controller.sim/sim_1/behav/xsim'
"xvlog --incr --relax -prj tb_vlog.prj"
INFO: [USF-XSim-69] 'compile' step finished in '1' seconds
Command: launch_simulation -step elaborate -simset sim_1 -mode behavioral
INFO: [Vivado 12-12493] Simulation top is 'tb'
WARNING: [Vivado 12-13340] Unable to auto find GCC executables from simulator install path! (path not set)
WARNING: [Vivado 12-13277] Compiled library path does not exist: ''
INFO: [Vivado 12-5698] Checking validity of IPs in the design for the 'XSim' simulator...
INFO: [Vivado 12-5682] Launching behavioral simulation in 'D:/FPGA/Vivaldo Project/INTERFACE/SPI/05_w25q64_controller/Vivado/05_w25q64_controller.sim/sim_1/behav/xsim'
INFO: [Vivado 12-13660] Precompiled IP simulation library mode is enabled (default). The design IP libraries will be referenced from the compiled library path. Please note that if the precompiled version of the library is not found from the path or the IP is in locked state, then the library source files for these IPs will be compiled locally as part of the compile order.
INFO: [Vivado 12-4795] Using compiled simulation libraries for IPs
INFO: [SIM-utils-51] Simulation object is 'sim_1'
INFO: [USF-XSim-3] XSim::Elaborate design
INFO: [USF-XSim-61] Executing 'ELABORATE' step in 'D:/FPGA/Vivaldo Project/INTERFACE/SPI/05_w25q64_controller/Vivado/05_w25q64_controller.sim/sim_1/behav/xsim'
"xelab --incr --debug typical --relax --mt 2 -L xil_defaultlib -L unisims_ver -L unimacro_ver -L secureip -L xpm --snapshot tb_behav xil_defaultlib.tb xil_defaultlib.glbl -log elaborate.log"
Vivado Simulator v2022.2
Copyright 1986-1999, 2001-2022 Xilinx, Inc. All Rights Reserved.
Running: D:/Xilinx/Vivado/2022.2/bin/unwrapped/win64.o/xelab.exe --incr --debug typical --relax --mt 2 -L xil_defaultlib -L unisims_ver -L unimacro_ver -L secureip -L xpm --snapshot tb_behav xil_defaultlib.tb xil_defaultlib.glbl -log elaborate.log 
Using 2 slave threads.
Starting static elaboration
Pass Through NonSizing Optimizer
Completed static elaboration
INFO: [XSIM 43-4323] No Change in HDL. Linking previously generated obj files to create kernel
INFO: [USF-XSim-69] 'elaborate' step finished in '2' seconds
Time resolution is 1 ps
run 50000 ns
save_wave_config {D:/FPGA/Vivaldo Project/INTERFACE/SPI/05_w25q64_controller/Vivado/tb_behav.wcfg}
save_wave_config {D:/FPGA/Vivaldo Project/INTERFACE/SPI/05_w25q64_controller/Vivado/tb_behav.wcfg}
relaunch_sim
Command: launch_simulation -step compile -simset sim_1 -mode behavioral
INFO: [Vivado 12-12493] Simulation top is 'tb'
WARNING: [Vivado 12-13340] Unable to auto find GCC executables from simulator install path! (path not set)
WARNING: [Vivado 12-13277] Compiled library path does not exist: ''
INFO: [Vivado 12-5698] Checking validity of IPs in the design for the 'XSim' simulator...
INFO: [Vivado 12-5682] Launching behavioral simulation in 'D:/FPGA/Vivaldo Project/INTERFACE/SPI/05_w25q64_controller/Vivado/05_w25q64_controller.sim/sim_1/behav/xsim'
INFO: [Vivado 12-13660] Precompiled IP simulation library mode is enabled (default). The design IP libraries will be referenced from the compiled library path. Please note that if the precompiled version of the library is not found from the path or the IP is in locked state, then the library source files for these IPs will be compiled locally as part of the compile order.
INFO: [Vivado 12-4795] Using compiled simulation libraries for IPs
INFO: [SIM-utils-51] Simulation object is 'sim_1'
INFO: [USF-XSim-2] XSim::Compile design
INFO: [USF-XSim-61] Executing 'COMPILE and ANALYZE' step in 'D:/FPGA/Vivaldo Project/INTERFACE/SPI/05_w25q64_controller/Vivado/05_w25q64_controller.sim/sim_1/behav/xsim'
"xvlog --incr --relax -prj tb_vlog.prj"
INFO: [VRFC 10-2263] Analyzing Verilog file "D:/FPGA/Vivaldo Project/INTERFACE/SPI/05_w25q64_controller/Vivado/05_w25q64_controller.srcs/sources_1/new/spi_master_mode0.v" into library xil_defaultlib
INFO: [VRFC 10-311] analyzing module spi_master_mode0
INFO: [VRFC 10-2263] Analyzing Verilog file "D:/FPGA/Vivaldo Project/INTERFACE/SPI/05_w25q64_controller/Vivado/05_w25q64_controller.srcs/sources_1/new/w25q64_controller.v" into library xil_defaultlib
INFO: [VRFC 10-311] analyzing module w25q64_controller
INFO: [VRFC 10-2263] Analyzing Verilog file "D:/FPGA/Vivaldo Project/INTERFACE/SPI/05_w25q64_controller/Vivado/05_w25q64_controller.srcs/sim_1/new/tb.v" into library xil_defaultlib
INFO: [VRFC 10-311] analyzing module tb
INFO: [USF-XSim-69] 'compile' step finished in '2' seconds
Command: launch_simulation -step elaborate -simset sim_1 -mode behavioral
INFO: [Vivado 12-12493] Simulation top is 'tb'
WARNING: [Vivado 12-13340] Unable to auto find GCC executables from simulator install path! (path not set)
WARNING: [Vivado 12-13277] Compiled library path does not exist: ''
INFO: [Vivado 12-5698] Checking validity of IPs in the design for the 'XSim' simulator...
INFO: [Vivado 12-5682] Launching behavioral simulation in 'D:/FPGA/Vivaldo Project/INTERFACE/SPI/05_w25q64_controller/Vivado/05_w25q64_controller.sim/sim_1/behav/xsim'
INFO: [Vivado 12-13660] Precompiled IP simulation library mode is enabled (default). The design IP libraries will be referenced from the compiled library path. Please note that if the precompiled version of the library is not found from the path or the IP is in locked state, then the library source files for these IPs will be compiled locally as part of the compile order.
INFO: [Vivado 12-4795] Using compiled simulation libraries for IPs
INFO: [SIM-utils-51] Simulation object is 'sim_1'
INFO: [USF-XSim-3] XSim::Elaborate design
INFO: [USF-XSim-61] Executing 'ELABORATE' step in 'D:/FPGA/Vivaldo Project/INTERFACE/SPI/05_w25q64_controller/Vivado/05_w25q64_controller.sim/sim_1/behav/xsim'
"xelab --incr --debug typical --relax --mt 2 -L xil_defaultlib -L unisims_ver -L unimacro_ver -L secureip -L xpm --snapshot tb_behav xil_defaultlib.tb xil_defaultlib.glbl -log elaborate.log"
Vivado Simulator v2022.2
Copyright 1986-1999, 2001-2022 Xilinx, Inc. All Rights Reserved.
Running: D:/Xilinx/Vivado/2022.2/bin/unwrapped/win64.o/xelab.exe --incr --debug typical --relax --mt 2 -L xil_defaultlib -L unisims_ver -L unimacro_ver -L secureip -L xpm --snapshot tb_behav xil_defaultlib.tb xil_defaultlib.glbl -log elaborate.log 
Using 2 slave threads.
Starting static elaboration
Pass Through NonSizing Optimizer
Completed static elaboration
Starting simulation data flow analysis
Completed simulation data flow analysis
Time Resolution for simulation is 1ps
Compiling module xil_defaultlib.spi_master_mode0
Compiling module xil_defaultlib.w25q64_controller(CLK_DIV=50)
Compiling module xil_defaultlib.tb
Compiling module xil_defaultlib.glbl
Built simulation snapshot tb_behav
INFO: [USF-XSim-69] 'elaborate' step finished in '3' seconds
Time resolution is 1 ps
run 50000 ns
relaunch_sim
Command: launch_simulation -step compile -simset sim_1 -mode behavioral
INFO: [Vivado 12-12493] Simulation top is 'tb'
WARNING: [Vivado 12-13340] Unable to auto find GCC executables from simulator install path! (path not set)
WARNING: [Vivado 12-13277] Compiled library path does not exist: ''
INFO: [Vivado 12-5698] Checking validity of IPs in the design for the 'XSim' simulator...
INFO: [Vivado 12-5682] Launching behavioral simulation in 'D:/FPGA/Vivaldo Project/INTERFACE/SPI/05_w25q64_controller/Vivado/05_w25q64_controller.sim/sim_1/behav/xsim'
INFO: [Vivado 12-13660] Precompiled IP simulation library mode is enabled (default). The design IP libraries will be referenced from the compiled library path. Please note that if the precompiled version of the library is not found from the path or the IP is in locked state, then the library source files for these IPs will be compiled locally as part of the compile order.
INFO: [Vivado 12-4795] Using compiled simulation libraries for IPs
INFO: [SIM-utils-51] Simulation object is 'sim_1'
INFO: [USF-XSim-2] XSim::Compile design
INFO: [USF-XSim-61] Executing 'COMPILE and ANALYZE' step in 'D:/FPGA/Vivaldo Project/INTERFACE/SPI/05_w25q64_controller/Vivado/05_w25q64_controller.sim/sim_1/behav/xsim'
"xvlog --incr --relax -prj tb_vlog.prj"
INFO: [VRFC 10-2263] Analyzing Verilog file "D:/FPGA/Vivaldo Project/INTERFACE/SPI/05_w25q64_controller/Vivado/05_w25q64_controller.srcs/sources_1/new/spi_master_mode0.v" into library xil_defaultlib
INFO: [VRFC 10-311] analyzing module spi_master_mode0
INFO: [VRFC 10-2263] Analyzing Verilog file "D:/FPGA/Vivaldo Project/INTERFACE/SPI/05_w25q64_controller/Vivado/05_w25q64_controller.srcs/sources_1/new/w25q64_controller.v" into library xil_defaultlib
INFO: [VRFC 10-311] analyzing module w25q64_controller
INFO: [VRFC 10-2263] Analyzing Verilog file "D:/FPGA/Vivaldo Project/INTERFACE/SPI/05_w25q64_controller/Vivado/05_w25q64_controller.srcs/sim_1/new/tb.v" into library xil_defaultlib
INFO: [VRFC 10-311] analyzing module tb
INFO: [USF-XSim-69] 'compile' step finished in '1' seconds
Command: launch_simulation -step elaborate -simset sim_1 -mode behavioral
INFO: [Vivado 12-12493] Simulation top is 'tb'
WARNING: [Vivado 12-13340] Unable to auto find GCC executables from simulator install path! (path not set)
WARNING: [Vivado 12-13277] Compiled library path does not exist: ''
INFO: [Vivado 12-5698] Checking validity of IPs in the design for the 'XSim' simulator...
INFO: [Vivado 12-5682] Launching behavioral simulation in 'D:/FPGA/Vivaldo Project/INTERFACE/SPI/05_w25q64_controller/Vivado/05_w25q64_controller.sim/sim_1/behav/xsim'
INFO: [Vivado 12-13660] Precompiled IP simulation library mode is enabled (default). The design IP libraries will be referenced from the compiled library path. Please note that if the precompiled version of the library is not found from the path or the IP is in locked state, then the library source files for these IPs will be compiled locally as part of the compile order.
INFO: [Vivado 12-4795] Using compiled simulation libraries for IPs
INFO: [SIM-utils-51] Simulation object is 'sim_1'
INFO: [USF-XSim-3] XSim::Elaborate design
INFO: [USF-XSim-61] Executing 'ELABORATE' step in 'D:/FPGA/Vivaldo Project/INTERFACE/SPI/05_w25q64_controller/Vivado/05_w25q64_controller.sim/sim_1/behav/xsim'
"xelab --incr --debug typical --relax --mt 2 -L xil_defaultlib -L unisims_ver -L unimacro_ver -L secureip -L xpm --snapshot tb_behav xil_defaultlib.tb xil_defaultlib.glbl -log elaborate.log"
Vivado Simulator v2022.2
Copyright 1986-1999, 2001-2022 Xilinx, Inc. All Rights Reserved.
Running: D:/Xilinx/Vivado/2022.2/bin/unwrapped/win64.o/xelab.exe --incr --debug typical --relax --mt 2 -L xil_defaultlib -L unisims_ver -L unimacro_ver -L secureip -L xpm --snapshot tb_behav xil_defaultlib.tb xil_defaultlib.glbl -log elaborate.log 
Using 2 slave threads.
Starting static elaboration
Pass Through NonSizing Optimizer
Completed static elaboration
Starting simulation data flow analysis
Completed simulation data flow analysis
Time Resolution for simulation is 1ps
Compiling module xil_defaultlib.spi_master_mode0
Compiling module xil_defaultlib.w25q64_controller(CLK_DIV=50)
Compiling module xil_defaultlib.tb
Compiling module xil_defaultlib.glbl
Built simulation snapshot tb_behav
INFO: [USF-XSim-69] 'elaborate' step finished in '3' seconds
Time resolution is 1 ps
run 50000 ns
relaunch_sim
Command: launch_simulation -step compile -simset sim_1 -mode behavioral
INFO: [Vivado 12-12493] Simulation top is 'tb'
WARNING: [Vivado 12-13340] Unable to auto find GCC executables from simulator install path! (path not set)
WARNING: [Vivado 12-13277] Compiled library path does not exist: ''
INFO: [Vivado 12-5698] Checking validity of IPs in the design for the 'XSim' simulator...
INFO: [Vivado 12-5682] Launching behavioral simulation in 'D:/FPGA/Vivaldo Project/INTERFACE/SPI/05_w25q64_controller/Vivado/05_w25q64_controller.sim/sim_1/behav/xsim'
INFO: [Vivado 12-13660] Precompiled IP simulation library mode is enabled (default). The design IP libraries will be referenced from the compiled library path. Please note that if the precompiled version of the library is not found from the path or the IP is in locked state, then the library source files for these IPs will be compiled locally as part of the compile order.
INFO: [Vivado 12-4795] Using compiled simulation libraries for IPs
INFO: [SIM-utils-51] Simulation object is 'sim_1'
INFO: [USF-XSim-2] XSim::Compile design
INFO: [USF-XSim-61] Executing 'COMPILE and ANALYZE' step in 'D:/FPGA/Vivaldo Project/INTERFACE/SPI/05_w25q64_controller/Vivado/05_w25q64_controller.sim/sim_1/behav/xsim'
"xvlog --incr --relax -prj tb_vlog.prj"
INFO: [VRFC 10-2263] Analyzing Verilog file "D:/FPGA/Vivaldo Project/INTERFACE/SPI/05_w25q64_controller/Vivado/05_w25q64_controller.srcs/sources_1/new/spi_master_mode0.v" into library xil_defaultlib
INFO: [VRFC 10-311] analyzing module spi_master_mode0
INFO: [VRFC 10-2263] Analyzing Verilog file "D:/FPGA/Vivaldo Project/INTERFACE/SPI/05_w25q64_controller/Vivado/05_w25q64_controller.srcs/sources_1/new/w25q64_controller.v" into library xil_defaultlib
INFO: [VRFC 10-311] analyzing module w25q64_controller
INFO: [VRFC 10-2263] Analyzing Verilog file "D:/FPGA/Vivaldo Project/INTERFACE/SPI/05_w25q64_controller/Vivado/05_w25q64_controller.srcs/sim_1/new/tb.v" into library xil_defaultlib
INFO: [VRFC 10-311] analyzing module tb
INFO: [USF-XSim-69] 'compile' step finished in '1' seconds
Command: launch_simulation -step elaborate -simset sim_1 -mode behavioral
INFO: [Vivado 12-12493] Simulation top is 'tb'
WARNING: [Vivado 12-13340] Unable to auto find GCC executables from simulator install path! (path not set)
WARNING: [Vivado 12-13277] Compiled library path does not exist: ''
INFO: [Vivado 12-5698] Checking validity of IPs in the design for the 'XSim' simulator...
INFO: [Vivado 12-5682] Launching behavioral simulation in 'D:/FPGA/Vivaldo Project/INTERFACE/SPI/05_w25q64_controller/Vivado/05_w25q64_controller.sim/sim_1/behav/xsim'
INFO: [Vivado 12-13660] Precompiled IP simulation library mode is enabled (default). The design IP libraries will be referenced from the compiled library path. Please note that if the precompiled version of the library is not found from the path or the IP is in locked state, then the library source files for these IPs will be compiled locally as part of the compile order.
INFO: [Vivado 12-4795] Using compiled simulation libraries for IPs
INFO: [SIM-utils-51] Simulation object is 'sim_1'
INFO: [USF-XSim-3] XSim::Elaborate design
INFO: [USF-XSim-61] Executing 'ELABORATE' step in 'D:/FPGA/Vivaldo Project/INTERFACE/SPI/05_w25q64_controller/Vivado/05_w25q64_controller.sim/sim_1/behav/xsim'
"xelab --incr --debug typical --relax --mt 2 -L xil_defaultlib -L unisims_ver -L unimacro_ver -L secureip -L xpm --snapshot tb_behav xil_defaultlib.tb xil_defaultlib.glbl -log elaborate.log"
Vivado Simulator v2022.2
Copyright 1986-1999, 2001-2022 Xilinx, Inc. All Rights Reserved.
Running: D:/Xilinx/Vivado/2022.2/bin/unwrapped/win64.o/xelab.exe --incr --debug typical --relax --mt 2 -L xil_defaultlib -L unisims_ver -L unimacro_ver -L secureip -L xpm --snapshot tb_behav xil_defaultlib.tb xil_defaultlib.glbl -log elaborate.log 
Using 2 slave threads.
Starting static elaboration
Pass Through NonSizing Optimizer
Completed static elaboration
Starting simulation data flow analysis
Completed simulation data flow analysis
Time Resolution for simulation is 1ps
Compiling module xil_defaultlib.spi_master_mode0
Compiling module xil_defaultlib.w25q64_controller(CLK_DIV=50)
Compiling module xil_defaultlib.tb
Compiling module xil_defaultlib.glbl
Built simulation snapshot tb_behav
INFO: [USF-XSim-69] 'elaborate' step finished in '2' seconds
Time resolution is 1 ps
run 50000 ns
relaunch_sim
Command: launch_simulation -step compile -simset sim_1 -mode behavioral
INFO: [Vivado 12-12493] Simulation top is 'tb'
WARNING: [Vivado 12-13340] Unable to auto find GCC executables from simulator install path! (path not set)
WARNING: [Vivado 12-13277] Compiled library path does not exist: ''
INFO: [Vivado 12-5698] Checking validity of IPs in the design for the 'XSim' simulator...
INFO: [Vivado 12-5682] Launching behavioral simulation in 'D:/FPGA/Vivaldo Project/INTERFACE/SPI/05_w25q64_controller/Vivado/05_w25q64_controller.sim/sim_1/behav/xsim'
INFO: [Vivado 12-13660] Precompiled IP simulation library mode is enabled (default). The design IP libraries will be referenced from the compiled library path. Please note that if the precompiled version of the library is not found from the path or the IP is in locked state, then the library source files for these IPs will be compiled locally as part of the compile order.
INFO: [Vivado 12-4795] Using compiled simulation libraries for IPs
INFO: [SIM-utils-51] Simulation object is 'sim_1'
INFO: [USF-XSim-2] XSim::Compile design
INFO: [USF-XSim-61] Executing 'COMPILE and ANALYZE' step in 'D:/FPGA/Vivaldo Project/INTERFACE/SPI/05_w25q64_controller/Vivado/05_w25q64_controller.sim/sim_1/behav/xsim'
"xvlog --incr --relax -prj tb_vlog.prj"
INFO: [VRFC 10-2263] Analyzing Verilog file "D:/FPGA/Vivaldo Project/INTERFACE/SPI/05_w25q64_controller/Vivado/05_w25q64_controller.srcs/sources_1/new/spi_master_mode0.v" into library xil_defaultlib
INFO: [VRFC 10-311] analyzing module spi_master_mode0
INFO: [VRFC 10-2263] Analyzing Verilog file "D:/FPGA/Vivaldo Project/INTERFACE/SPI/05_w25q64_controller/Vivado/05_w25q64_controller.srcs/sources_1/new/w25q64_controller.v" into library xil_defaultlib
INFO: [VRFC 10-311] analyzing module w25q64_controller
INFO: [VRFC 10-2263] Analyzing Verilog file "D:/FPGA/Vivaldo Project/INTERFACE/SPI/05_w25q64_controller/Vivado/05_w25q64_controller.srcs/sim_1/new/tb.v" into library xil_defaultlib
INFO: [VRFC 10-311] analyzing module tb
INFO: [USF-XSim-69] 'compile' step finished in '2' seconds
Command: launch_simulation -step elaborate -simset sim_1 -mode behavioral
INFO: [Vivado 12-12493] Simulation top is 'tb'
WARNING: [Vivado 12-13340] Unable to auto find GCC executables from simulator install path! (path not set)
WARNING: [Vivado 12-13277] Compiled library path does not exist: ''
INFO: [Vivado 12-5698] Checking validity of IPs in the design for the 'XSim' simulator...
INFO: [Vivado 12-5682] Launching behavioral simulation in 'D:/FPGA/Vivaldo Project/INTERFACE/SPI/05_w25q64_controller/Vivado/05_w25q64_controller.sim/sim_1/behav/xsim'
INFO: [Vivado 12-13660] Precompiled IP simulation library mode is enabled (default). The design IP libraries will be referenced from the compiled library path. Please note that if the precompiled version of the library is not found from the path or the IP is in locked state, then the library source files for these IPs will be compiled locally as part of the compile order.
INFO: [Vivado 12-4795] Using compiled simulation libraries for IPs
INFO: [SIM-utils-51] Simulation object is 'sim_1'
INFO: [USF-XSim-3] XSim::Elaborate design
INFO: [USF-XSim-61] Executing 'ELABORATE' step in 'D:/FPGA/Vivaldo Project/INTERFACE/SPI/05_w25q64_controller/Vivado/05_w25q64_controller.sim/sim_1/behav/xsim'
"xelab --incr --debug typical --relax --mt 2 -L xil_defaultlib -L unisims_ver -L unimacro_ver -L secureip -L xpm --snapshot tb_behav xil_defaultlib.tb xil_defaultlib.glbl -log elaborate.log"
Vivado Simulator v2022.2
Copyright 1986-1999, 2001-2022 Xilinx, Inc. All Rights Reserved.
Running: D:/Xilinx/Vivado/2022.2/bin/unwrapped/win64.o/xelab.exe --incr --debug typical --relax --mt 2 -L xil_defaultlib -L unisims_ver -L unimacro_ver -L secureip -L xpm --snapshot tb_behav xil_defaultlib.tb xil_defaultlib.glbl -log elaborate.log 
Using 2 slave threads.
Starting static elaboration
Pass Through NonSizing Optimizer
Completed static elaboration
Starting simulation data flow analysis
Completed simulation data flow analysis
Time Resolution for simulation is 1ps
Compiling module xil_defaultlib.spi_master_mode0
Compiling module xil_defaultlib.w25q64_controller(CLK_DIV=50)
Compiling module xil_defaultlib.tb
Compiling module xil_defaultlib.glbl
Built simulation snapshot tb_behav
INFO: [USF-XSim-69] 'elaborate' step finished in '2' seconds
Time resolution is 1 ps
run 50000 ns
relaunch_sim
Command: launch_simulation -step compile -simset sim_1 -mode behavioral
INFO: [Vivado 12-12493] Simulation top is 'tb'
WARNING: [Vivado 12-13340] Unable to auto find GCC executables from simulator install path! (path not set)
WARNING: [Vivado 12-13277] Compiled library path does not exist: ''
INFO: [Vivado 12-5698] Checking validity of IPs in the design for the 'XSim' simulator...
INFO: [Vivado 12-5682] Launching behavioral simulation in 'D:/FPGA/Vivaldo Project/INTERFACE/SPI/05_w25q64_controller/Vivado/05_w25q64_controller.sim/sim_1/behav/xsim'
INFO: [Vivado 12-13660] Precompiled IP simulation library mode is enabled (default). The design IP libraries will be referenced from the compiled library path. Please note that if the precompiled version of the library is not found from the path or the IP is in locked state, then the library source files for these IPs will be compiled locally as part of the compile order.
INFO: [Vivado 12-4795] Using compiled simulation libraries for IPs
INFO: [SIM-utils-51] Simulation object is 'sim_1'
INFO: [USF-XSim-2] XSim::Compile design
INFO: [USF-XSim-61] Executing 'COMPILE and ANALYZE' step in 'D:/FPGA/Vivaldo Project/INTERFACE/SPI/05_w25q64_controller/Vivado/05_w25q64_controller.sim/sim_1/behav/xsim'
"xvlog --incr --relax -prj tb_vlog.prj"
INFO: [VRFC 10-2263] Analyzing Verilog file "D:/FPGA/Vivaldo Project/INTERFACE/SPI/05_w25q64_controller/Vivado/05_w25q64_controller.srcs/sources_1/new/spi_master_mode0.v" into library xil_defaultlib
INFO: [VRFC 10-311] analyzing module spi_master_mode0
INFO: [VRFC 10-2263] Analyzing Verilog file "D:/FPGA/Vivaldo Project/INTERFACE/SPI/05_w25q64_controller/Vivado/05_w25q64_controller.srcs/sources_1/new/w25q64_controller.v" into library xil_defaultlib
INFO: [VRFC 10-311] analyzing module w25q64_controller
INFO: [VRFC 10-2263] Analyzing Verilog file "D:/FPGA/Vivaldo Project/INTERFACE/SPI/05_w25q64_controller/Vivado/05_w25q64_controller.srcs/sim_1/new/tb.v" into library xil_defaultlib
INFO: [VRFC 10-311] analyzing module tb
INFO: [USF-XSim-69] 'compile' step finished in '2' seconds
Command: launch_simulation -step elaborate -simset sim_1 -mode behavioral
INFO: [Vivado 12-12493] Simulation top is 'tb'
WARNING: [Vivado 12-13340] Unable to auto find GCC executables from simulator install path! (path not set)
WARNING: [Vivado 12-13277] Compiled library path does not exist: ''
INFO: [Vivado 12-5698] Checking validity of IPs in the design for the 'XSim' simulator...
INFO: [Vivado 12-5682] Launching behavioral simulation in 'D:/FPGA/Vivaldo Project/INTERFACE/SPI/05_w25q64_controller/Vivado/05_w25q64_controller.sim/sim_1/behav/xsim'
INFO: [Vivado 12-13660] Precompiled IP simulation library mode is enabled (default). The design IP libraries will be referenced from the compiled library path. Please note that if the precompiled version of the library is not found from the path or the IP is in locked state, then the library source files for these IPs will be compiled locally as part of the compile order.
INFO: [Vivado 12-4795] Using compiled simulation libraries for IPs
INFO: [SIM-utils-51] Simulation object is 'sim_1'
INFO: [USF-XSim-3] XSim::Elaborate design
INFO: [USF-XSim-61] Executing 'ELABORATE' step in 'D:/FPGA/Vivaldo Project/INTERFACE/SPI/05_w25q64_controller/Vivado/05_w25q64_controller.sim/sim_1/behav/xsim'
"xelab --incr --debug typical --relax --mt 2 -L xil_defaultlib -L unisims_ver -L unimacro_ver -L secureip -L xpm --snapshot tb_behav xil_defaultlib.tb xil_defaultlib.glbl -log elaborate.log"
Vivado Simulator v2022.2
Copyright 1986-1999, 2001-2022 Xilinx, Inc. All Rights Reserved.
Running: D:/Xilinx/Vivado/2022.2/bin/unwrapped/win64.o/xelab.exe --incr --debug typical --relax --mt 2 -L xil_defaultlib -L unisims_ver -L unimacro_ver -L secureip -L xpm --snapshot tb_behav xil_defaultlib.tb xil_defaultlib.glbl -log elaborate.log 
Using 2 slave threads.
Starting static elaboration
Pass Through NonSizing Optimizer
Completed static elaboration
Starting simulation data flow analysis
Completed simulation data flow analysis
Time Resolution for simulation is 1ps
Compiling module xil_defaultlib.spi_master_mode0
Compiling module xil_defaultlib.w25q64_controller(CLK_DIV=50)
Compiling module xil_defaultlib.tb
Compiling module xil_defaultlib.glbl
Built simulation snapshot tb_behav
INFO: [USF-XSim-69] 'elaborate' step finished in '2' seconds
Time resolution is 1 ps
run 50000 ns
run 50000 ns
relaunch_sim
Command: launch_simulation -step compile -simset sim_1 -mode behavioral
INFO: [Vivado 12-12493] Simulation top is 'tb'
WARNING: [Vivado 12-13340] Unable to auto find GCC executables from simulator install path! (path not set)
WARNING: [Vivado 12-13277] Compiled library path does not exist: ''
INFO: [Vivado 12-5698] Checking validity of IPs in the design for the 'XSim' simulator...
INFO: [Vivado 12-5682] Launching behavioral simulation in 'D:/FPGA/Vivaldo Project/INTERFACE/SPI/05_w25q64_controller/Vivado/05_w25q64_controller.sim/sim_1/behav/xsim'
INFO: [Vivado 12-13660] Precompiled IP simulation library mode is enabled (default). The design IP libraries will be referenced from the compiled library path. Please note that if the precompiled version of the library is not found from the path or the IP is in locked state, then the library source files for these IPs will be compiled locally as part of the compile order.
INFO: [Vivado 12-4795] Using compiled simulation libraries for IPs
INFO: [SIM-utils-51] Simulation object is 'sim_1'
INFO: [USF-XSim-2] XSim::Compile design
INFO: [USF-XSim-61] Executing 'COMPILE and ANALYZE' step in 'D:/FPGA/Vivaldo Project/INTERFACE/SPI/05_w25q64_controller/Vivado/05_w25q64_controller.sim/sim_1/behav/xsim'
"xvlog --incr --relax -prj tb_vlog.prj"
INFO: [VRFC 10-2263] Analyzing Verilog file "D:/FPGA/Vivaldo Project/INTERFACE/SPI/05_w25q64_controller/Vivado/05_w25q64_controller.srcs/sources_1/new/spi_master_mode0.v" into library xil_defaultlib
INFO: [VRFC 10-311] analyzing module spi_master_mode0
INFO: [VRFC 10-2263] Analyzing Verilog file "D:/FPGA/Vivaldo Project/INTERFACE/SPI/05_w25q64_controller/Vivado/05_w25q64_controller.srcs/sources_1/new/w25q64_controller.v" into library xil_defaultlib
INFO: [VRFC 10-311] analyzing module w25q64_controller
INFO: [VRFC 10-2263] Analyzing Verilog file "D:/FPGA/Vivaldo Project/INTERFACE/SPI/05_w25q64_controller/Vivado/05_w25q64_controller.srcs/sim_1/new/tb.v" into library xil_defaultlib
INFO: [VRFC 10-311] analyzing module tb
INFO: [USF-XSim-69] 'compile' step finished in '1' seconds
Command: launch_simulation -step elaborate -simset sim_1 -mode behavioral
INFO: [Vivado 12-12493] Simulation top is 'tb'
WARNING: [Vivado 12-13340] Unable to auto find GCC executables from simulator install path! (path not set)
WARNING: [Vivado 12-13277] Compiled library path does not exist: ''
INFO: [Vivado 12-5698] Checking validity of IPs in the design for the 'XSim' simulator...
INFO: [Vivado 12-5682] Launching behavioral simulation in 'D:/FPGA/Vivaldo Project/INTERFACE/SPI/05_w25q64_controller/Vivado/05_w25q64_controller.sim/sim_1/behav/xsim'
INFO: [Vivado 12-13660] Precompiled IP simulation library mode is enabled (default). The design IP libraries will be referenced from the compiled library path. Please note that if the precompiled version of the library is not found from the path or the IP is in locked state, then the library source files for these IPs will be compiled locally as part of the compile order.
INFO: [Vivado 12-4795] Using compiled simulation libraries for IPs
INFO: [SIM-utils-51] Simulation object is 'sim_1'
INFO: [USF-XSim-3] XSim::Elaborate design
INFO: [USF-XSim-61] Executing 'ELABORATE' step in 'D:/FPGA/Vivaldo Project/INTERFACE/SPI/05_w25q64_controller/Vivado/05_w25q64_controller.sim/sim_1/behav/xsim'
"xelab --incr --debug typical --relax --mt 2 -L xil_defaultlib -L unisims_ver -L unimacro_ver -L secureip -L xpm --snapshot tb_behav xil_defaultlib.tb xil_defaultlib.glbl -log elaborate.log"
Vivado Simulator v2022.2
Copyright 1986-1999, 2001-2022 Xilinx, Inc. All Rights Reserved.
Running: D:/Xilinx/Vivado/2022.2/bin/unwrapped/win64.o/xelab.exe --incr --debug typical --relax --mt 2 -L xil_defaultlib -L unisims_ver -L unimacro_ver -L secureip -L xpm --snapshot tb_behav xil_defaultlib.tb xil_defaultlib.glbl -log elaborate.log 
Using 2 slave threads.
Starting static elaboration
Pass Through NonSizing Optimizer
Completed static elaboration
Starting simulation data flow analysis
Completed simulation data flow analysis
Time Resolution for simulation is 1ps
Compiling module xil_defaultlib.spi_master_mode0
Compiling module xil_defaultlib.w25q64_controller(CLK_DIV=50)
Compiling module xil_defaultlib.tb
Compiling module xil_defaultlib.glbl
Built simulation snapshot tb_behav
INFO: [USF-XSim-69] 'elaborate' step finished in '2' seconds
Time resolution is 1 ps
run 50000 ns
relaunch_sim
Command: launch_simulation -step compile -simset sim_1 -mode behavioral
INFO: [Vivado 12-12493] Simulation top is 'tb'
WARNING: [Vivado 12-13340] Unable to auto find GCC executables from simulator install path! (path not set)
WARNING: [Vivado 12-13277] Compiled library path does not exist: ''
INFO: [Vivado 12-5698] Checking validity of IPs in the design for the 'XSim' simulator...
INFO: [Vivado 12-5682] Launching behavioral simulation in 'D:/FPGA/Vivaldo Project/INTERFACE/SPI/05_w25q64_controller/Vivado/05_w25q64_controller.sim/sim_1/behav/xsim'
INFO: [Vivado 12-13660] Precompiled IP simulation library mode is enabled (default). The design IP libraries will be referenced from the compiled library path. Please note that if the precompiled version of the library is not found from the path or the IP is in locked state, then the library source files for these IPs will be compiled locally as part of the compile order.
INFO: [Vivado 12-4795] Using compiled simulation libraries for IPs
INFO: [SIM-utils-51] Simulation object is 'sim_1'
INFO: [USF-XSim-2] XSim::Compile design
INFO: [USF-XSim-61] Executing 'COMPILE and ANALYZE' step in 'D:/FPGA/Vivaldo Project/INTERFACE/SPI/05_w25q64_controller/Vivado/05_w25q64_controller.sim/sim_1/behav/xsim'
"xvlog --incr --relax -prj tb_vlog.prj"
INFO: [VRFC 10-2263] Analyzing Verilog file "D:/FPGA/Vivaldo Project/INTERFACE/SPI/05_w25q64_controller/Vivado/05_w25q64_controller.srcs/sources_1/new/spi_master_mode0.v" into library xil_defaultlib
INFO: [VRFC 10-311] analyzing module spi_master_mode0
INFO: [VRFC 10-2263] Analyzing Verilog file "D:/FPGA/Vivaldo Project/INTERFACE/SPI/05_w25q64_controller/Vivado/05_w25q64_controller.srcs/sources_1/new/w25q64_controller.v" into library xil_defaultlib
INFO: [VRFC 10-311] analyzing module w25q64_controller
INFO: [VRFC 10-2263] Analyzing Verilog file "D:/FPGA/Vivaldo Project/INTERFACE/SPI/05_w25q64_controller/Vivado/05_w25q64_controller.srcs/sim_1/new/tb.v" into library xil_defaultlib
INFO: [VRFC 10-311] analyzing module tb
INFO: [USF-XSim-69] 'compile' step finished in '2' seconds
Command: launch_simulation -step elaborate -simset sim_1 -mode behavioral
INFO: [Vivado 12-12493] Simulation top is 'tb'
WARNING: [Vivado 12-13340] Unable to auto find GCC executables from simulator install path! (path not set)
WARNING: [Vivado 12-13277] Compiled library path does not exist: ''
INFO: [Vivado 12-5698] Checking validity of IPs in the design for the 'XSim' simulator...
INFO: [Vivado 12-5682] Launching behavioral simulation in 'D:/FPGA/Vivaldo Project/INTERFACE/SPI/05_w25q64_controller/Vivado/05_w25q64_controller.sim/sim_1/behav/xsim'
INFO: [Vivado 12-13660] Precompiled IP simulation library mode is enabled (default). The design IP libraries will be referenced from the compiled library path. Please note that if the precompiled version of the library is not found from the path or the IP is in locked state, then the library source files for these IPs will be compiled locally as part of the compile order.
INFO: [Vivado 12-4795] Using compiled simulation libraries for IPs
INFO: [SIM-utils-51] Simulation object is 'sim_1'
INFO: [USF-XSim-3] XSim::Elaborate design
INFO: [USF-XSim-61] Executing 'ELABORATE' step in 'D:/FPGA/Vivaldo Project/INTERFACE/SPI/05_w25q64_controller/Vivado/05_w25q64_controller.sim/sim_1/behav/xsim'
"xelab --incr --debug typical --relax --mt 2 -L xil_defaultlib -L unisims_ver -L unimacro_ver -L secureip -L xpm --snapshot tb_behav xil_defaultlib.tb xil_defaultlib.glbl -log elaborate.log"
Vivado Simulator v2022.2
Copyright 1986-1999, 2001-2022 Xilinx, Inc. All Rights Reserved.
Running: D:/Xilinx/Vivado/2022.2/bin/unwrapped/win64.o/xelab.exe --incr --debug typical --relax --mt 2 -L xil_defaultlib -L unisims_ver -L unimacro_ver -L secureip -L xpm --snapshot tb_behav xil_defaultlib.tb xil_defaultlib.glbl -log elaborate.log 
Using 2 slave threads.
Starting static elaboration
Pass Through NonSizing Optimizer
Completed static elaboration
Starting simulation data flow analysis
Completed simulation data flow analysis
Time Resolution for simulation is 1ps
Compiling module xil_defaultlib.spi_master_mode0
Compiling module xil_defaultlib.w25q64_controller(CLK_DIV=50)
Compiling module xil_defaultlib.tb
Compiling module xil_defaultlib.glbl
Built simulation snapshot tb_behav
INFO: [USF-XSim-69] 'elaborate' step finished in '2' seconds
Time resolution is 1 ps
run 50000 ns
save_wave_config {D:/FPGA/Vivaldo Project/INTERFACE/SPI/05_w25q64_controller/Vivado/tb_behav.wcfg}
launch_runs impl_1 -to_step write_bitstream -jobs 8
[Wed Aug 12 10:05:22 2026] Launched synth_1...
Run output will be captured here: D:/FPGA/Vivaldo Project/INTERFACE/SPI/05_w25q64_controller/Vivado/05_w25q64_controller.runs/synth_1/runme.log
[Wed Aug 12 10:05:22 2026] Launched impl_1...
Run output will be captured here: D:/FPGA/Vivaldo Project/INTERFACE/SPI/05_w25q64_controller/Vivado/05_w25q64_controller.runs/impl_1/runme.log
reset_run impl_1 -prev_step 
launch_runs impl_1 -to_step write_bitstream -jobs 8
[Wed Aug 12 10:15:15 2026] Launched impl_1...
Run output will be captured here: D:/FPGA/Vivaldo Project/INTERFACE/SPI/05_w25q64_controller/Vivado/05_w25q64_controller.runs/impl_1/runme.log
reset_run synth_1
INFO: [Project 1-1160] Copying file D:/FPGA/Vivaldo Project/INTERFACE/SPI/05_w25q64_controller/Vivado/05_w25q64_controller.runs/synth_1/top_w25q64_controller.dcp to D:/FPGA/Vivaldo Project/INTERFACE/SPI/05_w25q64_controller/Vivado/05_w25q64_controller.srcs/utils_1/imports/synth_1 and adding it to utils fileset
launch_runs impl_1 -to_step write_bitstream -jobs 8
[Wed Aug 12 10:19:08 2026] Launched synth_1...
Run output will be captured here: D:/FPGA/Vivaldo Project/INTERFACE/SPI/05_w25q64_controller/Vivado/05_w25q64_controller.runs/synth_1/runme.log
[Wed Aug 12 10:19:08 2026] Launched impl_1...
Run output will be captured here: D:/FPGA/Vivaldo Project/INTERFACE/SPI/05_w25q64_controller/Vivado/05_w25q64_controller.runs/impl_1/runme.log
set_property -dict [list \
  CONFIG.C_PROBE_OUT1_INIT_VAL {0x001000} \
  CONFIG.C_PROBE_OUT2_INIT_VAL {0x1070} \
] [get_ips vio_0]
generate_target all [get_files  {{d:/FPGA/Vivaldo Project/INTERFACE/SPI/05_w25q64_controller/Vivado/05_w25q64_controller.srcs/sources_1/ip/vio_0/vio_0.xci}}]
INFO: [IP_Flow 19-1686] Generating 'Instantiation Template' target for IP 'vio_0'...
INFO: [IP_Flow 19-1686] Generating 'Synthesis' target for IP 'vio_0'...
INFO: [IP_Flow 19-1686] Generating 'Simulation' target for IP 'vio_0'...
INFO: [IP_Flow 19-1686] Generating 'Change Log' target for IP 'vio_0'...
export_ip_user_files -of_objects [get_files {{d:/FPGA/Vivaldo Project/INTERFACE/SPI/05_w25q64_controller/Vivado/05_w25q64_controller.srcs/sources_1/ip/vio_0/vio_0.xci}}] -no_script -sync -force -quiet
export_simulation -of_objects [get_files {{d:/FPGA/Vivaldo Project/INTERFACE/SPI/05_w25q64_controller/Vivado/05_w25q64_controller.srcs/sources_1/ip/vio_0/vio_0.xci}}] -directory {D:/FPGA/Vivaldo Project/INTERFACE/SPI/05_w25q64_controller/Vivado/05_w25q64_controller.ip_user_files/sim_scripts} -ip_user_files_dir {D:/FPGA/Vivaldo Project/INTERFACE/SPI/05_w25q64_controller/Vivado/05_w25q64_controller.ip_user_files} -ipstatic_source_dir {D:/FPGA/Vivaldo Project/INTERFACE/SPI/05_w25q64_controller/Vivado/05_w25q64_controller.ip_user_files/ipstatic} -lib_map_path [list {modelsim=D:/FPGA/Vivaldo Project/INTERFACE/SPI/05_w25q64_controller/Vivado/05_w25q64_controller.cache/compile_simlib/modelsim} {questa=D:/FPGA/Vivaldo Project/INTERFACE/SPI/05_w25q64_controller/Vivado/05_w25q64_controller.cache/compile_simlib/questa} {riviera=D:/FPGA/Vivaldo Project/INTERFACE/SPI/05_w25q64_controller/Vivado/05_w25q64_controller.cache/compile_simlib/riviera} {activehdl=D:/FPGA/Vivaldo Project/INTERFACE/SPI/05_w25q64_controller/Vivado/05_w25q64_controller.cache/compile_simlib/activehdl}] -use_ip_compiled_libs -force -quiet
WARNING: [IP_Flow 19-4067] Ignoring invalid widget type specified checkbox.Providing a default widget
create_ip -name ila -vendor xilinx.com -library ip -version 6.2 -module_name ila_1
set_property -dict [list \
  CONFIG.C_NUM_OF_PROBES {5} \
  CONFIG.C_PROBE1_WIDTH {4} \
  CONFIG.C_PROBE2_WIDTH {80} \
  CONFIG.C_PROBE4_WIDTH {80} \
] [get_ips ila_1]
generate_target {instantiation_template} [get_files {{d:/FPGA/Vivaldo Project/INTERFACE/SPI/05_w25q64_controller/Vivado/05_w25q64_controller.srcs/sources_1/ip/ila_1/ila_1.xci}}]
INFO: [IP_Flow 19-1686] Generating 'Instantiation Template' target for IP 'ila_1'...
update_compile_order -fileset sources_1
set_property generate_synth_checkpoint false [get_files  {{d:/FPGA/Vivaldo Project/INTERFACE/SPI/05_w25q64_controller/Vivado/05_w25q64_controller.srcs/sources_1/ip/ila_1/ila_1.xci}}]
generate_target all [get_files  {{d:/FPGA/Vivaldo Project/INTERFACE/SPI/05_w25q64_controller/Vivado/05_w25q64_controller.srcs/sources_1/ip/ila_1/ila_1.xci}}]
INFO: [IP_Flow 19-1686] Generating 'Instantiation Template' target for IP 'ila_1'...
INFO: [IP_Flow 19-1686] Generating 'Synthesis' target for IP 'ila_1'...
INFO: [IP_Flow 19-1686] Generating 'Simulation' target for IP 'ila_1'...
INFO: [IP_Flow 19-1686] Generating 'Implementation' target for IP 'ila_1'...
INFO: [IP_Flow 19-1686] Generating 'Change Log' target for IP 'ila_1'...
export_ip_user_files -of_objects [get_files {{d:/FPGA/Vivaldo Project/INTERFACE/SPI/05_w25q64_controller/Vivado/05_w25q64_controller.srcs/sources_1/ip/ila_1/ila_1.xci}}] -no_script -sync -force -quiet
export_simulation -of_objects [get_files {{d:/FPGA/Vivaldo Project/INTERFACE/SPI/05_w25q64_controller/Vivado/05_w25q64_controller.srcs/sources_1/ip/ila_1/ila_1.xci}}] -directory {D:/FPGA/Vivaldo Project/INTERFACE/SPI/05_w25q64_controller/Vivado/05_w25q64_controller.ip_user_files/sim_scripts} -ip_user_files_dir {D:/FPGA/Vivaldo Project/INTERFACE/SPI/05_w25q64_controller/Vivado/05_w25q64_controller.ip_user_files} -ipstatic_source_dir {D:/FPGA/Vivaldo Project/INTERFACE/SPI/05_w25q64_controller/Vivado/05_w25q64_controller.ip_user_files/ipstatic} -lib_map_path [list {modelsim=D:/FPGA/Vivaldo Project/INTERFACE/SPI/05_w25q64_controller/Vivado/05_w25q64_controller.cache/compile_simlib/modelsim} {questa=D:/FPGA/Vivaldo Project/INTERFACE/SPI/05_w25q64_controller/Vivado/05_w25q64_controller.cache/compile_simlib/questa} {riviera=D:/FPGA/Vivaldo Project/INTERFACE/SPI/05_w25q64_controller/Vivado/05_w25q64_controller.cache/compile_simlib/riviera} {activehdl=D:/FPGA/Vivaldo Project/INTERFACE/SPI/05_w25q64_controller/Vivado/05_w25q64_controller.cache/compile_simlib/activehdl}] -use_ip_compiled_libs -force -quiet
update_compile_order -fileset sources_1
reset_run synth_1
INFO: [Project 1-1161] Replacing file D:/FPGA/Vivaldo Project/INTERFACE/SPI/05_w25q64_controller/Vivado/05_w25q64_controller.srcs/utils_1/imports/synth_1/top_w25q64_controller.dcp with file D:/FPGA/Vivaldo Project/INTERFACE/SPI/05_w25q64_controller/Vivado/05_w25q64_controller.runs/synth_1/top_w25q64_controller.dcp
launch_runs impl_1 -to_step write_bitstream -jobs 8
[Wed Aug 12 10:59:43 2026] Launched synth_1...
Run output will be captured here: D:/FPGA/Vivaldo Project/INTERFACE/SPI/05_w25q64_controller/Vivado/05_w25q64_controller.runs/synth_1/runme.log
[Wed Aug 12 10:59:43 2026] Launched impl_1...
Run output will be captured here: D:/FPGA/Vivaldo Project/INTERFACE/SPI/05_w25q64_controller/Vivado/05_w25q64_controller.runs/impl_1/runme.log
WARNING: [IP_Flow 19-4067] Ignoring invalid widget type specified checkbox.Providing a default widget
set_property CONFIG.C_NUM_OF_PROBES {7} [get_ips ila_1]
generate_target all [get_files  {{d:/FPGA/Vivaldo Project/INTERFACE/SPI/05_w25q64_controller/Vivado/05_w25q64_controller.srcs/sources_1/ip/ila_1/ila_1.xci}}]
INFO: [IP_Flow 19-1686] Generating 'Instantiation Template' target for IP 'ila_1'...
INFO: [IP_Flow 19-1686] Generating 'Synthesis' target for IP 'ila_1'...
INFO: [IP_Flow 19-1686] Generating 'Simulation' target for IP 'ila_1'...
INFO: [IP_Flow 19-1686] Generating 'Implementation' target for IP 'ila_1'...
INFO: [IP_Flow 19-1686] Generating 'Change Log' target for IP 'ila_1'...
export_ip_user_files -of_objects [get_files {{d:/FPGA/Vivaldo Project/INTERFACE/SPI/05_w25q64_controller/Vivado/05_w25q64_controller.srcs/sources_1/ip/ila_1/ila_1.xci}}] -no_script -sync -force -quiet
export_simulation -of_objects [get_files {{d:/FPGA/Vivaldo Project/INTERFACE/SPI/05_w25q64_controller/Vivado/05_w25q64_controller.srcs/sources_1/ip/ila_1/ila_1.xci}}] -directory {D:/FPGA/Vivaldo Project/INTERFACE/SPI/05_w25q64_controller/Vivado/05_w25q64_controller.ip_user_files/sim_scripts} -ip_user_files_dir {D:/FPGA/Vivaldo Project/INTERFACE/SPI/05_w25q64_controller/Vivado/05_w25q64_controller.ip_user_files} -ipstatic_source_dir {D:/FPGA/Vivaldo Project/INTERFACE/SPI/05_w25q64_controller/Vivado/05_w25q64_controller.ip_user_files/ipstatic} -lib_map_path [list {modelsim=D:/FPGA/Vivaldo Project/INTERFACE/SPI/05_w25q64_controller/Vivado/05_w25q64_controller.cache/compile_simlib/modelsim} {questa=D:/FPGA/Vivaldo Project/INTERFACE/SPI/05_w25q64_controller/Vivado/05_w25q64_controller.cache/compile_simlib/questa} {riviera=D:/FPGA/Vivaldo Project/INTERFACE/SPI/05_w25q64_controller/Vivado/05_w25q64_controller.cache/compile_simlib/riviera} {activehdl=D:/FPGA/Vivaldo Project/INTERFACE/SPI/05_w25q64_controller/Vivado/05_w25q64_controller.cache/compile_simlib/activehdl}] -use_ip_compiled_libs -force -quiet
reset_run synth_1
INFO: [Project 1-1161] Replacing file D:/FPGA/Vivaldo Project/INTERFACE/SPI/05_w25q64_controller/Vivado/05_w25q64_controller.srcs/utils_1/imports/synth_1/top_w25q64_controller.dcp with file D:/FPGA/Vivaldo Project/INTERFACE/SPI/05_w25q64_controller/Vivado/05_w25q64_controller.runs/synth_1/top_w25q64_controller.dcp
launch_runs impl_1 -to_step write_bitstream -jobs 8
[Wed Aug 12 11:20:21 2026] Launched synth_1...
Run output will be captured here: D:/FPGA/Vivaldo Project/INTERFACE/SPI/05_w25q64_controller/Vivado/05_w25q64_controller.runs/synth_1/runme.log
[Wed Aug 12 11:20:21 2026] Launched impl_1...
Run output will be captured here: D:/FPGA/Vivaldo Project/INTERFACE/SPI/05_w25q64_controller/Vivado/05_w25q64_controller.runs/impl_1/runme.log
current_wave_config {tb_behav.wcfg}
D:/FPGA/Vivaldo Project/INTERFACE/SPI/05_w25q64_controller/Vivado/tb_behav.wcfg
add_wave {{/tb/w25q64_controller/spi_master_mode0/clk}} {{/tb/w25q64_controller/spi_master_mode0/rst_n}} {{/tb/w25q64_controller/spi_master_mode0/start}} {{/tb/w25q64_controller/spi_master_mode0/byte_transfer}} {{/tb/w25q64_controller/spi_master_mode0/data_in}} {{/tb/w25q64_controller/spi_master_mode0/done}} {{/tb/w25q64_controller/spi_master_mode0/busy}} {{/tb/w25q64_controller/spi_master_mode0/data_out}} {{/tb/w25q64_controller/spi_master_mode0/spi_clk}} {{/tb/w25q64_controller/spi_master_mode0/spi_mosi}} {{/tb/w25q64_controller/spi_master_mode0/spi_cs_n}} {{/tb/w25q64_controller/spi_master_mode0/spi_miso}} {{/tb/w25q64_controller/spi_master_mode0/d_start}} {{/tb/w25q64_controller/spi_master_mode0/rasing_edge_start}} {{/tb/w25q64_controller/spi_master_mode0/reg_data_in}} {{/tb/w25q64_controller/spi_master_mode0/reg_byte_transfer}} {{/tb/w25q64_controller/spi_master_mode0/state}} {{/tb/w25q64_controller/spi_master_mode0/next_state}} {{/tb/w25q64_controller/spi_master_mode0/cnt_clk}} {{/tb/w25q64_controller/spi_master_mode0/cnt_bit}} {{/tb/w25q64_controller/spi_master_mode0/data_shift}} {{/tb/w25q64_controller/spi_master_mode0/CLK_DIV}} {{/tb/w25q64_controller/spi_master_mode0/MAX_BYTE_SEND}} {{/tb/w25q64_controller/spi_master_mode0/IDLE}} {{/tb/w25q64_controller/spi_master_mode0/INSE}} {{/tb/w25q64_controller/spi_master_mode0/TRAN}} {{/tb/w25q64_controller/spi_master_mode0/FINI}} 
save_wave_config {D:/FPGA/Vivaldo Project/INTERFACE/SPI/05_w25q64_controller/Vivado/tb_behav.wcfg}
relaunch_sim
Command: launch_simulation -step compile -simset sim_1 -mode behavioral
INFO: [Vivado 12-12493] Simulation top is 'tb'
WARNING: [Vivado 12-13340] Unable to auto find GCC executables from simulator install path! (path not set)
INFO: [Vivado 12-12490] The selected simulation model for 'ila_1' IP changed to 'rtl' from '', the simulation run directory will be deleted.
WARNING: [Vivado 12-13277] Compiled library path does not exist: ''
INFO: [Vivado 12-5698] Checking validity of IPs in the design for the 'XSim' simulator...
INFO: [Vivado 12-5682] Launching behavioral simulation in 'D:/FPGA/Vivaldo Project/INTERFACE/SPI/05_w25q64_controller/Vivado/05_w25q64_controller.sim/sim_1/behav/xsim'
INFO: [Vivado 12-13660] Precompiled IP simulation library mode is enabled (default). The design IP libraries will be referenced from the compiled library path. Please note that if the precompiled version of the library is not found from the path or the IP is in locked state, then the library source files for these IPs will be compiled locally as part of the compile order.
INFO: [Vivado 12-4795] Using compiled simulation libraries for IPs
INFO: [SIM-utils-51] Simulation object is 'sim_1'
INFO: [USF-XSim-2] XSim::Compile design
INFO: [USF-XSim-61] Executing 'COMPILE and ANALYZE' step in 'D:/FPGA/Vivaldo Project/INTERFACE/SPI/05_w25q64_controller/Vivado/05_w25q64_controller.sim/sim_1/behav/xsim'
"xvlog --incr --relax -prj tb_vlog.prj"
INFO: [VRFC 10-2263] Analyzing Verilog file "D:/FPGA/Vivaldo Project/INTERFACE/SPI/05_w25q64_controller/Vivado/05_w25q64_controller.srcs/sources_1/new/spi_master_mode0.v" into library xil_defaultlib
INFO: [VRFC 10-311] analyzing module spi_master_mode0
INFO: [VRFC 10-2263] Analyzing Verilog file "D:/FPGA/Vivaldo Project/INTERFACE/SPI/05_w25q64_controller/Vivado/05_w25q64_controller.srcs/sources_1/new/w25q64_controller.v" into library xil_defaultlib
INFO: [VRFC 10-311] analyzing module w25q64_controller
INFO: [VRFC 10-2263] Analyzing Verilog file "D:/FPGA/Vivaldo Project/INTERFACE/SPI/05_w25q64_controller/Vivado/05_w25q64_controller.srcs/sim_1/new/tb.v" into library xil_defaultlib
INFO: [VRFC 10-311] analyzing module tb
INFO: [VRFC 10-2263] Analyzing Verilog file "D:/FPGA/Vivaldo Project/INTERFACE/SPI/05_w25q64_controller/Vivado/05_w25q64_controller.sim/sim_1/behav/xsim/glbl.v" into library xil_defaultlib
INFO: [VRFC 10-311] analyzing module glbl
INFO: [USF-XSim-69] 'compile' step finished in '2' seconds
Command: launch_simulation -step elaborate -simset sim_1 -mode behavioral
INFO: [Vivado 12-12493] Simulation top is 'tb'
WARNING: [Vivado 12-13340] Unable to auto find GCC executables from simulator install path! (path not set)
WARNING: [Vivado 12-13277] Compiled library path does not exist: ''
INFO: [Vivado 12-5698] Checking validity of IPs in the design for the 'XSim' simulator...
INFO: [Vivado 12-5682] Launching behavioral simulation in 'D:/FPGA/Vivaldo Project/INTERFACE/SPI/05_w25q64_controller/Vivado/05_w25q64_controller.sim/sim_1/behav/xsim'
INFO: [Vivado 12-13660] Precompiled IP simulation library mode is enabled (default). The design IP libraries will be referenced from the compiled library path. Please note that if the precompiled version of the library is not found from the path or the IP is in locked state, then the library source files for these IPs will be compiled locally as part of the compile order.
INFO: [Vivado 12-4795] Using compiled simulation libraries for IPs
INFO: [SIM-utils-51] Simulation object is 'sim_1'
INFO: [USF-XSim-3] XSim::Elaborate design
INFO: [USF-XSim-61] Executing 'ELABORATE' step in 'D:/FPGA/Vivaldo Project/INTERFACE/SPI/05_w25q64_controller/Vivado/05_w25q64_controller.sim/sim_1/behav/xsim'
"xelab --incr --debug typical --relax --mt 2 -L xil_defaultlib -L unisims_ver -L unimacro_ver -L secureip -L xpm --snapshot tb_behav xil_defaultlib.tb xil_defaultlib.glbl -log elaborate.log"
Vivado Simulator v2022.2
Copyright 1986-1999, 2001-2022 Xilinx, Inc. All Rights Reserved.
Running: D:/Xilinx/Vivado/2022.2/bin/unwrapped/win64.o/xelab.exe --incr --debug typical --relax --mt 2 -L xil_defaultlib -L unisims_ver -L unimacro_ver -L secureip -L xpm --snapshot tb_behav xil_defaultlib.tb xil_defaultlib.glbl -log elaborate.log 
Using 2 slave threads.
Starting static elaboration
Pass Through NonSizing Optimizer
ERROR: [VRFC 10-2063] Module <ila_1> not found while processing module instance <ila_1> [D:/FPGA/Vivaldo Project/INTERFACE/SPI/05_w25q64_controller/Vivado/05_w25q64_controller.srcs/sources_1/new/w25q64_controller.v:288]
ERROR: [XSIM 43-3322] Static elaboration of top level Verilog design unit(s) in library work failed.
INFO: [USF-XSim-69] 'elaborate' step finished in '2' seconds
INFO: [USF-XSim-99] Step results log file:'D:/FPGA/Vivaldo Project/INTERFACE/SPI/05_w25q64_controller/Vivado/05_w25q64_controller.sim/sim_1/behav/xsim/elaborate.log'
ERROR: [USF-XSim-62] 'elaborate' step failed with error(s). Please check the Tcl console output or 'D:/FPGA/Vivaldo Project/INTERFACE/SPI/05_w25q64_controller/Vivado/05_w25q64_controller.sim/sim_1/behav/xsim/elaborate.log' file for more information.
ERROR: [Vivado 12-4473] Detected error while running simulation. Please correct the issue and retry this operation.
ERROR: [Common 17-39] 'launch_simulation' failed due to earlier errors.
ERROR: [Common 17-69] Command failed: ERROR: [Common 17-39] 'launch_simulation' failed due to earlier errors.

relaunch_sim
Command: launch_simulation -step compile -simset sim_1 -mode behavioral
INFO: [Vivado 12-12493] Simulation top is 'tb'
WARNING: [Vivado 12-13340] Unable to auto find GCC executables from simulator install path! (path not set)
WARNING: [Vivado 12-13277] Compiled library path does not exist: ''
INFO: [Vivado 12-5698] Checking validity of IPs in the design for the 'XSim' simulator...
INFO: [Vivado 12-5682] Launching behavioral simulation in 'D:/FPGA/Vivaldo Project/INTERFACE/SPI/05_w25q64_controller/Vivado/05_w25q64_controller.sim/sim_1/behav/xsim'
INFO: [Vivado 12-13660] Precompiled IP simulation library mode is enabled (default). The design IP libraries will be referenced from the compiled library path. Please note that if the precompiled version of the library is not found from the path or the IP is in locked state, then the library source files for these IPs will be compiled locally as part of the compile order.
INFO: [Vivado 12-4795] Using compiled simulation libraries for IPs
INFO: [SIM-utils-51] Simulation object is 'sim_1'
INFO: [USF-XSim-2] XSim::Compile design
INFO: [USF-XSim-61] Executing 'COMPILE and ANALYZE' step in 'D:/FPGA/Vivaldo Project/INTERFACE/SPI/05_w25q64_controller/Vivado/05_w25q64_controller.sim/sim_1/behav/xsim'
"xvlog --incr --relax -prj tb_vlog.prj"
INFO: [VRFC 10-2263] Analyzing Verilog file "D:/FPGA/Vivaldo Project/INTERFACE/SPI/05_w25q64_controller/Vivado/05_w25q64_controller.srcs/sources_1/new/spi_master_mode0.v" into library xil_defaultlib
INFO: [VRFC 10-311] analyzing module spi_master_mode0
INFO: [VRFC 10-2263] Analyzing Verilog file "D:/FPGA/Vivaldo Project/INTERFACE/SPI/05_w25q64_controller/Vivado/05_w25q64_controller.srcs/sources_1/new/w25q64_controller.v" into library xil_defaultlib
INFO: [VRFC 10-311] analyzing module w25q64_controller
INFO: [VRFC 10-2263] Analyzing Verilog file "D:/FPGA/Vivaldo Project/INTERFACE/SPI/05_w25q64_controller/Vivado/05_w25q64_controller.srcs/sim_1/new/tb.v" into library xil_defaultlib
INFO: [VRFC 10-311] analyzing module tb
INFO: [USF-XSim-69] 'compile' step finished in '2' seconds
Command: launch_simulation -step elaborate -simset sim_1 -mode behavioral
INFO: [Vivado 12-12493] Simulation top is 'tb'
WARNING: [Vivado 12-13340] Unable to auto find GCC executables from simulator install path! (path not set)
WARNING: [Vivado 12-13277] Compiled library path does not exist: ''
INFO: [Vivado 12-5698] Checking validity of IPs in the design for the 'XSim' simulator...
INFO: [Vivado 12-5682] Launching behavioral simulation in 'D:/FPGA/Vivaldo Project/INTERFACE/SPI/05_w25q64_controller/Vivado/05_w25q64_controller.sim/sim_1/behav/xsim'
INFO: [Vivado 12-13660] Precompiled IP simulation library mode is enabled (default). The design IP libraries will be referenced from the compiled library path. Please note that if the precompiled version of the library is not found from the path or the IP is in locked state, then the library source files for these IPs will be compiled locally as part of the compile order.
INFO: [Vivado 12-4795] Using compiled simulation libraries for IPs
INFO: [SIM-utils-51] Simulation object is 'sim_1'
INFO: [USF-XSim-3] XSim::Elaborate design
INFO: [USF-XSim-61] Executing 'ELABORATE' step in 'D:/FPGA/Vivaldo Project/INTERFACE/SPI/05_w25q64_controller/Vivado/05_w25q64_controller.sim/sim_1/behav/xsim'
"xelab --incr --debug typical --relax --mt 2 -L xil_defaultlib -L unisims_ver -L unimacro_ver -L secureip -L xpm --snapshot tb_behav xil_defaultlib.tb xil_defaultlib.glbl -log elaborate.log"
Vivado Simulator v2022.2
Copyright 1986-1999, 2001-2022 Xilinx, Inc. All Rights Reserved.
Running: D:/Xilinx/Vivado/2022.2/bin/unwrapped/win64.o/xelab.exe --incr --debug typical --relax --mt 2 -L xil_defaultlib -L unisims_ver -L unimacro_ver -L secureip -L xpm --snapshot tb_behav xil_defaultlib.tb xil_defaultlib.glbl -log elaborate.log 
Using 2 slave threads.
Starting static elaboration
Pass Through NonSizing Optimizer
ERROR: [VRFC 10-2063] Module <ila_1> not found while processing module instance <ila_1> [D:/FPGA/Vivaldo Project/INTERFACE/SPI/05_w25q64_controller/Vivado/05_w25q64_controller.srcs/sources_1/new/w25q64_controller.v:288]
ERROR: [XSIM 43-3322] Static elaboration of top level Verilog design unit(s) in library work failed.
INFO: [USF-XSim-69] 'elaborate' step finished in '1' seconds
INFO: [USF-XSim-99] Step results log file:'D:/FPGA/Vivaldo Project/INTERFACE/SPI/05_w25q64_controller/Vivado/05_w25q64_controller.sim/sim_1/behav/xsim/elaborate.log'
ERROR: [USF-XSim-62] 'elaborate' step failed with error(s). Please check the Tcl console output or 'D:/FPGA/Vivaldo Project/INTERFACE/SPI/05_w25q64_controller/Vivado/05_w25q64_controller.sim/sim_1/behav/xsim/elaborate.log' file for more information.
ERROR: [Vivado 12-4473] Detected error while running simulation. Please correct the issue and retry this operation.
ERROR: [Common 17-39] 'launch_simulation' failed due to earlier errors.
ERROR: [Common 17-69] Command failed: ERROR: [Common 17-39] 'launch_simulation' failed due to earlier errors.

close_sim
INFO: [Simtcl 6-16] Simulation closed
launch_simulation
Command: launch_simulation 
INFO: [Vivado 12-12493] Simulation top is 'tb'
WARNING: [Vivado 12-13340] Unable to auto find GCC executables from simulator install path! (path not set)
WARNING: [Vivado 12-13277] Compiled library path does not exist: ''
INFO: [Vivado 12-5698] Checking validity of IPs in the design for the 'XSim' simulator...
INFO: [Vivado 12-5682] Launching behavioral simulation in 'D:/FPGA/Vivaldo Project/INTERFACE/SPI/05_w25q64_controller/Vivado/05_w25q64_controller.sim/sim_1/behav/xsim'
INFO: [Vivado 12-13660] Precompiled IP simulation library mode is enabled (default). The design IP libraries will be referenced from the compiled library path. Please note that if the precompiled version of the library is not found from the path or the IP is in locked state, then the library source files for these IPs will be compiled locally as part of the compile order.
INFO: [Vivado 12-4795] Using compiled simulation libraries for IPs
INFO: [SIM-utils-51] Simulation object is 'sim_1'
INFO: [SIM-utils-72] Using boost library from 'D:/Xilinx/Vivado/2022.2/tps/boost_1_72_0'
INFO: [USF-XSim-7] Finding pre-compiled libraries...
INFO: [USF-XSim-11] File 'D:/Xilinx/Vivado/2022.2/data/xsim/xsim.ini' copied to run dir:'D:/FPGA/Vivaldo Project/INTERFACE/SPI/05_w25q64_controller/Vivado/05_w25q64_controller.sim/sim_1/behav/xsim'
INFO: [SIM-utils-54] Inspecting design source files for 'tb' in fileset 'sim_1'...
INFO: [USF-XSim-97] Finding global include files...
INFO: [USF-XSim-98] Fetching design files from 'sim_1'...
INFO: [USF-XSim-2] XSim::Compile design
INFO: [USF-XSim-61] Executing 'COMPILE and ANALYZE' step in 'D:/FPGA/Vivaldo Project/INTERFACE/SPI/05_w25q64_controller/Vivado/05_w25q64_controller.sim/sim_1/behav/xsim'
"xvlog --incr --relax -prj tb_vlog.prj"
INFO: [VRFC 10-2263] Analyzing Verilog file "D:/FPGA/Vivaldo Project/INTERFACE/SPI/05_w25q64_controller/Vivado/05_w25q64_controller.gen/sources_1/ip/ila_1/sim/ila_1.v" into library xil_defaultlib
INFO: [VRFC 10-311] analyzing module ila_1
INFO: [USF-XSim-69] 'compile' step finished in '2' seconds
INFO: [USF-XSim-3] XSim::Elaborate design
INFO: [USF-XSim-61] Executing 'ELABORATE' step in 'D:/FPGA/Vivaldo Project/INTERFACE/SPI/05_w25q64_controller/Vivado/05_w25q64_controller.sim/sim_1/behav/xsim'
"xelab --incr --debug typical --relax --mt 2 -L xil_defaultlib -L unisims_ver -L unimacro_ver -L secureip -L xpm --snapshot tb_behav xil_defaultlib.tb xil_defaultlib.glbl -log elaborate.log"
Vivado Simulator v2022.2
Copyright 1986-1999, 2001-2022 Xilinx, Inc. All Rights Reserved.
Running: D:/Xilinx/Vivado/2022.2/bin/unwrapped/win64.o/xelab.exe --incr --debug typical --relax --mt 2 -L xil_defaultlib -L unisims_ver -L unimacro_ver -L secureip -L xpm --snapshot tb_behav xil_defaultlib.tb xil_defaultlib.glbl -log elaborate.log 
Using 2 slave threads.
Starting static elaboration
Pass Through NonSizing Optimizer
Completed static elaboration
Starting simulation data flow analysis
Completed simulation data flow analysis
Time Resolution for simulation is 1ps
Compiling module xil_defaultlib.spi_master_mode0
Compiling module xil_defaultlib.ila_1
Compiling module xil_defaultlib.w25q64_controller(CLK_DIV=50)
Compiling module xil_defaultlib.tb
Compiling module xil_defaultlib.glbl
Built simulation snapshot tb_behav
INFO: [USF-XSim-69] 'elaborate' step finished in '3' seconds
INFO: [USF-XSim-4] XSim::Simulate design
INFO: [USF-XSim-61] Executing 'SIMULATE' step in 'D:/FPGA/Vivaldo Project/INTERFACE/SPI/05_w25q64_controller/Vivado/05_w25q64_controller.sim/sim_1/behav/xsim'
INFO: [USF-XSim-98] *** Running xsim
   with args "tb_behav -key {Behavioral:sim_1:Functional:tb} -tclbatch {tb.tcl} -view {{D:/FPGA/Vivaldo Project/INTERFACE/SPI/05_w25q64_controller/Vivado/tb_behav.wcfg}} -log {simulate.log}"
INFO: [USF-XSim-8] Loading simulator feature
Time resolution is 1 ps
open_wave_config {D:/FPGA/Vivaldo Project/INTERFACE/SPI/05_w25q64_controller/Vivado/tb_behav.wcfg}
source tb.tcl
# set curr_wave [current_wave_config]
# if { [string length $curr_wave] == 0 } {
#   if { [llength [get_objects]] > 0} {
#     add_wave /
#     set_property needs_save false [current_wave_config]
#   } else {
#      send_msg_id Add_Wave-1 WARNING "No top level signals found. Simulator will start without a wave window. If you want to open a wave window go to 'File->New Waveform Configuration' or type 'create_wave_config' in the TCL console."
#   }
# }
# run 1000ns
INFO: [USF-XSim-96] XSim completed. Design snapshot 'tb_behav' loaded.
INFO: [USF-XSim-97] XSim simulation ran for 1000ns
run 50000 ns
WARNING: [IP_Flow 19-4067] Ignoring invalid widget type specified checkbox.Providing a default widget
set_property CONFIG.C_NUM_OF_PROBES {8} [get_ips ila_1]
generate_target all [get_files  {{d:/FPGA/Vivaldo Project/INTERFACE/SPI/05_w25q64_controller/Vivado/05_w25q64_controller.srcs/sources_1/ip/ila_1/ila_1.xci}}]
INFO: [IP_Flow 19-1686] Generating 'Instantiation Template' target for IP 'ila_1'...
INFO: [IP_Flow 19-1686] Generating 'Synthesis' target for IP 'ila_1'...
INFO: [IP_Flow 19-1686] Generating 'Simulation' target for IP 'ila_1'...
INFO: [IP_Flow 19-1686] Generating 'Implementation' target for IP 'ila_1'...
INFO: [IP_Flow 19-1686] Generating 'Change Log' target for IP 'ila_1'...
export_ip_user_files -of_objects [get_files {{d:/FPGA/Vivaldo Project/INTERFACE/SPI/05_w25q64_controller/Vivado/05_w25q64_controller.srcs/sources_1/ip/ila_1/ila_1.xci}}] -no_script -sync -force -quiet
export_simulation -of_objects [get_files {{d:/FPGA/Vivaldo Project/INTERFACE/SPI/05_w25q64_controller/Vivado/05_w25q64_controller.srcs/sources_1/ip/ila_1/ila_1.xci}}] -directory {D:/FPGA/Vivaldo Project/INTERFACE/SPI/05_w25q64_controller/Vivado/05_w25q64_controller.ip_user_files/sim_scripts} -ip_user_files_dir {D:/FPGA/Vivaldo Project/INTERFACE/SPI/05_w25q64_controller/Vivado/05_w25q64_controller.ip_user_files} -ipstatic_source_dir {D:/FPGA/Vivaldo Project/INTERFACE/SPI/05_w25q64_controller/Vivado/05_w25q64_controller.ip_user_files/ipstatic} -lib_map_path [list {modelsim=D:/FPGA/Vivaldo Project/INTERFACE/SPI/05_w25q64_controller/Vivado/05_w25q64_controller.cache/compile_simlib/modelsim} {questa=D:/FPGA/Vivaldo Project/INTERFACE/SPI/05_w25q64_controller/Vivado/05_w25q64_controller.cache/compile_simlib/questa} {riviera=D:/FPGA/Vivaldo Project/INTERFACE/SPI/05_w25q64_controller/Vivado/05_w25q64_controller.cache/compile_simlib/riviera} {activehdl=D:/FPGA/Vivaldo Project/INTERFACE/SPI/05_w25q64_controller/Vivado/05_w25q64_controller.cache/compile_simlib/activehdl}] -use_ip_compiled_libs -force -quiet
reset_run synth_1
INFO: [Project 1-1161] Replacing file D:/FPGA/Vivaldo Project/INTERFACE/SPI/05_w25q64_controller/Vivado/05_w25q64_controller.srcs/utils_1/imports/synth_1/top_w25q64_controller.dcp with file D:/FPGA/Vivaldo Project/INTERFACE/SPI/05_w25q64_controller/Vivado/05_w25q64_controller.runs/synth_1/top_w25q64_controller.dcp
WARNING: [Vivado 12-1017] Problems encountered:
1. Failed to delete one or more files in run directory D:/FPGA/Vivaldo Project/INTERFACE/SPI/05_w25q64_controller/Vivado/05_w25q64_controller.runs/synth_1

launch_runs impl_1 -to_step write_bitstream -jobs 8
[Wed Aug 12 12:10:59 2026] Launched synth_1...
Run output will be captured here: D:/FPGA/Vivaldo Project/INTERFACE/SPI/05_w25q64_controller/Vivado/05_w25q64_controller.runs/synth_1/runme.log
[Wed Aug 12 12:10:59 2026] Launched impl_1...
Run output will be captured here: D:/FPGA/Vivaldo Project/INTERFACE/SPI/05_w25q64_controller/Vivado/05_w25q64_controller.runs/impl_1/runme.log
update_compile_order -fileset sources_1
export_ip_user_files -of_objects  [get_files {{d:/FPGA/Vivaldo Project/INTERFACE/SPI/05_w25q64_controller/Vivado/05_w25q64_controller.srcs/sources_1/ip/ila_1/ila_1.xci}}] -no_script -reset -force -quiet
remove_files  {{d:/FPGA/Vivaldo Project/INTERFACE/SPI/05_w25q64_controller/Vivado/05_w25q64_controller.srcs/sources_1/ip/ila_1/ila_1.xci}}
file delete -force {d:/FPGA/Vivaldo Project/INTERFACE/SPI/05_w25q64_controller/Vivado/05_w25q64_controller.srcs/sources_1/ip/ila_1}
file delete -force {d:/FPGA/Vivaldo Project/INTERFACE/SPI/05_w25q64_controller/Vivado/05_w25q64_controller.gen/sources_1/ip/ila_1}
file delete -force {D:/FPGA/Vivaldo Project/INTERFACE/SPI/05_w25q64_controller/Vivado/05_w25q64_controller.ip_user_files/ip/ila_1}
reset_run synth_1
INFO: [Project 1-1161] Replacing file D:/FPGA/Vivaldo Project/INTERFACE/SPI/05_w25q64_controller/Vivado/05_w25q64_controller.srcs/utils_1/imports/synth_1/top_w25q64_controller.dcp with file D:/FPGA/Vivaldo Project/INTERFACE/SPI/05_w25q64_controller/Vivado/05_w25q64_controller.runs/synth_1/top_w25q64_controller.dcp
WARNING: [Vivado 12-1017] Problems encountered:
1. Failed to delete one or more files in run directory D:/FPGA/Vivaldo Project/INTERFACE/SPI/05_w25q64_controller/Vivado/05_w25q64_controller.runs/synth_1

launch_runs impl_1 -to_step write_bitstream -jobs 8
[Wed Aug 12 12:47:14 2026] Launched synth_1...
Run output will be captured here: D:/FPGA/Vivaldo Project/INTERFACE/SPI/05_w25q64_controller/Vivado/05_w25q64_controller.runs/synth_1/runme.log
[Wed Aug 12 12:47:14 2026] Launched impl_1...
Run output will be captured here: D:/FPGA/Vivaldo Project/INTERFACE/SPI/05_w25q64_controller/Vivado/05_w25q64_controller.runs/impl_1/runme.log
The simulator has terminated in an unexpected manner with exit code 1073807364.  Please review the simulation log (xsim.log) for details.
