
*** Running vivado
    with args -log system_integration_wrapper.vds -m64 -product Vivado -mode batch -messageDb vivado.pb -notrace -source system_integration_wrapper.tcl



****** Vivado v2022.2 (64-bit)
  **** SW Build 3671981 on Fri Oct 14 05:00:03 MDT 2022
  **** IP Build 3669848 on Fri Oct 14 08:30:02 MDT 2022
    ** Copyright 1986-2022 Xilinx, Inc. All Rights Reserved.

source system_integration_wrapper.tcl -notrace
INFO: [IP_Flow 19-234] Refreshing IP repositories
INFO: [IP_Flow 19-1700] Loaded user IP repository 'd:/FPGA/Vivaldo Project/INTERFACE/SPI/06_system_integration/ip_repo/axi_w25q64_1_0'.
INFO: [IP_Flow 19-2313] Loaded Vivado IP repository 'D:/Xilinx/Vivado/2022.2/data/ip'.
WARNING: [IP_Flow 19-4995] The host OS only allows 260 characters in a normal path. The IP cache path is more than 80 characters. If you experience issues with IP caching, please consider changing the IP cache to a location with a shorter path. Alternately consider using the OS subst command to map part of the path to a drive letter. 
Current IP cache path is d:/FPGA/Vivaldo Project/INTERFACE/SPI/06_system_integration/Vivado/system_integration.cache/ip 
INFO: [IP_Flow 19-5107] Inferred bus interface 'rst_n' of definition 'xilinx.com:signal:reset:1.0' (from Xilinx Repository).
INFO: [IP_Flow 19-5107] Inferred bus interface 'clk' of definition 'xilinx.com:signal:clock:1.0' (from Xilinx Repository).
INFO: [IP_Flow 19-5107] Inferred bus interface 'spi_clk' of definition 'xilinx.com:signal:clock:1.0' (from Xilinx Repository).
INFO: [IP_Flow 19-4728] Bus Interface 'rst_n': Added interface parameter 'POLARITY' with value 'ACTIVE_LOW'.
WARNING: [IP_Flow 19-3157] Bus Interface 'rst_n': Bus parameter POLARITY is ACTIVE_LOW but port 'rst_n' is not *resetn - please double check the POLARITY setting.
WARNING: [IP_Flow 19-5661] Bus Interface 'clk' does not have any bus interfaces associated with it.
WARNING: [IP_Flow 19-5661] Bus Interface 'spi_clk' does not have any bus interfaces associated with it.
CRITICAL WARNING: [IP_Flow 19-4751] Bus Interface 'spi_clk': FREQ_HZ bus parameter is missing for output clock interface.
INFO: [IP_Flow 19-234] Refreshing IP repositories
INFO: [IP_Flow 19-1700] Loaded user IP repository 'd:/FPGA/Vivaldo Project/INTERFACE/SPI/06_system_integration/ip_repo/axi_w25q64_1_0'.
Command: read_checkpoint -auto_incremental -incremental {D:/FPGA/Vivaldo Project/INTERFACE/SPI/06_system_integration/Vivado/system_integration.srcs/utils_1/imports/synth_1/w25q64_controller.dcp}
INFO: [Vivado 12-5825] Read reference checkpoint from D:/FPGA/Vivaldo Project/INTERFACE/SPI/06_system_integration/Vivado/system_integration.srcs/utils_1/imports/synth_1/w25q64_controller.dcp for incremental synthesis
INFO: [Vivado 12-7989] Please ensure there are no constraint changes
Command: synth_design -top system_integration_wrapper -part xck26-sfvc784-2LV-c
Starting synth_design
Attempting to get a license for feature 'Synthesis' and/or device 'xck26'
INFO: [Common 17-349] Got license for feature 'Synthesis' and/or device 'xck26'
INFO: [Device 21-403] Loading part xck26-sfvc784-2LV-c
INFO: [Designutils 20-5440] No compile time benefit to using incremental synthesis; A full resynthesis will be run
INFO: [Designutils 20-4379] Flow is switching to default flow due to incremental criteria not met. If you would like to alter this behaviour and have the flow terminate instead, please set the following parameter config_implementation {autoIncr.Synth.RejectBehavior Terminate}
INFO: [Synth 8-7079] Multithreading enabled for synth_design using a maximum of 2 processes.
INFO: [Synth 8-7078] Launching helper process for spawning children vivado processes
INFO: [Synth 8-7075] Helper process launched with PID 21836
INFO: [Synth 8-11241] undeclared symbol 'REGCCE', assumed default net type 'wire' [D:/Xilinx/Vivado/2022.2/data/verilog/src/unimacro/BRAM_SINGLE_MACRO.v:2170]
WARNING: [Synth 8-11067] parameter 'K_MAX_EP_ROUTE_WIDTH' declared inside package 'sc_util_v1_0_4_pkg' shall be treated as localparam [d:/FPGA/Vivaldo Project/INTERFACE/SPI/06_system_integration/Vivado/system_integration.gen/sources_1/bd/system_integration/ipshared/f0b6/hdl/sc_util_v1_0_vl_rfs.sv:87]
WARNING: [Synth 8-11067] parameter 'K_MAX_SC_ROUTE_WIDTH' declared inside package 'sc_util_v1_0_4_pkg' shall be treated as localparam [d:/FPGA/Vivaldo Project/INTERFACE/SPI/06_system_integration/Vivado/system_integration.gen/sources_1/bd/system_integration/ipshared/f0b6/hdl/sc_util_v1_0_vl_rfs.sv:88]
WARNING: [Synth 8-11067] parameter 'K_MAX_CMD_PTR' declared inside package 'sc_util_v1_0_4_pkg' shall be treated as localparam [d:/FPGA/Vivaldo Project/INTERFACE/SPI/06_system_integration/Vivado/system_integration.gen/sources_1/bd/system_integration/ipshared/f0b6/hdl/sc_util_v1_0_vl_rfs.sv:89]
WARNING: [Synth 8-11067] parameter 'K_MAX_LUTRAM_PTR' declared inside package 'sc_util_v1_0_4_pkg' shall be treated as localparam [d:/FPGA/Vivaldo Project/INTERFACE/SPI/06_system_integration/Vivado/system_integration.gen/sources_1/bd/system_integration/ipshared/f0b6/hdl/sc_util_v1_0_vl_rfs.sv:90]
WARNING: [Synth 8-11067] parameter 'K_MAX_BRAM_PTR' declared inside package 'sc_util_v1_0_4_pkg' shall be treated as localparam [d:/FPGA/Vivaldo Project/INTERFACE/SPI/06_system_integration/Vivado/system_integration.gen/sources_1/bd/system_integration/ipshared/f0b6/hdl/sc_util_v1_0_vl_rfs.sv:91]
WARNING: [Synth 8-11067] parameter 'K_MIN_BRAM_PTR' declared inside package 'sc_util_v1_0_4_pkg' shall be treated as localparam [d:/FPGA/Vivaldo Project/INTERFACE/SPI/06_system_integration/Vivado/system_integration.gen/sources_1/bd/system_integration/ipshared/f0b6/hdl/sc_util_v1_0_vl_rfs.sv:92]
WARNING: [Synth 8-11067] parameter 'K_MAX_SYNC_RATIO' declared inside package 'sc_util_v1_0_4_pkg' shall be treated as localparam [d:/FPGA/Vivaldo Project/INTERFACE/SPI/06_system_integration/Vivado/system_integration.gen/sources_1/bd/system_integration/ipshared/f0b6/hdl/sc_util_v1_0_vl_rfs.sv:93]
WARNING: [Synth 8-11067] parameter 'K_MAX_PIPELINES' declared inside package 'sc_util_v1_0_4_pkg' shall be treated as localparam [d:/FPGA/Vivaldo Project/INTERFACE/SPI/06_system_integration/Vivado/system_integration.gen/sources_1/bd/system_integration/ipshared/f0b6/hdl/sc_util_v1_0_vl_rfs.sv:94]
WARNING: [Synth 8-11067] parameter 'K_LOG_MAX_PIPELINES' declared inside package 'sc_util_v1_0_4_pkg' shall be treated as localparam [d:/FPGA/Vivaldo Project/INTERFACE/SPI/06_system_integration/Vivado/system_integration.gen/sources_1/bd/system_integration/ipshared/f0b6/hdl/sc_util_v1_0_vl_rfs.sv:95]
WARNING: [Synth 8-11067] parameter 'K_MAX_LATENCY' declared inside package 'sc_util_v1_0_4_pkg' shall be treated as localparam [d:/FPGA/Vivaldo Project/INTERFACE/SPI/06_system_integration/Vivado/system_integration.gen/sources_1/bd/system_integration/ipshared/f0b6/hdl/sc_util_v1_0_vl_rfs.sv:96]
WARNING: [Synth 8-11067] parameter 'K_LOG_MAX_LATENCY' declared inside package 'sc_util_v1_0_4_pkg' shall be treated as localparam [d:/FPGA/Vivaldo Project/INTERFACE/SPI/06_system_integration/Vivado/system_integration.gen/sources_1/bd/system_integration/ipshared/f0b6/hdl/sc_util_v1_0_vl_rfs.sv:97]
WARNING: [Synth 8-11067] parameter 'K_AXIS_ARB_TDATA_NUM_BYTES' declared inside package 'sc_util_v1_0_4_pkg' shall be treated as localparam [d:/FPGA/Vivaldo Project/INTERFACE/SPI/06_system_integration/Vivado/system_integration.gen/sources_1/bd/system_integration/ipshared/f0b6/hdl/sc_util_v1_0_vl_rfs.sv:98]
WARNING: [Synth 8-11067] parameter 'K_MAX_USER_BITS_PER_BYTE' declared inside package 'sc_util_v1_0_4_pkg' shall be treated as localparam [d:/FPGA/Vivaldo Project/INTERFACE/SPI/06_system_integration/Vivado/system_integration.gen/sources_1/bd/system_integration/ipshared/f0b6/hdl/sc_util_v1_0_vl_rfs.sv:99]
WARNING: [Synth 8-11067] parameter 'K_MAX_INFO_WIDTH' declared inside package 'sc_util_v1_0_4_pkg' shall be treated as localparam [d:/FPGA/Vivaldo Project/INTERFACE/SPI/06_system_integration/Vivado/system_integration.gen/sources_1/bd/system_integration/ipshared/f0b6/hdl/sc_util_v1_0_vl_rfs.sv:100]
WARNING: [Synth 8-11067] parameter 'K_MAX_OUTSTANDING_REQ' declared inside package 'sc_util_v1_0_4_pkg' shall be treated as localparam [d:/FPGA/Vivaldo Project/INTERFACE/SPI/06_system_integration/Vivado/system_integration.gen/sources_1/bd/system_integration/ipshared/f0b6/hdl/sc_util_v1_0_vl_rfs.sv:101]
WARNING: [Synth 8-11067] parameter 'K_AXI_SIZE_WIDTH' declared inside package 'sc_util_v1_0_4_pkg' shall be treated as localparam [d:/FPGA/Vivaldo Project/INTERFACE/SPI/06_system_integration/Vivado/system_integration.gen/sources_1/bd/system_integration/ipshared/f0b6/hdl/sc_util_v1_0_vl_rfs.sv:102]
WARNING: [Synth 8-11067] parameter 'K_AXI_BURST_WIDTH' declared inside package 'sc_util_v1_0_4_pkg' shall be treated as localparam [d:/FPGA/Vivaldo Project/INTERFACE/SPI/06_system_integration/Vivado/system_integration.gen/sources_1/bd/system_integration/ipshared/f0b6/hdl/sc_util_v1_0_vl_rfs.sv:103]
WARNING: [Synth 8-11067] parameter 'K_AXI_RESP_WIDTH' declared inside package 'sc_util_v1_0_4_pkg' shall be treated as localparam [d:/FPGA/Vivaldo Project/INTERFACE/SPI/06_system_integration/Vivado/system_integration.gen/sources_1/bd/system_integration/ipshared/f0b6/hdl/sc_util_v1_0_vl_rfs.sv:104]
WARNING: [Synth 8-11067] parameter 'K_AXI_LAST_WIDTH' declared inside package 'sc_util_v1_0_4_pkg' shall be treated as localparam [d:/FPGA/Vivaldo Project/INTERFACE/SPI/06_system_integration/Vivado/system_integration.gen/sources_1/bd/system_integration/ipshared/f0b6/hdl/sc_util_v1_0_vl_rfs.sv:105]
WARNING: [Synth 8-11067] parameter 'K_AXI_LEN_WIDTH' declared inside package 'sc_util_v1_0_4_pkg' shall be treated as localparam [d:/FPGA/Vivaldo Project/INTERFACE/SPI/06_system_integration/Vivado/system_integration.gen/sources_1/bd/system_integration/ipshared/f0b6/hdl/sc_util_v1_0_vl_rfs.sv:106]
WARNING: [Synth 8-11067] parameter 'K_AXI_EXCL_LEN_WIDTH' declared inside package 'sc_util_v1_0_4_pkg' shall be treated as localparam [d:/FPGA/Vivaldo Project/INTERFACE/SPI/06_system_integration/Vivado/system_integration.gen/sources_1/bd/system_integration/ipshared/f0b6/hdl/sc_util_v1_0_vl_rfs.sv:107]
WARNING: [Synth 8-11067] parameter 'K_AXI_LOCK_WIDTH' declared inside package 'sc_util_v1_0_4_pkg' shall be treated as localparam [d:/FPGA/Vivaldo Project/INTERFACE/SPI/06_system_integration/Vivado/system_integration.gen/sources_1/bd/system_integration/ipshared/f0b6/hdl/sc_util_v1_0_vl_rfs.sv:108]
WARNING: [Synth 8-11067] parameter 'K_AXI3_LEN_WIDTH' declared inside package 'sc_util_v1_0_4_pkg' shall be treated as localparam [d:/FPGA/Vivaldo Project/INTERFACE/SPI/06_system_integration/Vivado/system_integration.gen/sources_1/bd/system_integration/ipshared/f0b6/hdl/sc_util_v1_0_vl_rfs.sv:109]
WARNING: [Synth 8-11067] parameter 'K_AXI3_LOCK_WIDTH' declared inside package 'sc_util_v1_0_4_pkg' shall be treated as localparam [d:/FPGA/Vivaldo Project/INTERFACE/SPI/06_system_integration/Vivado/system_integration.gen/sources_1/bd/system_integration/ipshared/f0b6/hdl/sc_util_v1_0_vl_rfs.sv:110]
WARNING: [Synth 8-11067] parameter 'K_AXI_PROT_WIDTH' declared inside package 'sc_util_v1_0_4_pkg' shall be treated as localparam [d:/FPGA/Vivaldo Project/INTERFACE/SPI/06_system_integration/Vivado/system_integration.gen/sources_1/bd/system_integration/ipshared/f0b6/hdl/sc_util_v1_0_vl_rfs.sv:111]
WARNING: [Synth 8-11067] parameter 'K_AXI_QOS_WIDTH' declared inside package 'sc_util_v1_0_4_pkg' shall be treated as localparam [d:/FPGA/Vivaldo Project/INTERFACE/SPI/06_system_integration/Vivado/system_integration.gen/sources_1/bd/system_integration/ipshared/f0b6/hdl/sc_util_v1_0_vl_rfs.sv:112]
WARNING: [Synth 8-11067] parameter 'K_AXI_CACHE_WIDTH' declared inside package 'sc_util_v1_0_4_pkg' shall be treated as localparam [d:/FPGA/Vivaldo Project/INTERFACE/SPI/06_system_integration/Vivado/system_integration.gen/sources_1/bd/system_integration/ipshared/f0b6/hdl/sc_util_v1_0_vl_rfs.sv:113]
WARNING: [Synth 8-11067] parameter 'K_MAX_ACCEPTANCE' declared inside package 'sc_util_v1_0_4_pkg' shall be treated as localparam [d:/FPGA/Vivaldo Project/INTERFACE/SPI/06_system_integration/Vivado/system_integration.gen/sources_1/bd/system_integration/ipshared/f0b6/hdl/sc_util_v1_0_vl_rfs.sv:114]
WARNING: [Synth 8-11067] parameter 'K_MAX_FANOUT' declared inside package 'sc_util_v1_0_4_pkg' shall be treated as localparam [d:/FPGA/Vivaldo Project/INTERFACE/SPI/06_system_integration/Vivado/system_integration.gen/sources_1/bd/system_integration/ipshared/f0b6/hdl/sc_util_v1_0_vl_rfs.sv:115]
WARNING: [Synth 8-11067] parameter 'K_MAX_READ_WATERMARK' declared inside package 'sc_util_v1_0_4_pkg' shall be treated as localparam [d:/FPGA/Vivaldo Project/INTERFACE/SPI/06_system_integration/Vivado/system_integration.gen/sources_1/bd/system_integration/ipshared/f0b6/hdl/sc_util_v1_0_vl_rfs.sv:116]
WARNING: [Synth 8-11067] parameter 'K_MAX_BURST_LENGTH' declared inside package 'sc_util_v1_0_4_pkg' shall be treated as localparam [d:/FPGA/Vivaldo Project/INTERFACE/SPI/06_system_integration/Vivado/system_integration.gen/sources_1/bd/system_integration/ipshared/f0b6/hdl/sc_util_v1_0_vl_rfs.sv:117]
WARNING: [Synth 8-11067] parameter 'CH_R' declared inside package 'sc_util_v1_0_4_pkg' shall be treated as localparam [d:/FPGA/Vivaldo Project/INTERFACE/SPI/06_system_integration/Vivado/system_integration.gen/sources_1/bd/system_integration/ipshared/f0b6/hdl/sc_util_v1_0_vl_rfs.sv:164]
WARNING: [Synth 8-11067] parameter 'CH_W' declared inside package 'sc_util_v1_0_4_pkg' shall be treated as localparam [d:/FPGA/Vivaldo Project/INTERFACE/SPI/06_system_integration/Vivado/system_integration.gen/sources_1/bd/system_integration/ipshared/f0b6/hdl/sc_util_v1_0_vl_rfs.sv:165]
WARNING: [Synth 8-11067] parameter 'CH_AR' declared inside package 'sc_util_v1_0_4_pkg' shall be treated as localparam [d:/FPGA/Vivaldo Project/INTERFACE/SPI/06_system_integration/Vivado/system_integration.gen/sources_1/bd/system_integration/ipshared/f0b6/hdl/sc_util_v1_0_vl_rfs.sv:166]
WARNING: [Synth 8-11067] parameter 'CH_AW' declared inside package 'sc_util_v1_0_4_pkg' shall be treated as localparam [d:/FPGA/Vivaldo Project/INTERFACE/SPI/06_system_integration/Vivado/system_integration.gen/sources_1/bd/system_integration/ipshared/f0b6/hdl/sc_util_v1_0_vl_rfs.sv:167]
WARNING: [Synth 8-11067] parameter 'CH_B' declared inside package 'sc_util_v1_0_4_pkg' shall be treated as localparam [d:/FPGA/Vivaldo Project/INTERFACE/SPI/06_system_integration/Vivado/system_integration.gen/sources_1/bd/system_integration/ipshared/f0b6/hdl/sc_util_v1_0_vl_rfs.sv:168]
WARNING: [Synth 8-11067] parameter 'CLK_DOWN' declared inside package 'sc_util_v1_0_4_pkg' shall be treated as localparam [d:/FPGA/Vivaldo Project/INTERFACE/SPI/06_system_integration/Vivado/system_integration.gen/sources_1/bd/system_integration/ipshared/f0b6/hdl/sc_util_v1_0_vl_rfs.sv:170]
WARNING: [Synth 8-11067] parameter 'CLK_SYNC_ALIAS' declared inside package 'sc_util_v1_0_4_pkg' shall be treated as localparam [d:/FPGA/Vivaldo Project/INTERFACE/SPI/06_system_integration/Vivado/system_integration.gen/sources_1/bd/system_integration/ipshared/f0b6/hdl/sc_util_v1_0_vl_rfs.sv:171]
WARNING: [Synth 8-11067] parameter 'CLK_ASYNC' declared inside package 'sc_util_v1_0_4_pkg' shall be treated as localparam [d:/FPGA/Vivaldo Project/INTERFACE/SPI/06_system_integration/Vivado/system_integration.gen/sources_1/bd/system_integration/ipshared/f0b6/hdl/sc_util_v1_0_vl_rfs.sv:172]
WARNING: [Synth 8-11067] parameter 'CLK_SYNC' declared inside package 'sc_util_v1_0_4_pkg' shall be treated as localparam [d:/FPGA/Vivaldo Project/INTERFACE/SPI/06_system_integration/Vivado/system_integration.gen/sources_1/bd/system_integration/ipshared/f0b6/hdl/sc_util_v1_0_vl_rfs.sv:173]
WARNING: [Synth 8-11067] parameter 'CLK_UP' declared inside package 'sc_util_v1_0_4_pkg' shall be treated as localparam [d:/FPGA/Vivaldo Project/INTERFACE/SPI/06_system_integration/Vivado/system_integration.gen/sources_1/bd/system_integration/ipshared/f0b6/hdl/sc_util_v1_0_vl_rfs.sv:174]
WARNING: [Synth 8-11067] parameter 'CLKEN_NONE' declared inside package 'sc_util_v1_0_4_pkg' shall be treated as localparam [d:/FPGA/Vivaldo Project/INTERFACE/SPI/06_system_integration/Vivado/system_integration.gen/sources_1/bd/system_integration/ipshared/f0b6/hdl/sc_util_v1_0_vl_rfs.sv:176]
WARNING: [Synth 8-11067] parameter 'CLKEN_S' declared inside package 'sc_util_v1_0_4_pkg' shall be treated as localparam [d:/FPGA/Vivaldo Project/INTERFACE/SPI/06_system_integration/Vivado/system_integration.gen/sources_1/bd/system_integration/ipshared/f0b6/hdl/sc_util_v1_0_vl_rfs.sv:177]
WARNING: [Synth 8-11067] parameter 'CLKEN_M' declared inside package 'sc_util_v1_0_4_pkg' shall be treated as localparam [d:/FPGA/Vivaldo Project/INTERFACE/SPI/06_system_integration/Vivado/system_integration.gen/sources_1/bd/system_integration/ipshared/f0b6/hdl/sc_util_v1_0_vl_rfs.sv:178]
WARNING: [Synth 8-11067] parameter 'CLKEN_S_AND_M' declared inside package 'sc_util_v1_0_4_pkg' shall be treated as localparam [d:/FPGA/Vivaldo Project/INTERFACE/SPI/06_system_integration/Vivado/system_integration.gen/sources_1/bd/system_integration/ipshared/f0b6/hdl/sc_util_v1_0_vl_rfs.sv:179]
WARNING: [Synth 8-11067] parameter 'ARB_BYPASS' declared inside package 'sc_util_v1_0_4_pkg' shall be treated as localparam [d:/FPGA/Vivaldo Project/INTERFACE/SPI/06_system_integration/Vivado/system_integration.gen/sources_1/bd/system_integration/ipshared/f0b6/hdl/sc_util_v1_0_vl_rfs.sv:180]
WARNING: [Synth 8-11067] parameter 'ARB_ROUNDROBIN' declared inside package 'sc_util_v1_0_4_pkg' shall be treated as localparam [d:/FPGA/Vivaldo Project/INTERFACE/SPI/06_system_integration/Vivado/system_integration.gen/sources_1/bd/system_integration/ipshared/f0b6/hdl/sc_util_v1_0_vl_rfs.sv:181]
WARNING: [Synth 8-11067] parameter 'ARB_SLAVE' declared inside package 'sc_util_v1_0_4_pkg' shall be treated as localparam [d:/FPGA/Vivaldo Project/INTERFACE/SPI/06_system_integration/Vivado/system_integration.gen/sources_1/bd/system_integration/ipshared/f0b6/hdl/sc_util_v1_0_vl_rfs.sv:182]
WARNING: [Synth 8-11067] parameter 'FIFO_LUTRAM' declared inside package 'sc_util_v1_0_4_pkg' shall be treated as localparam [d:/FPGA/Vivaldo Project/INTERFACE/SPI/06_system_integration/Vivado/system_integration.gen/sources_1/bd/system_integration/ipshared/f0b6/hdl/sc_util_v1_0_vl_rfs.sv:183]
WARNING: [Synth 8-11067] parameter 'FIFO_BRAM' declared inside package 'sc_util_v1_0_4_pkg' shall be treated as localparam [d:/FPGA/Vivaldo Project/INTERFACE/SPI/06_system_integration/Vivado/system_integration.gen/sources_1/bd/system_integration/ipshared/f0b6/hdl/sc_util_v1_0_vl_rfs.sv:184]
WARNING: [Synth 8-11067] parameter 'FIFO_NONE' declared inside package 'sc_util_v1_0_4_pkg' shall be treated as localparam [d:/FPGA/Vivaldo Project/INTERFACE/SPI/06_system_integration/Vivado/system_integration.gen/sources_1/bd/system_integration/ipshared/f0b6/hdl/sc_util_v1_0_vl_rfs.sv:185]
WARNING: [Synth 8-11067] parameter 'FIFO_IP_XPM_MEMORY' declared inside package 'sc_util_v1_0_4_pkg' shall be treated as localparam [d:/FPGA/Vivaldo Project/INTERFACE/SPI/06_system_integration/Vivado/system_integration.gen/sources_1/bd/system_integration/ipshared/f0b6/hdl/sc_util_v1_0_vl_rfs.sv:186]
WARNING: [Synth 8-11067] parameter 'FIFO_IP_FG' declared inside package 'sc_util_v1_0_4_pkg' shall be treated as localparam [d:/FPGA/Vivaldo Project/INTERFACE/SPI/06_system_integration/Vivado/system_integration.gen/sources_1/bd/system_integration/ipshared/f0b6/hdl/sc_util_v1_0_vl_rfs.sv:187]
WARNING: [Synth 8-11067] parameter 'FIFO_IP_XPM_FIFO' declared inside package 'sc_util_v1_0_4_pkg' shall be treated as localparam [d:/FPGA/Vivaldo Project/INTERFACE/SPI/06_system_integration/Vivado/system_integration.gen/sources_1/bd/system_integration/ipshared/f0b6/hdl/sc_util_v1_0_vl_rfs.sv:188]
WARNING: [Synth 8-11067] parameter 'K_T_STRUCT_EXCLUSIVE_WIDTH' declared inside package 'sc_util_v1_0_4_pkg' shall be treated as localparam [d:/FPGA/Vivaldo Project/INTERFACE/SPI/06_system_integration/Vivado/system_integration.gen/sources_1/bd/system_integration/ipshared/f0b6/hdl/sc_util_v1_0_vl_rfs.sv:230]
WARNING: [Synth 8-11067] parameter 'K_T_STATIC_ADDR_PAYLD_WIDTH' declared inside package 'sc_util_v1_0_4_pkg' shall be treated as localparam [d:/FPGA/Vivaldo Project/INTERFACE/SPI/06_system_integration/Vivado/system_integration.gen/sources_1/bd/system_integration/ipshared/f0b6/hdl/sc_util_v1_0_vl_rfs.sv:232]
WARNING: [Synth 8-11067] parameter 'K_T_STATIC_RDATA_PAYLD_WIDTH' declared inside package 'sc_util_v1_0_4_pkg' shall be treated as localparam [d:/FPGA/Vivaldo Project/INTERFACE/SPI/06_system_integration/Vivado/system_integration.gen/sources_1/bd/system_integration/ipshared/f0b6/hdl/sc_util_v1_0_vl_rfs.sv:240]
WARNING: [Synth 8-11067] parameter 'K_T_STATIC_WDATA_PAYLD_WIDTH' declared inside package 'sc_util_v1_0_4_pkg' shall be treated as localparam [d:/FPGA/Vivaldo Project/INTERFACE/SPI/06_system_integration/Vivado/system_integration.gen/sources_1/bd/system_integration/ipshared/f0b6/hdl/sc_util_v1_0_vl_rfs.sv:244]
WARNING: [Synth 8-11067] parameter 'K_T_STATIC_BRSP_PAYLD_WIDTH' declared inside package 'sc_util_v1_0_4_pkg' shall be treated as localparam [d:/FPGA/Vivaldo Project/INTERFACE/SPI/06_system_integration/Vivado/system_integration.gen/sources_1/bd/system_integration/ipshared/f0b6/hdl/sc_util_v1_0_vl_rfs.sv:247]
WARNING: [Synth 8-11067] parameter 'K_T_EXCLUSIVE_WIDTH' declared inside package 'sc_util_v1_0_4_pkg' shall be treated as localparam [d:/FPGA/Vivaldo Project/INTERFACE/SPI/06_system_integration/Vivado/system_integration.gen/sources_1/bd/system_integration/ipshared/f0b6/hdl/sc_util_v1_0_vl_rfs.sv:253]
WARNING: [Synth 8-11067] parameter 'K_T_ADDR_AUGMENT_WIDTH' declared inside package 'sc_util_v1_0_4_pkg' shall be treated as localparam [d:/FPGA/Vivaldo Project/INTERFACE/SPI/06_system_integration/Vivado/system_integration.gen/sources_1/bd/system_integration/ipshared/f0b6/hdl/sc_util_v1_0_vl_rfs.sv:256]
WARNING: [Synth 8-11067] parameter 'K_T_DATA_AUGMENT_WIDTH' declared inside package 'sc_util_v1_0_4_pkg' shall be treated as localparam [d:/FPGA/Vivaldo Project/INTERFACE/SPI/06_system_integration/Vivado/system_integration.gen/sources_1/bd/system_integration/ipshared/f0b6/hdl/sc_util_v1_0_vl_rfs.sv:259]
WARNING: [Synth 8-11067] parameter 'K_T_BRSP_AUGMENT_WIDTH' declared inside package 'sc_util_v1_0_4_pkg' shall be treated as localparam [d:/FPGA/Vivaldo Project/INTERFACE/SPI/06_system_integration/Vivado/system_integration.gen/sources_1/bd/system_integration/ipshared/f0b6/hdl/sc_util_v1_0_vl_rfs.sv:261]
WARNING: [Synth 8-11067] parameter 'K_USABLE_T_ADDR_CASCADE_WIDTH' declared inside package 'sc_util_v1_0_4_pkg' shall be treated as localparam [d:/FPGA/Vivaldo Project/INTERFACE/SPI/06_system_integration/Vivado/system_integration.gen/sources_1/bd/system_integration/ipshared/f0b6/hdl/sc_util_v1_0_vl_rfs.sv:263]
WARNING: [Synth 8-11067] parameter 'K_USABLE_T_DATA_CASCADE_WIDTH' declared inside package 'sc_util_v1_0_4_pkg' shall be treated as localparam [d:/FPGA/Vivaldo Project/INTERFACE/SPI/06_system_integration/Vivado/system_integration.gen/sources_1/bd/system_integration/ipshared/f0b6/hdl/sc_util_v1_0_vl_rfs.sv:265]
WARNING: [Synth 8-11067] parameter 'K_USABLE_T_BRSP_CASCADE_WIDTH' declared inside package 'sc_util_v1_0_4_pkg' shall be treated as localparam [d:/FPGA/Vivaldo Project/INTERFACE/SPI/06_system_integration/Vivado/system_integration.gen/sources_1/bd/system_integration/ipshared/f0b6/hdl/sc_util_v1_0_vl_rfs.sv:267]
WARNING: [Synth 8-11067] parameter 'K_T_CASCADE_WIDTH' declared inside package 'sc_util_v1_0_4_pkg' shall be treated as localparam [d:/FPGA/Vivaldo Project/INTERFACE/SPI/06_system_integration/Vivado/system_integration.gen/sources_1/bd/system_integration/ipshared/f0b6/hdl/sc_util_v1_0_vl_rfs.sv:270]
WARNING: [Synth 8-11067] parameter 'K_T_SEG_LEN_WIDTH' declared inside package 'sc_util_v1_0_4_pkg' shall be treated as localparam [d:/FPGA/Vivaldo Project/INTERFACE/SPI/06_system_integration/Vivado/system_integration.gen/sources_1/bd/system_integration/ipshared/f0b6/hdl/sc_util_v1_0_vl_rfs.sv:304]
WARNING: [Synth 8-11067] parameter 'K_USABLE_T_ADDR_SIDEBAND_WIDTH' declared inside package 'sc_util_v1_0_4_pkg' shall be treated as localparam [d:/FPGA/Vivaldo Project/INTERFACE/SPI/06_system_integration/Vivado/system_integration.gen/sources_1/bd/system_integration/ipshared/f0b6/hdl/sc_util_v1_0_vl_rfs.sv:305]
WARNING: [Synth 8-11067] parameter 'K_USABLE_T_DATA_SIDEBAND_WIDTH' declared inside package 'sc_util_v1_0_4_pkg' shall be treated as localparam [d:/FPGA/Vivaldo Project/INTERFACE/SPI/06_system_integration/Vivado/system_integration.gen/sources_1/bd/system_integration/ipshared/f0b6/hdl/sc_util_v1_0_vl_rfs.sv:308]
WARNING: [Synth 8-11067] parameter 'K_USABLE_T_BRSP_SIDEBAND_WIDTH' declared inside package 'sc_util_v1_0_4_pkg' shall be treated as localparam [d:/FPGA/Vivaldo Project/INTERFACE/SPI/06_system_integration/Vivado/system_integration.gen/sources_1/bd/system_integration/ipshared/f0b6/hdl/sc_util_v1_0_vl_rfs.sv:310]
WARNING: [Synth 8-11067] parameter 'K_T_SIDEBAND_WIDTH' declared inside package 'sc_util_v1_0_4_pkg' shall be treated as localparam [d:/FPGA/Vivaldo Project/INTERFACE/SPI/06_system_integration/Vivado/system_integration.gen/sources_1/bd/system_integration/ipshared/f0b6/hdl/sc_util_v1_0_vl_rfs.sv:313]
WARNING: [Synth 8-11067] parameter 'K_USABLE_T_AXPAYLD_WIDTH' declared inside package 'sc_util_v1_0_4_pkg' shall be treated as localparam [d:/FPGA/Vivaldo Project/INTERFACE/SPI/06_system_integration/Vivado/system_integration.gen/sources_1/bd/system_integration/ipshared/f0b6/hdl/sc_util_v1_0_vl_rfs.sv:341]
WARNING: [Synth 8-11067] parameter 'K_USABLE_T_WPAYLD_WIDTH' declared inside package 'sc_util_v1_0_4_pkg' shall be treated as localparam [d:/FPGA/Vivaldo Project/INTERFACE/SPI/06_system_integration/Vivado/system_integration.gen/sources_1/bd/system_integration/ipshared/f0b6/hdl/sc_util_v1_0_vl_rfs.sv:348]
WARNING: [Synth 8-11067] parameter 'K_USABLE_T_RPAYLD_WIDTH' declared inside package 'sc_util_v1_0_4_pkg' shall be treated as localparam [d:/FPGA/Vivaldo Project/INTERFACE/SPI/06_system_integration/Vivado/system_integration.gen/sources_1/bd/system_integration/ipshared/f0b6/hdl/sc_util_v1_0_vl_rfs.sv:352]
WARNING: [Synth 8-11067] parameter 'K_USABLE_T_BPAYLD_WIDTH' declared inside package 'sc_util_v1_0_4_pkg' shall be treated as localparam [d:/FPGA/Vivaldo Project/INTERFACE/SPI/06_system_integration/Vivado/system_integration.gen/sources_1/bd/system_integration/ipshared/f0b6/hdl/sc_util_v1_0_vl_rfs.sv:357]
WARNING: [Synth 8-11067] parameter 'K_T_PAYLD_WIDTH' declared inside package 'sc_util_v1_0_4_pkg' shall be treated as localparam [d:/FPGA/Vivaldo Project/INTERFACE/SPI/06_system_integration/Vivado/system_integration.gen/sources_1/bd/system_integration/ipshared/f0b6/hdl/sc_util_v1_0_vl_rfs.sv:361]
WARNING: [Synth 8-11067] parameter 'K_MAX_PAYLD_WIDTH' declared inside package 'sc_util_v1_0_4_pkg' shall be treated as localparam [d:/FPGA/Vivaldo Project/INTERFACE/SPI/06_system_integration/Vivado/system_integration.gen/sources_1/bd/system_integration/ipshared/f0b6/hdl/sc_util_v1_0_vl_rfs.sv:362]
WARNING: [Synth 8-11067] parameter 'K_USABLE_T_AXVECTOR_WIDTH' declared inside package 'sc_util_v1_0_4_pkg' shall be treated as localparam [d:/FPGA/Vivaldo Project/INTERFACE/SPI/06_system_integration/Vivado/system_integration.gen/sources_1/bd/system_integration/ipshared/f0b6/hdl/sc_util_v1_0_vl_rfs.sv:547]
WARNING: [Synth 8-11067] parameter 'K_USABLE_T_WVECTOR_WIDTH' declared inside package 'sc_util_v1_0_4_pkg' shall be treated as localparam [d:/FPGA/Vivaldo Project/INTERFACE/SPI/06_system_integration/Vivado/system_integration.gen/sources_1/bd/system_integration/ipshared/f0b6/hdl/sc_util_v1_0_vl_rfs.sv:557]
WARNING: [Synth 8-11067] parameter 'K_USABLE_T_RVECTOR_WIDTH' declared inside package 'sc_util_v1_0_4_pkg' shall be treated as localparam [d:/FPGA/Vivaldo Project/INTERFACE/SPI/06_system_integration/Vivado/system_integration.gen/sources_1/bd/system_integration/ipshared/f0b6/hdl/sc_util_v1_0_vl_rfs.sv:561]
WARNING: [Synth 8-11067] parameter 'K_USABLE_T_BVECTOR_WIDTH' declared inside package 'sc_util_v1_0_4_pkg' shall be treated as localparam [d:/FPGA/Vivaldo Project/INTERFACE/SPI/06_system_integration/Vivado/system_integration.gen/sources_1/bd/system_integration/ipshared/f0b6/hdl/sc_util_v1_0_vl_rfs.sv:566]
WARNING: [Synth 8-11067] parameter 'K_STATIC_AXVECTOR_WIDTH' declared inside package 'sc_util_v1_0_4_pkg' shall be treated as localparam [d:/FPGA/Vivaldo Project/INTERFACE/SPI/06_system_integration/Vivado/system_integration.gen/sources_1/bd/system_integration/ipshared/f0b6/hdl/sc_util_v1_0_vl_rfs.sv:574]
WARNING: [Synth 8-11067] parameter 'K_STATIC_WVECTOR_WIDTH' declared inside package 'sc_util_v1_0_4_pkg' shall be treated as localparam [d:/FPGA/Vivaldo Project/INTERFACE/SPI/06_system_integration/Vivado/system_integration.gen/sources_1/bd/system_integration/ipshared/f0b6/hdl/sc_util_v1_0_vl_rfs.sv:584]
WARNING: [Synth 8-11067] parameter 'K_STATIC_RVECTOR_WIDTH' declared inside package 'sc_util_v1_0_4_pkg' shall be treated as localparam [d:/FPGA/Vivaldo Project/INTERFACE/SPI/06_system_integration/Vivado/system_integration.gen/sources_1/bd/system_integration/ipshared/f0b6/hdl/sc_util_v1_0_vl_rfs.sv:588]
WARNING: [Synth 8-11067] parameter 'K_STATIC_BVECTOR_WIDTH' declared inside package 'sc_util_v1_0_4_pkg' shall be treated as localparam [d:/FPGA/Vivaldo Project/INTERFACE/SPI/06_system_integration/Vivado/system_integration.gen/sources_1/bd/system_integration/ipshared/f0b6/hdl/sc_util_v1_0_vl_rfs.sv:593]
WARNING: [Synth 8-11067] parameter 'K_T_VECTOR_WIDTH' declared inside package 'sc_util_v1_0_4_pkg' shall be treated as localparam [d:/FPGA/Vivaldo Project/INTERFACE/SPI/06_system_integration/Vivado/system_integration.gen/sources_1/bd/system_integration/ipshared/f0b6/hdl/sc_util_v1_0_vl_rfs.sv:596]
WARNING: [Synth 8-11067] parameter 'K_MAX_VECTOR_WIDTH' declared inside package 'sc_util_v1_0_4_pkg' shall be treated as localparam [d:/FPGA/Vivaldo Project/INTERFACE/SPI/06_system_integration/Vivado/system_integration.gen/sources_1/bd/system_integration/ipshared/f0b6/hdl/sc_util_v1_0_vl_rfs.sv:597]
WARNING: [Synth 8-11067] parameter 'K_MAX_NUM_MNOC' declared inside package 'sc_util_v1_0_4_pkg_noc' shall be treated as localparam [d:/FPGA/Vivaldo Project/INTERFACE/SPI/06_system_integration/Vivado/system_integration.gen/sources_1/bd/system_integration/ipshared/f0b6/hdl/sc_util_v1_0_vl_rfs.sv:674]
WARNING: [Synth 8-11067] parameter 'K_MAX_NUM_SNOC' declared inside package 'sc_util_v1_0_4_pkg_noc' shall be treated as localparam [d:/FPGA/Vivaldo Project/INTERFACE/SPI/06_system_integration/Vivado/system_integration.gen/sources_1/bd/system_integration/ipshared/f0b6/hdl/sc_util_v1_0_vl_rfs.sv:675]
WARNING: [Synth 8-11067] parameter 'NOC_MAX_SCHED_LEN' declared inside package 'sc_util_v1_0_4_pkg_noc' shall be treated as localparam [d:/FPGA/Vivaldo Project/INTERFACE/SPI/06_system_integration/Vivado/system_integration.gen/sources_1/bd/system_integration/ipshared/f0b6/hdl/sc_util_v1_0_vl_rfs.sv:676]
WARNING: [Synth 8-11067] parameter 'NOC_MAX_TKN_WIDTH' declared inside package 'sc_util_v1_0_4_pkg_noc' shall be treated as localparam [d:/FPGA/Vivaldo Project/INTERFACE/SPI/06_system_integration/Vivado/system_integration.gen/sources_1/bd/system_integration/ipshared/f0b6/hdl/sc_util_v1_0_vl_rfs.sv:677]
WARNING: [Synth 8-11067] parameter 'NOC_MAX_RTR_ADDR_WIDTH' declared inside package 'sc_util_v1_0_4_pkg_noc' shall be treated as localparam [d:/FPGA/Vivaldo Project/INTERFACE/SPI/06_system_integration/Vivado/system_integration.gen/sources_1/bd/system_integration/ipshared/f0b6/hdl/sc_util_v1_0_vl_rfs.sv:678]
WARNING: [Synth 8-11067] parameter 'NOC_PORT_EJECT' declared inside package 'sc_util_v1_0_4_pkg_noc' shall be treated as localparam [d:/FPGA/Vivaldo Project/INTERFACE/SPI/06_system_integration/Vivado/system_integration.gen/sources_1/bd/system_integration/ipshared/f0b6/hdl/sc_util_v1_0_vl_rfs.sv:679]
WARNING: [Synth 8-11067] parameter 'NOC_PORT_ASCEND' declared inside package 'sc_util_v1_0_4_pkg_noc' shall be treated as localparam [d:/FPGA/Vivaldo Project/INTERFACE/SPI/06_system_integration/Vivado/system_integration.gen/sources_1/bd/system_integration/ipshared/f0b6/hdl/sc_util_v1_0_vl_rfs.sv:680]
WARNING: [Synth 8-11067] parameter 'NOC_PORT_DESCEND' declared inside package 'sc_util_v1_0_4_pkg_noc' shall be treated as localparam [d:/FPGA/Vivaldo Project/INTERFACE/SPI/06_system_integration/Vivado/system_integration.gen/sources_1/bd/system_integration/ipshared/f0b6/hdl/sc_util_v1_0_vl_rfs.sv:681]
WARNING: [Synth 8-11067] parameter 'NOC_PORT_THROUGH' declared inside package 'sc_util_v1_0_4_pkg_noc' shall be treated as localparam [d:/FPGA/Vivaldo Project/INTERFACE/SPI/06_system_integration/Vivado/system_integration.gen/sources_1/bd/system_integration/ipshared/f0b6/hdl/sc_util_v1_0_vl_rfs.sv:682]
WARNING: [Synth 8-11067] parameter 'NOC_TOKEN_THROUGH' declared inside package 'sc_util_v1_0_4_pkg_noc' shall be treated as localparam [d:/FPGA/Vivaldo Project/INTERFACE/SPI/06_system_integration/Vivado/system_integration.gen/sources_1/bd/system_integration/ipshared/f0b6/hdl/sc_util_v1_0_vl_rfs.sv:683]
WARNING: [Synth 8-11067] parameter 'NOC_TOKEN_ASCEND' declared inside package 'sc_util_v1_0_4_pkg_noc' shall be treated as localparam [d:/FPGA/Vivaldo Project/INTERFACE/SPI/06_system_integration/Vivado/system_integration.gen/sources_1/bd/system_integration/ipshared/f0b6/hdl/sc_util_v1_0_vl_rfs.sv:684]
WARNING: [Synth 8-11067] parameter 'NOC_TOKEN_DESCEND' declared inside package 'sc_util_v1_0_4_pkg_noc' shall be treated as localparam [d:/FPGA/Vivaldo Project/INTERFACE/SPI/06_system_integration/Vivado/system_integration.gen/sources_1/bd/system_integration/ipshared/f0b6/hdl/sc_util_v1_0_vl_rfs.sv:685]
INFO: [Common 17-14] Message 'Synth 8-11067' appears 100 times and further instances of the messages will be disabled. Use the Tcl command set_msg_config to change the current settings.
WARNING: [Synth 8-11014] non-net output port 'upsizer_valid' cannot be initialized at declaration in SystemVerilog mode [d:/FPGA/Vivaldo Project/INTERFACE/SPI/06_system_integration/Vivado/system_integration.gen/sources_1/bd/system_integration/ipshared/66be/hdl/sc_node_v1_0_vl_rfs.sv:2589]
INFO: [Synth 8-11241] undeclared symbol 'dp_audi_ref_clk', assumed default net type 'wire' [d:/FPGA/Vivaldo Project/INTERFACE/SPI/06_system_integration/Vivado/system_integration.gen/sources_1/bd/system_integration/ip/system_integration_zynq_ultra_ps_e_0_0/hdl/zynq_ultra_ps_e_v3_4_1.v:2415]
INFO: [Synth 8-11241] undeclared symbol 'rddata_rst_i', assumed default net type 'wire' [d:/FPGA/Vivaldo Project/INTERFACE/SPI/06_system_integration/Vivado/system_integration.gen/sources_1/bd/system_integration/ipshared/b205/hdl/xsdbm_v3_0_vl_rfs.v:2188]
INFO: [Synth 8-11241] undeclared symbol 'datard_overflow', assumed default net type 'wire' [d:/FPGA/Vivaldo Project/INTERFACE/SPI/06_system_integration/Vivado/system_integration.gen/sources_1/bd/system_integration/ipshared/b205/hdl/xsdbm_v3_0_vl_rfs.v:2235]
INFO: [Synth 8-11241] undeclared symbol 'datard_underflow', assumed default net type 'wire' [d:/FPGA/Vivaldo Project/INTERFACE/SPI/06_system_integration/Vivado/system_integration.gen/sources_1/bd/system_integration/ipshared/b205/hdl/xsdbm_v3_0_vl_rfs.v:2236]
INFO: [Synth 8-11241] undeclared symbol 'tms_int', assumed default net type 'wire' [d:/FPGA/Vivaldo Project/INTERFACE/SPI/06_system_integration/Vivado/system_integration.gen/sources_1/bd/system_integration/ipshared/b205/hdl/xsdbm_v3_0_vl_rfs.v:6379]
INFO: [Synth 8-11241] undeclared symbol 'runtest_int', assumed default net type 'wire' [d:/FPGA/Vivaldo Project/INTERFACE/SPI/06_system_integration/Vivado/system_integration.gen/sources_1/bd/system_integration/ipshared/b205/hdl/xsdbm_v3_0_vl_rfs.v:6381]
INFO: [Synth 8-11241] undeclared symbol 'tms_int', assumed default net type 'wire' [d:/FPGA/Vivaldo Project/INTERFACE/SPI/06_system_integration/Vivado/system_integration.gen/sources_1/bd/system_integration/ipshared/b205/hdl/xsdbm_v3_0_vl_rfs.v:6412]
INFO: [Synth 8-11241] undeclared symbol 'runtest_int', assumed default net type 'wire' [d:/FPGA/Vivaldo Project/INTERFACE/SPI/06_system_integration/Vivado/system_integration.gen/sources_1/bd/system_integration/ipshared/b205/hdl/xsdbm_v3_0_vl_rfs.v:6414]
INFO: [Synth 8-11241] undeclared symbol 'tms_int', assumed default net type 'wire' [d:/FPGA/Vivaldo Project/INTERFACE/SPI/06_system_integration/Vivado/system_integration.gen/sources_1/bd/system_integration/ipshared/b205/hdl/xsdbm_v3_0_vl_rfs.v:6447]
INFO: [Synth 8-11241] undeclared symbol 'runtest_int', assumed default net type 'wire' [d:/FPGA/Vivaldo Project/INTERFACE/SPI/06_system_integration/Vivado/system_integration.gen/sources_1/bd/system_integration/ipshared/b205/hdl/xsdbm_v3_0_vl_rfs.v:6449]
INFO: [Synth 8-11241] undeclared symbol 'tms_int', assumed default net type 'wire' [d:/FPGA/Vivaldo Project/INTERFACE/SPI/06_system_integration/Vivado/system_integration.gen/sources_1/bd/system_integration/ipshared/b205/hdl/verilog/xsdbm_v3_0_0_bs_core_ext.vh:30]
INFO: [Synth 8-11241] undeclared symbol 'runtest_int', assumed default net type 'wire' [d:/FPGA/Vivaldo Project/INTERFACE/SPI/06_system_integration/Vivado/system_integration.gen/sources_1/bd/system_integration/ipshared/b205/hdl/verilog/xsdbm_v3_0_0_bs_core_ext.vh:32]
INFO: [Synth 8-11241] undeclared symbol 'tms_int', assumed default net type 'wire' [d:/FPGA/Vivaldo Project/INTERFACE/SPI/06_system_integration/Vivado/system_integration.gen/sources_1/bd/system_integration/ipshared/b205/hdl/verilog/xsdbm_v3_0_0_bs_core_ext.vh:69]
INFO: [Synth 8-11241] undeclared symbol 'runtest_int', assumed default net type 'wire' [d:/FPGA/Vivaldo Project/INTERFACE/SPI/06_system_integration/Vivado/system_integration.gen/sources_1/bd/system_integration/ipshared/b205/hdl/verilog/xsdbm_v3_0_0_bs_core_ext.vh:71]
INFO: [Synth 8-11241] undeclared symbol 'tms_int', assumed default net type 'wire' [d:/FPGA/Vivaldo Project/INTERFACE/SPI/06_system_integration/Vivado/system_integration.gen/sources_1/bd/system_integration/ipshared/b205/hdl/verilog/xsdbm_v3_0_0_bs_core_ext.vh:109]
INFO: [Synth 8-11241] undeclared symbol 'runtest_int', assumed default net type 'wire' [d:/FPGA/Vivaldo Project/INTERFACE/SPI/06_system_integration/Vivado/system_integration.gen/sources_1/bd/system_integration/ipshared/b205/hdl/verilog/xsdbm_v3_0_0_bs_core_ext.vh:111]
INFO: [Synth 8-11241] undeclared symbol 'tms_int', assumed default net type 'wire' [d:/FPGA/Vivaldo Project/INTERFACE/SPI/06_system_integration/Vivado/system_integration.gen/sources_1/bd/system_integration/ipshared/b205/hdl/verilog/xsdbm_v3_0_0_bs_core_ext.vh:150]
INFO: [Synth 8-11241] undeclared symbol 'runtest_int', assumed default net type 'wire' [d:/FPGA/Vivaldo Project/INTERFACE/SPI/06_system_integration/Vivado/system_integration.gen/sources_1/bd/system_integration/ipshared/b205/hdl/verilog/xsdbm_v3_0_0_bs_core_ext.vh:152]
INFO: [Synth 8-11241] undeclared symbol 'tms_int', assumed default net type 'wire' [d:/FPGA/Vivaldo Project/INTERFACE/SPI/06_system_integration/Vivado/system_integration.gen/sources_1/bd/system_integration/ipshared/b205/hdl/verilog/xsdbm_v3_0_0_bs_core_ext.vh:192]
INFO: [Synth 8-11241] undeclared symbol 'runtest_int', assumed default net type 'wire' [d:/FPGA/Vivaldo Project/INTERFACE/SPI/06_system_integration/Vivado/system_integration.gen/sources_1/bd/system_integration/ipshared/b205/hdl/verilog/xsdbm_v3_0_0_bs_core_ext.vh:194]
INFO: [Synth 8-11241] undeclared symbol 'tms_int', assumed default net type 'wire' [d:/FPGA/Vivaldo Project/INTERFACE/SPI/06_system_integration/Vivado/system_integration.gen/sources_1/bd/system_integration/ipshared/b205/hdl/verilog/xsdbm_v3_0_0_bs_core_ext.vh:235]
INFO: [Synth 8-11241] undeclared symbol 'runtest_int', assumed default net type 'wire' [d:/FPGA/Vivaldo Project/INTERFACE/SPI/06_system_integration/Vivado/system_integration.gen/sources_1/bd/system_integration/ipshared/b205/hdl/verilog/xsdbm_v3_0_0_bs_core_ext.vh:237]
INFO: [Synth 8-11241] undeclared symbol 'tms_int', assumed default net type 'wire' [d:/FPGA/Vivaldo Project/INTERFACE/SPI/06_system_integration/Vivado/system_integration.gen/sources_1/bd/system_integration/ipshared/b205/hdl/verilog/xsdbm_v3_0_0_bs_core_ext.vh:279]
INFO: [Synth 8-11241] undeclared symbol 'runtest_int', assumed default net type 'wire' [d:/FPGA/Vivaldo Project/INTERFACE/SPI/06_system_integration/Vivado/system_integration.gen/sources_1/bd/system_integration/ipshared/b205/hdl/verilog/xsdbm_v3_0_0_bs_core_ext.vh:281]
INFO: [Synth 8-11241] undeclared symbol 'tms_int', assumed default net type 'wire' [d:/FPGA/Vivaldo Project/INTERFACE/SPI/06_system_integration/Vivado/system_integration.gen/sources_1/bd/system_integration/ipshared/b205/hdl/verilog/xsdbm_v3_0_0_bs_core_ext.vh:324]
INFO: [Synth 8-11241] undeclared symbol 'runtest_int', assumed default net type 'wire' [d:/FPGA/Vivaldo Project/INTERFACE/SPI/06_system_integration/Vivado/system_integration.gen/sources_1/bd/system_integration/ipshared/b205/hdl/verilog/xsdbm_v3_0_0_bs_core_ext.vh:326]
INFO: [Synth 8-11241] undeclared symbol 'tms_int', assumed default net type 'wire' [d:/FPGA/Vivaldo Project/INTERFACE/SPI/06_system_integration/Vivado/system_integration.gen/sources_1/bd/system_integration/ipshared/b205/hdl/verilog/xsdbm_v3_0_0_bs_core_ext.vh:370]
INFO: [Synth 8-11241] undeclared symbol 'runtest_int', assumed default net type 'wire' [d:/FPGA/Vivaldo Project/INTERFACE/SPI/06_system_integration/Vivado/system_integration.gen/sources_1/bd/system_integration/ipshared/b205/hdl/verilog/xsdbm_v3_0_0_bs_core_ext.vh:372]
INFO: [Synth 8-11241] undeclared symbol 'tms_int', assumed default net type 'wire' [d:/FPGA/Vivaldo Project/INTERFACE/SPI/06_system_integration/Vivado/system_integration.gen/sources_1/bd/system_integration/ipshared/b205/hdl/verilog/xsdbm_v3_0_0_bs_core_ext.vh:417]
INFO: [Synth 8-11241] undeclared symbol 'runtest_int', assumed default net type 'wire' [d:/FPGA/Vivaldo Project/INTERFACE/SPI/06_system_integration/Vivado/system_integration.gen/sources_1/bd/system_integration/ipshared/b205/hdl/verilog/xsdbm_v3_0_0_bs_core_ext.vh:419]
INFO: [Synth 8-11241] undeclared symbol 'tms_int', assumed default net type 'wire' [d:/FPGA/Vivaldo Project/INTERFACE/SPI/06_system_integration/Vivado/system_integration.gen/sources_1/bd/system_integration/ipshared/b205/hdl/verilog/xsdbm_v3_0_0_bs_core_ext.vh:465]
INFO: [Synth 8-11241] undeclared symbol 'runtest_int', assumed default net type 'wire' [d:/FPGA/Vivaldo Project/INTERFACE/SPI/06_system_integration/Vivado/system_integration.gen/sources_1/bd/system_integration/ipshared/b205/hdl/verilog/xsdbm_v3_0_0_bs_core_ext.vh:467]
INFO: [Synth 8-11241] undeclared symbol 'tms_int', assumed default net type 'wire' [d:/FPGA/Vivaldo Project/INTERFACE/SPI/06_system_integration/Vivado/system_integration.gen/sources_1/bd/system_integration/ipshared/b205/hdl/verilog/xsdbm_v3_0_0_bs_core_ext.vh:514]
INFO: [Synth 8-11241] undeclared symbol 'runtest_int', assumed default net type 'wire' [d:/FPGA/Vivaldo Project/INTERFACE/SPI/06_system_integration/Vivado/system_integration.gen/sources_1/bd/system_integration/ipshared/b205/hdl/verilog/xsdbm_v3_0_0_bs_core_ext.vh:516]
INFO: [Synth 8-11241] undeclared symbol 'tms_int', assumed default net type 'wire' [d:/FPGA/Vivaldo Project/INTERFACE/SPI/06_system_integration/Vivado/system_integration.gen/sources_1/bd/system_integration/ipshared/b205/hdl/verilog/xsdbm_v3_0_0_bs_core_ext.vh:564]
INFO: [Synth 8-11241] undeclared symbol 'runtest_int', assumed default net type 'wire' [d:/FPGA/Vivaldo Project/INTERFACE/SPI/06_system_integration/Vivado/system_integration.gen/sources_1/bd/system_integration/ipshared/b205/hdl/verilog/xsdbm_v3_0_0_bs_core_ext.vh:566]
INFO: [Synth 8-11241] undeclared symbol 'tms_int', assumed default net type 'wire' [d:/FPGA/Vivaldo Project/INTERFACE/SPI/06_system_integration/Vivado/system_integration.gen/sources_1/bd/system_integration/ipshared/b205/hdl/verilog/xsdbm_v3_0_0_bs_core_ext.vh:615]
INFO: [Synth 8-11241] undeclared symbol 'runtest_int', assumed default net type 'wire' [d:/FPGA/Vivaldo Project/INTERFACE/SPI/06_system_integration/Vivado/system_integration.gen/sources_1/bd/system_integration/ipshared/b205/hdl/verilog/xsdbm_v3_0_0_bs_core_ext.vh:617]
INFO: [Synth 8-11241] undeclared symbol 'tms_int', assumed default net type 'wire' [d:/FPGA/Vivaldo Project/INTERFACE/SPI/06_system_integration/Vivado/system_integration.gen/sources_1/bd/system_integration/ipshared/b205/hdl/xsdbm_v3_0_vl_rfs.v:6554]
INFO: [Synth 8-11241] undeclared symbol 'runtest_int', assumed default net type 'wire' [d:/FPGA/Vivaldo Project/INTERFACE/SPI/06_system_integration/Vivado/system_integration.gen/sources_1/bd/system_integration/ipshared/b205/hdl/xsdbm_v3_0_vl_rfs.v:6556]
INFO: [Synth 8-11241] undeclared symbol 'tms_int', assumed default net type 'wire' [d:/FPGA/Vivaldo Project/INTERFACE/SPI/06_system_integration/Vivado/system_integration.gen/sources_1/bd/system_integration/ipshared/b205/hdl/xsdbm_v3_0_vl_rfs.v:6589]
INFO: [Synth 8-11241] undeclared symbol 'runtest_int', assumed default net type 'wire' [d:/FPGA/Vivaldo Project/INTERFACE/SPI/06_system_integration/Vivado/system_integration.gen/sources_1/bd/system_integration/ipshared/b205/hdl/xsdbm_v3_0_vl_rfs.v:6591]
INFO: [Synth 8-11241] undeclared symbol 'tms_int', assumed default net type 'wire' [d:/FPGA/Vivaldo Project/INTERFACE/SPI/06_system_integration/Vivado/system_integration.gen/sources_1/bd/system_integration/ipshared/b205/hdl/verilog/xsdbm_v3_0_0_bs_core.vh:30]
INFO: [Synth 8-11241] undeclared symbol 'runtest_int', assumed default net type 'wire' [d:/FPGA/Vivaldo Project/INTERFACE/SPI/06_system_integration/Vivado/system_integration.gen/sources_1/bd/system_integration/ipshared/b205/hdl/verilog/xsdbm_v3_0_0_bs_core.vh:32]
INFO: [Synth 8-11241] undeclared symbol 'tms_int', assumed default net type 'wire' [d:/FPGA/Vivaldo Project/INTERFACE/SPI/06_system_integration/Vivado/system_integration.gen/sources_1/bd/system_integration/ipshared/b205/hdl/verilog/xsdbm_v3_0_0_bs_core.vh:69]
INFO: [Synth 8-11241] undeclared symbol 'runtest_int', assumed default net type 'wire' [d:/FPGA/Vivaldo Project/INTERFACE/SPI/06_system_integration/Vivado/system_integration.gen/sources_1/bd/system_integration/ipshared/b205/hdl/verilog/xsdbm_v3_0_0_bs_core.vh:71]
INFO: [Synth 8-11241] undeclared symbol 'tms_int', assumed default net type 'wire' [d:/FPGA/Vivaldo Project/INTERFACE/SPI/06_system_integration/Vivado/system_integration.gen/sources_1/bd/system_integration/ipshared/b205/hdl/verilog/xsdbm_v3_0_0_bs_core.vh:109]
INFO: [Synth 8-11241] undeclared symbol 'runtest_int', assumed default net type 'wire' [d:/FPGA/Vivaldo Project/INTERFACE/SPI/06_system_integration/Vivado/system_integration.gen/sources_1/bd/system_integration/ipshared/b205/hdl/verilog/xsdbm_v3_0_0_bs_core.vh:111]
INFO: [Synth 8-11241] undeclared symbol 'tms_int', assumed default net type 'wire' [d:/FPGA/Vivaldo Project/INTERFACE/SPI/06_system_integration/Vivado/system_integration.gen/sources_1/bd/system_integration/ipshared/b205/hdl/verilog/xsdbm_v3_0_0_bs_core.vh:150]
INFO: [Synth 8-11241] undeclared symbol 'runtest_int', assumed default net type 'wire' [d:/FPGA/Vivaldo Project/INTERFACE/SPI/06_system_integration/Vivado/system_integration.gen/sources_1/bd/system_integration/ipshared/b205/hdl/verilog/xsdbm_v3_0_0_bs_core.vh:152]
INFO: [Synth 8-11241] undeclared symbol 'tms_int', assumed default net type 'wire' [d:/FPGA/Vivaldo Project/INTERFACE/SPI/06_system_integration/Vivado/system_integration.gen/sources_1/bd/system_integration/ipshared/b205/hdl/verilog/xsdbm_v3_0_0_bs_core.vh:192]
INFO: [Synth 8-11241] undeclared symbol 'runtest_int', assumed default net type 'wire' [d:/FPGA/Vivaldo Project/INTERFACE/SPI/06_system_integration/Vivado/system_integration.gen/sources_1/bd/system_integration/ipshared/b205/hdl/verilog/xsdbm_v3_0_0_bs_core.vh:194]
INFO: [Synth 8-11241] undeclared symbol 'tms_int', assumed default net type 'wire' [d:/FPGA/Vivaldo Project/INTERFACE/SPI/06_system_integration/Vivado/system_integration.gen/sources_1/bd/system_integration/ipshared/b205/hdl/verilog/xsdbm_v3_0_0_bs_core.vh:235]
INFO: [Synth 8-11241] undeclared symbol 'runtest_int', assumed default net type 'wire' [d:/FPGA/Vivaldo Project/INTERFACE/SPI/06_system_integration/Vivado/system_integration.gen/sources_1/bd/system_integration/ipshared/b205/hdl/verilog/xsdbm_v3_0_0_bs_core.vh:237]
INFO: [Synth 8-11241] undeclared symbol 'tms_int', assumed default net type 'wire' [d:/FPGA/Vivaldo Project/INTERFACE/SPI/06_system_integration/Vivado/system_integration.gen/sources_1/bd/system_integration/ipshared/b205/hdl/verilog/xsdbm_v3_0_0_bs_core.vh:279]
INFO: [Synth 8-11241] undeclared symbol 'runtest_int', assumed default net type 'wire' [d:/FPGA/Vivaldo Project/INTERFACE/SPI/06_system_integration/Vivado/system_integration.gen/sources_1/bd/system_integration/ipshared/b205/hdl/verilog/xsdbm_v3_0_0_bs_core.vh:281]
INFO: [Synth 8-11241] undeclared symbol 'tms_int', assumed default net type 'wire' [d:/FPGA/Vivaldo Project/INTERFACE/SPI/06_system_integration/Vivado/system_integration.gen/sources_1/bd/system_integration/ipshared/b205/hdl/verilog/xsdbm_v3_0_0_bs_core.vh:324]
INFO: [Synth 8-11241] undeclared symbol 'runtest_int', assumed default net type 'wire' [d:/FPGA/Vivaldo Project/INTERFACE/SPI/06_system_integration/Vivado/system_integration.gen/sources_1/bd/system_integration/ipshared/b205/hdl/verilog/xsdbm_v3_0_0_bs_core.vh:326]
INFO: [Synth 8-11241] undeclared symbol 'tms_int', assumed default net type 'wire' [d:/FPGA/Vivaldo Project/INTERFACE/SPI/06_system_integration/Vivado/system_integration.gen/sources_1/bd/system_integration/ipshared/b205/hdl/verilog/xsdbm_v3_0_0_bs_core.vh:370]
INFO: [Synth 8-11241] undeclared symbol 'runtest_int', assumed default net type 'wire' [d:/FPGA/Vivaldo Project/INTERFACE/SPI/06_system_integration/Vivado/system_integration.gen/sources_1/bd/system_integration/ipshared/b205/hdl/verilog/xsdbm_v3_0_0_bs_core.vh:372]
INFO: [Synth 8-11241] undeclared symbol 'tms_int', assumed default net type 'wire' [d:/FPGA/Vivaldo Project/INTERFACE/SPI/06_system_integration/Vivado/system_integration.gen/sources_1/bd/system_integration/ipshared/b205/hdl/verilog/xsdbm_v3_0_0_bs_core.vh:417]
INFO: [Synth 8-11241] undeclared symbol 'runtest_int', assumed default net type 'wire' [d:/FPGA/Vivaldo Project/INTERFACE/SPI/06_system_integration/Vivado/system_integration.gen/sources_1/bd/system_integration/ipshared/b205/hdl/verilog/xsdbm_v3_0_0_bs_core.vh:419]
INFO: [Synth 8-11241] undeclared symbol 'tms_int', assumed default net type 'wire' [d:/FPGA/Vivaldo Project/INTERFACE/SPI/06_system_integration/Vivado/system_integration.gen/sources_1/bd/system_integration/ipshared/b205/hdl/verilog/xsdbm_v3_0_0_bs_core.vh:465]
INFO: [Synth 8-11241] undeclared symbol 'runtest_int', assumed default net type 'wire' [d:/FPGA/Vivaldo Project/INTERFACE/SPI/06_system_integration/Vivado/system_integration.gen/sources_1/bd/system_integration/ipshared/b205/hdl/verilog/xsdbm_v3_0_0_bs_core.vh:467]
INFO: [Synth 8-11241] undeclared symbol 'tms_int', assumed default net type 'wire' [d:/FPGA/Vivaldo Project/INTERFACE/SPI/06_system_integration/Vivado/system_integration.gen/sources_1/bd/system_integration/ipshared/b205/hdl/verilog/xsdbm_v3_0_0_bs_core.vh:514]
INFO: [Synth 8-11241] undeclared symbol 'runtest_int', assumed default net type 'wire' [d:/FPGA/Vivaldo Project/INTERFACE/SPI/06_system_integration/Vivado/system_integration.gen/sources_1/bd/system_integration/ipshared/b205/hdl/verilog/xsdbm_v3_0_0_bs_core.vh:516]
INFO: [Synth 8-11241] undeclared symbol 'tms_int', assumed default net type 'wire' [d:/FPGA/Vivaldo Project/INTERFACE/SPI/06_system_integration/Vivado/system_integration.gen/sources_1/bd/system_integration/ipshared/b205/hdl/verilog/xsdbm_v3_0_0_bs_core.vh:564]
INFO: [Synth 8-11241] undeclared symbol 'runtest_int', assumed default net type 'wire' [d:/FPGA/Vivaldo Project/INTERFACE/SPI/06_system_integration/Vivado/system_integration.gen/sources_1/bd/system_integration/ipshared/b205/hdl/verilog/xsdbm_v3_0_0_bs_core.vh:566]
INFO: [Synth 8-11241] undeclared symbol 'tms_int', assumed default net type 'wire' [d:/FPGA/Vivaldo Project/INTERFACE/SPI/06_system_integration/Vivado/system_integration.gen/sources_1/bd/system_integration/ipshared/b205/hdl/verilog/xsdbm_v3_0_0_bs_core.vh:615]
INFO: [Synth 8-11241] undeclared symbol 'runtest_int', assumed default net type 'wire' [d:/FPGA/Vivaldo Project/INTERFACE/SPI/06_system_integration/Vivado/system_integration.gen/sources_1/bd/system_integration/ipshared/b205/hdl/verilog/xsdbm_v3_0_0_bs_core.vh:617]
INFO: [Synth 8-11241] undeclared symbol 'tms_int', assumed default net type 'wire' [d:/FPGA/Vivaldo Project/INTERFACE/SPI/06_system_integration/Vivado/system_integration.gen/sources_1/bd/system_integration/ipshared/b205/hdl/xsdbm_v3_0_vl_rfs.v:10347]
INFO: [Synth 8-11241] undeclared symbol 'runtest_int', assumed default net type 'wire' [d:/FPGA/Vivaldo Project/INTERFACE/SPI/06_system_integration/Vivado/system_integration.gen/sources_1/bd/system_integration/ipshared/b205/hdl/xsdbm_v3_0_vl_rfs.v:10349]
INFO: [Synth 8-11241] undeclared symbol 'tms_int', assumed default net type 'wire' [d:/FPGA/Vivaldo Project/INTERFACE/SPI/06_system_integration/Vivado/system_integration.gen/sources_1/bd/system_integration/ipshared/b205/hdl/xsdbm_v3_0_vl_rfs.v:10380]
INFO: [Synth 8-11241] undeclared symbol 'runtest_int', assumed default net type 'wire' [d:/FPGA/Vivaldo Project/INTERFACE/SPI/06_system_integration/Vivado/system_integration.gen/sources_1/bd/system_integration/ipshared/b205/hdl/xsdbm_v3_0_vl_rfs.v:10382]
INFO: [Synth 8-11241] undeclared symbol 'tms_int', assumed default net type 'wire' [d:/FPGA/Vivaldo Project/INTERFACE/SPI/06_system_integration/Vivado/system_integration.gen/sources_1/bd/system_integration/ipshared/b205/hdl/xsdbm_v3_0_vl_rfs.v:10413]
INFO: [Synth 8-11241] undeclared symbol 'runtest_int', assumed default net type 'wire' [d:/FPGA/Vivaldo Project/INTERFACE/SPI/06_system_integration/Vivado/system_integration.gen/sources_1/bd/system_integration/ipshared/b205/hdl/xsdbm_v3_0_vl_rfs.v:10415]
INFO: [Synth 8-11241] undeclared symbol 'tms_int', assumed default net type 'wire' [d:/FPGA/Vivaldo Project/INTERFACE/SPI/06_system_integration/Vivado/system_integration.gen/sources_1/bd/system_integration/ipshared/b205/hdl/verilog/xsdbm_v3_0_0_bs_core_vec.vh:30]
INFO: [Synth 8-11241] undeclared symbol 'runtest_int', assumed default net type 'wire' [d:/FPGA/Vivaldo Project/INTERFACE/SPI/06_system_integration/Vivado/system_integration.gen/sources_1/bd/system_integration/ipshared/b205/hdl/verilog/xsdbm_v3_0_0_bs_core_vec.vh:32]
INFO: [Synth 8-11241] undeclared symbol 'tms_int', assumed default net type 'wire' [d:/FPGA/Vivaldo Project/INTERFACE/SPI/06_system_integration/Vivado/system_integration.gen/sources_1/bd/system_integration/ipshared/b205/hdl/verilog/xsdbm_v3_0_0_bs_core_vec.vh:65]
INFO: [Synth 8-11241] undeclared symbol 'runtest_int', assumed default net type 'wire' [d:/FPGA/Vivaldo Project/INTERFACE/SPI/06_system_integration/Vivado/system_integration.gen/sources_1/bd/system_integration/ipshared/b205/hdl/verilog/xsdbm_v3_0_0_bs_core_vec.vh:67]
INFO: [Synth 8-11241] undeclared symbol 'tms_int', assumed default net type 'wire' [d:/FPGA/Vivaldo Project/INTERFACE/SPI/06_system_integration/Vivado/system_integration.gen/sources_1/bd/system_integration/ipshared/b205/hdl/verilog/xsdbm_v3_0_0_bs_core_vec.vh:100]
INFO: [Synth 8-11241] undeclared symbol 'runtest_int', assumed default net type 'wire' [d:/FPGA/Vivaldo Project/INTERFACE/SPI/06_system_integration/Vivado/system_integration.gen/sources_1/bd/system_integration/ipshared/b205/hdl/verilog/xsdbm_v3_0_0_bs_core_vec.vh:102]
INFO: [Synth 8-11241] undeclared symbol 'tms_int', assumed default net type 'wire' [d:/FPGA/Vivaldo Project/INTERFACE/SPI/06_system_integration/Vivado/system_integration.gen/sources_1/bd/system_integration/ipshared/b205/hdl/verilog/xsdbm_v3_0_0_bs_core_vec.vh:135]
INFO: [Synth 8-11241] undeclared symbol 'runtest_int', assumed default net type 'wire' [d:/FPGA/Vivaldo Project/INTERFACE/SPI/06_system_integration/Vivado/system_integration.gen/sources_1/bd/system_integration/ipshared/b205/hdl/verilog/xsdbm_v3_0_0_bs_core_vec.vh:137]
INFO: [Synth 8-11241] undeclared symbol 'tms_int', assumed default net type 'wire' [d:/FPGA/Vivaldo Project/INTERFACE/SPI/06_system_integration/Vivado/system_integration.gen/sources_1/bd/system_integration/ipshared/b205/hdl/verilog/xsdbm_v3_0_0_bs_core_vec.vh:170]
INFO: [Synth 8-11241] undeclared symbol 'runtest_int', assumed default net type 'wire' [d:/FPGA/Vivaldo Project/INTERFACE/SPI/06_system_integration/Vivado/system_integration.gen/sources_1/bd/system_integration/ipshared/b205/hdl/verilog/xsdbm_v3_0_0_bs_core_vec.vh:172]
INFO: [Synth 8-11241] undeclared symbol 'tms_int', assumed default net type 'wire' [d:/FPGA/Vivaldo Project/INTERFACE/SPI/06_system_integration/Vivado/system_integration.gen/sources_1/bd/system_integration/ipshared/b205/hdl/verilog/xsdbm_v3_0_0_bs_core_vec.vh:205]
INFO: [Synth 8-11241] undeclared symbol 'runtest_int', assumed default net type 'wire' [d:/FPGA/Vivaldo Project/INTERFACE/SPI/06_system_integration/Vivado/system_integration.gen/sources_1/bd/system_integration/ipshared/b205/hdl/verilog/xsdbm_v3_0_0_bs_core_vec.vh:207]
INFO: [Synth 8-11241] undeclared symbol 'tms_int', assumed default net type 'wire' [d:/FPGA/Vivaldo Project/INTERFACE/SPI/06_system_integration/Vivado/system_integration.gen/sources_1/bd/system_integration/ipshared/b205/hdl/verilog/xsdbm_v3_0_0_bs_core_vec.vh:240]
INFO: [Synth 8-11241] undeclared symbol 'runtest_int', assumed default net type 'wire' [d:/FPGA/Vivaldo Project/INTERFACE/SPI/06_system_integration/Vivado/system_integration.gen/sources_1/bd/system_integration/ipshared/b205/hdl/verilog/xsdbm_v3_0_0_bs_core_vec.vh:242]
INFO: [Synth 8-11241] undeclared symbol 'tms_int', assumed default net type 'wire' [d:/FPGA/Vivaldo Project/INTERFACE/SPI/06_system_integration/Vivado/system_integration.gen/sources_1/bd/system_integration/ipshared/b205/hdl/verilog/xsdbm_v3_0_0_bs_core_vec.vh:275]
INFO: [Synth 8-11241] undeclared symbol 'runtest_int', assumed default net type 'wire' [d:/FPGA/Vivaldo Project/INTERFACE/SPI/06_system_integration/Vivado/system_integration.gen/sources_1/bd/system_integration/ipshared/b205/hdl/verilog/xsdbm_v3_0_0_bs_core_vec.vh:277]
INFO: [Synth 8-11241] undeclared symbol 'tms_int', assumed default net type 'wire' [d:/FPGA/Vivaldo Project/INTERFACE/SPI/06_system_integration/Vivado/system_integration.gen/sources_1/bd/system_integration/ipshared/b205/hdl/verilog/xsdbm_v3_0_0_bs_core_vec.vh:310]
INFO: [Synth 8-11241] undeclared symbol 'runtest_int', assumed default net type 'wire' [d:/FPGA/Vivaldo Project/INTERFACE/SPI/06_system_integration/Vivado/system_integration.gen/sources_1/bd/system_integration/ipshared/b205/hdl/verilog/xsdbm_v3_0_0_bs_core_vec.vh:312]
INFO: [Synth 8-11241] undeclared symbol 'tms_int', assumed default net type 'wire' [d:/FPGA/Vivaldo Project/INTERFACE/SPI/06_system_integration/Vivado/system_integration.gen/sources_1/bd/system_integration/ipshared/b205/hdl/verilog/xsdbm_v3_0_0_bs_core_vec.vh:345]
INFO: [Synth 8-11241] undeclared symbol 'runtest_int', assumed default net type 'wire' [d:/FPGA/Vivaldo Project/INTERFACE/SPI/06_system_integration/Vivado/system_integration.gen/sources_1/bd/system_integration/ipshared/b205/hdl/verilog/xsdbm_v3_0_0_bs_core_vec.vh:347]
INFO: [Synth 8-11241] undeclared symbol 'tms_int', assumed default net type 'wire' [d:/FPGA/Vivaldo Project/INTERFACE/SPI/06_system_integration/Vivado/system_integration.gen/sources_1/bd/system_integration/ipshared/b205/hdl/verilog/xsdbm_v3_0_0_bs_core_vec.vh:380]
INFO: [Synth 8-11241] undeclared symbol 'runtest_int', assumed default net type 'wire' [d:/FPGA/Vivaldo Project/INTERFACE/SPI/06_system_integration/Vivado/system_integration.gen/sources_1/bd/system_integration/ipshared/b205/hdl/verilog/xsdbm_v3_0_0_bs_core_vec.vh:382]
INFO: [Synth 8-11241] undeclared symbol 'tms_int', assumed default net type 'wire' [d:/FPGA/Vivaldo Project/INTERFACE/SPI/06_system_integration/Vivado/system_integration.gen/sources_1/bd/system_integration/ipshared/b205/hdl/verilog/xsdbm_v3_0_0_bs_core_vec.vh:415]
INFO: [Common 17-14] Message 'Synth 8-11241' appears 100 times and further instances of the messages will be disabled. Use the Tcl command set_msg_config to change the current settings.
WARNING: [Synth 8-10294] parameter declaration is not allowed here in this mode of Verilog [d:/FPGA/Vivaldo Project/INTERFACE/SPI/06_system_integration/Vivado/system_integration.gen/sources_1/bd/system_integration/ipshared/fd26/hdl/ila_v6_2_syn_rfs.v:4527]
WARNING: [Synth 8-10294] parameter declaration is not allowed here in this mode of Verilog [d:/FPGA/Vivaldo Project/INTERFACE/SPI/06_system_integration/Vivado/system_integration.gen/sources_1/bd/system_integration/ipshared/fd26/hdl/ila_v6_2_syn_rfs.v:4528]
WARNING: [Synth 8-10294] parameter declaration is not allowed here in this mode of Verilog [d:/FPGA/Vivaldo Project/INTERFACE/SPI/06_system_integration/Vivado/system_integration.gen/sources_1/bd/system_integration/ipshared/fd26/hdl/ila_v6_2_syn_rfs.v:4529]
WARNING: [Synth 8-10294] parameter declaration is not allowed here in this mode of Verilog [d:/FPGA/Vivaldo Project/INTERFACE/SPI/06_system_integration/Vivado/system_integration.gen/sources_1/bd/system_integration/ipshared/fd26/hdl/ila_v6_2_syn_rfs.v:4530]
WARNING: [Synth 8-10294] parameter declaration is not allowed here in this mode of Verilog [d:/FPGA/Vivaldo Project/INTERFACE/SPI/06_system_integration/Vivado/system_integration.gen/sources_1/bd/system_integration/ipshared/fd26/hdl/ila_v6_2_syn_rfs.v:4531]
WARNING: [Synth 8-10294] parameter declaration is not allowed here in this mode of Verilog [d:/FPGA/Vivaldo Project/INTERFACE/SPI/06_system_integration/Vivado/system_integration.gen/sources_1/bd/system_integration/ipshared/fd26/hdl/ila_v6_2_syn_rfs.v:4532]
WARNING: [Synth 8-10294] parameter declaration is not allowed here in this mode of Verilog [d:/FPGA/Vivaldo Project/INTERFACE/SPI/06_system_integration/Vivado/system_integration.gen/sources_1/bd/system_integration/ipshared/fd26/hdl/ila_v6_2_syn_rfs.v:4586]
WARNING: [Synth 8-10294] parameter declaration is not allowed here in this mode of Verilog [d:/FPGA/Vivaldo Project/INTERFACE/SPI/06_system_integration/Vivado/system_integration.gen/sources_1/bd/system_integration/ipshared/fd26/hdl/ila_v6_2_syn_rfs.v:4587]
WARNING: [Synth 8-10294] parameter declaration is not allowed here in this mode of Verilog [d:/FPGA/Vivaldo Project/INTERFACE/SPI/06_system_integration/Vivado/system_integration.gen/sources_1/bd/system_integration/ipshared/fd26/hdl/ila_v6_2_syn_rfs.v:4588]
WARNING: [Synth 8-10294] parameter declaration is not allowed here in this mode of Verilog [d:/FPGA/Vivaldo Project/INTERFACE/SPI/06_system_integration/Vivado/system_integration.gen/sources_1/bd/system_integration/ipshared/fd26/hdl/ila_v6_2_syn_rfs.v:5486]
---------------------------------------------------------------------------------
Starting RTL Elaboration : Time (s): cpu = 00:00:15 ; elapsed = 00:00:17 . Memory (MB): peak = 1854.844 ; gain = 363.570
---------------------------------------------------------------------------------
INFO: [Synth 8-6157] synthesizing module 'system_integration_wrapper' [d:/FPGA/Vivaldo Project/INTERFACE/SPI/06_system_integration/Vivado/system_integration.gen/sources_1/bd/system_integration/hdl/system_integration_wrapper.v:12]
INFO: [Synth 8-6157] synthesizing module 'system_integration' [d:/FPGA/Vivaldo Project/INTERFACE/SPI/06_system_integration/Vivado/system_integration.gen/sources_1/bd/system_integration/synth/system_integration.v:12]
INFO: [Synth 8-6157] synthesizing module 'system_integration_axi_w25q64_0_0' [d:/FPGA/Vivaldo Project/INTERFACE/SPI/06_system_integration/Vivado/system_integration.gen/sources_1/bd/system_integration/ip/system_integration_axi_w25q64_0_0/synth/system_integration_axi_w25q64_0_0.v:53]
INFO: [Synth 8-6157] synthesizing module 'axi_w25q64_v1_0' [d:/FPGA/Vivaldo Project/INTERFACE/SPI/06_system_integration/Vivado/system_integration.gen/sources_1/bd/system_integration/ipshared/94a3/hdl/axi_w25q64_v1_0.v:4]
INFO: [Synth 8-6157] synthesizing module 'axi_w25q64_v1_0_S00_AXI' [d:/FPGA/Vivaldo Project/INTERFACE/SPI/06_system_integration/Vivado/system_integration.gen/sources_1/bd/system_integration/ipshared/94a3/hdl/axi_w25q64_v1_0_S00_AXI.v:4]
INFO: [Synth 8-226] default block is never used [d:/FPGA/Vivaldo Project/INTERFACE/SPI/06_system_integration/Vivado/system_integration.gen/sources_1/bd/system_integration/ipshared/94a3/hdl/axi_w25q64_v1_0_S00_AXI.v:252]
INFO: [Synth 8-226] default block is never used [d:/FPGA/Vivaldo Project/INTERFACE/SPI/06_system_integration/Vivado/system_integration.gen/sources_1/bd/system_integration/ipshared/94a3/hdl/axi_w25q64_v1_0_S00_AXI.v:444]
INFO: [Synth 8-6155] done synthesizing module 'axi_w25q64_v1_0_S00_AXI' (0#1) [d:/FPGA/Vivaldo Project/INTERFACE/SPI/06_system_integration/Vivado/system_integration.gen/sources_1/bd/system_integration/ipshared/94a3/hdl/axi_w25q64_v1_0_S00_AXI.v:4]
INFO: [Synth 8-6155] done synthesizing module 'axi_w25q64_v1_0' (0#1) [d:/FPGA/Vivaldo Project/INTERFACE/SPI/06_system_integration/Vivado/system_integration.gen/sources_1/bd/system_integration/ipshared/94a3/hdl/axi_w25q64_v1_0.v:4]
INFO: [Synth 8-6155] done synthesizing module 'system_integration_axi_w25q64_0_0' (0#1) [d:/FPGA/Vivaldo Project/INTERFACE/SPI/06_system_integration/Vivado/system_integration.gen/sources_1/bd/system_integration/ip/system_integration_axi_w25q64_0_0/synth/system_integration_axi_w25q64_0_0.v:53]
WARNING: [Synth 8-4446] all outputs are unconnected for this instance and logic may be removed [d:/FPGA/Vivaldo Project/INTERFACE/SPI/06_system_integration/Vivado/system_integration.gen/sources_1/bd/system_integration/synth/system_integration.v:143]
INFO: [Synth 8-6157] synthesizing module 'system_integration_ila_0_0' [d:/FPGA/Vivaldo Project/INTERFACE/SPI/06_system_integration/Vivado/system_integration.gen/sources_1/bd/system_integration/ip/system_integration_ila_0_0/synth/system_integration_ila_0_0.v:48]
INFO: [Synth 8-6157] synthesizing module 'CFGLUT5' [D:/Xilinx/Vivado/2022.2/scripts/rt/data/unisim_comp.v:1534]
INFO: [Synth 8-6155] done synthesizing module 'CFGLUT5' (0#1) [D:/Xilinx/Vivado/2022.2/scripts/rt/data/unisim_comp.v:1534]
INFO: [Synth 8-6157] synthesizing module 'CARRY4' [D:/Xilinx/Vivado/2022.2/scripts/rt/data/unisim_comp.v:1497]
INFO: [Synth 8-6155] done synthesizing module 'CARRY4' (0#1) [D:/Xilinx/Vivado/2022.2/scripts/rt/data/unisim_comp.v:1497]
INFO: [Synth 8-6157] synthesizing module 'SRLC32E' [D:/Xilinx/Vivado/2022.2/scripts/rt/data/unisim_comp.v:131794]
INFO: [Synth 8-6155] done synthesizing module 'SRLC32E' (0#1) [D:/Xilinx/Vivado/2022.2/scripts/rt/data/unisim_comp.v:131794]
INFO: [Synth 8-6157] synthesizing module 'SRL16E' [D:/Xilinx/Vivado/2022.2/scripts/rt/data/unisim_comp.v:131644]
INFO: [Synth 8-6155] done synthesizing module 'SRL16E' (0#1) [D:/Xilinx/Vivado/2022.2/scripts/rt/data/unisim_comp.v:131644]
INFO: [Synth 8-6157] synthesizing module 'SRLC16E' [D:/Xilinx/Vivado/2022.2/scripts/rt/data/unisim_comp.v:131733]
INFO: [Synth 8-6155] done synthesizing module 'SRLC16E' (0#1) [D:/Xilinx/Vivado/2022.2/scripts/rt/data/unisim_comp.v:131733]
INFO: [Synth 8-6157] synthesizing module 'FDRE' [D:/Xilinx/Vivado/2022.2/scripts/rt/data/unisim_comp.v:38708]
INFO: [Synth 8-6155] done synthesizing module 'FDRE' (0#1) [D:/Xilinx/Vivado/2022.2/scripts/rt/data/unisim_comp.v:38708]
WARNING: [Synth 8-7071] port 'clk_nobuf' of module 'ila_v6_2_12_ila' is unconnected for instance 'inst' [d:/FPGA/Vivaldo Project/INTERFACE/SPI/06_system_integration/Vivado/system_integration.gen/sources_1/bd/system_integration/ip/system_integration_ila_0_0/synth/system_integration_ila_0_0.v:3235]
WARNING: [Synth 8-7071] port 'clkdiv_out' of module 'ila_v6_2_12_ila' is unconnected for instance 'inst' [d:/FPGA/Vivaldo Project/INTERFACE/SPI/06_system_integration/Vivado/system_integration.gen/sources_1/bd/system_integration/ip/system_integration_ila_0_0/synth/system_integration_ila_0_0.v:3235]
WARNING: [Synth 8-7071] port 'trig_in' of module 'ila_v6_2_12_ila' is unconnected for instance 'inst' [d:/FPGA/Vivaldo Project/INTERFACE/SPI/06_system_integration/Vivado/system_integration.gen/sources_1/bd/system_integration/ip/system_integration_ila_0_0/synth/system_integration_ila_0_0.v:3235]
WARNING: [Synth 8-7071] port 'trig_in_ack' of module 'ila_v6_2_12_ila' is unconnected for instance 'inst' [d:/FPGA/Vivaldo Project/INTERFACE/SPI/06_system_integration/Vivado/system_integration.gen/sources_1/bd/system_integration/ip/system_integration_ila_0_0/synth/system_integration_ila_0_0.v:3235]
WARNING: [Synth 8-7071] port 'trig_out' of module 'ila_v6_2_12_ila' is unconnected for instance 'inst' [d:/FPGA/Vivaldo Project/INTERFACE/SPI/06_system_integration/Vivado/system_integration.gen/sources_1/bd/system_integration/ip/system_integration_ila_0_0/synth/system_integration_ila_0_0.v:3235]
WARNING: [Synth 8-7071] port 'trig_out_ack' of module 'ila_v6_2_12_ila' is unconnected for instance 'inst' [d:/FPGA/Vivaldo Project/INTERFACE/SPI/06_system_integration/Vivado/system_integration.gen/sources_1/bd/system_integration/ip/system_integration_ila_0_0/synth/system_integration_ila_0_0.v:3235]
WARNING: [Synth 8-7023] instance 'inst' of module 'ila_v6_2_12_ila' has 1033 connections declared, but only 1027 given [d:/FPGA/Vivaldo Project/INTERFACE/SPI/06_system_integration/Vivado/system_integration.gen/sources_1/bd/system_integration/ip/system_integration_ila_0_0/synth/system_integration_ila_0_0.v:3235]
INFO: [Synth 8-6155] done synthesizing module 'system_integration_ila_0_0' (0#1) [d:/FPGA/Vivaldo Project/INTERFACE/SPI/06_system_integration/Vivado/system_integration.gen/sources_1/bd/system_integration/ip/system_integration_ila_0_0/synth/system_integration_ila_0_0.v:48]
INFO: [Synth 8-638] synthesizing module 'system_integration_proc_sys_reset_0_0' [d:/FPGA/Vivaldo Project/INTERFACE/SPI/06_system_integration/Vivado/system_integration.gen/sources_1/bd/system_integration/ip/system_integration_proc_sys_reset_0_0/synth/system_integration_proc_sys_reset_0_0.vhd:74]
	Parameter C_FAMILY bound to: zynquplus - type: string 
	Parameter C_EXT_RST_WIDTH bound to: 4 - type: integer 
	Parameter C_AUX_RST_WIDTH bound to: 4 - type: integer 
	Parameter C_EXT_RESET_HIGH bound to: 1'b0 
	Parameter C_AUX_RESET_HIGH bound to: 1'b0 
	Parameter C_NUM_BUS_RST bound to: 1 - type: integer 
	Parameter C_NUM_PERP_RST bound to: 1 - type: integer 
	Parameter C_NUM_INTERCONNECT_ARESETN bound to: 1 - type: integer 
	Parameter C_NUM_PERP_ARESETN bound to: 1 - type: integer 
INFO: [Synth 8-3491] module 'proc_sys_reset' declared at 'd:/FPGA/Vivaldo Project/INTERFACE/SPI/06_system_integration/Vivado/system_integration.gen/sources_1/bd/system_integration/ipshared/8842/hdl/proc_sys_reset_v5_0_vh_rfs.vhd:1264' bound to instance 'U0' of component 'proc_sys_reset' [d:/FPGA/Vivaldo Project/INTERFACE/SPI/06_system_integration/Vivado/system_integration.gen/sources_1/bd/system_integration/ip/system_integration_proc_sys_reset_0_0/synth/system_integration_proc_sys_reset_0_0.vhd:129]
INFO: [Synth 8-638] synthesizing module 'proc_sys_reset' [d:/FPGA/Vivaldo Project/INTERFACE/SPI/06_system_integration/Vivado/system_integration.gen/sources_1/bd/system_integration/ipshared/8842/hdl/proc_sys_reset_v5_0_vh_rfs.vhd:1323]
	Parameter INIT bound to: 1'b1 
INFO: [Synth 8-113] binding component instance 'FDRE_inst' to cell 'FDRE' [d:/FPGA/Vivaldo Project/INTERFACE/SPI/06_system_integration/Vivado/system_integration.gen/sources_1/bd/system_integration/ipshared/8842/hdl/proc_sys_reset_v5_0_vh_rfs.vhd:1392]
	Parameter INIT bound to: 1'b1 
INFO: [Synth 8-113] binding component instance 'FDRE_BSR' to cell 'FDRE' [d:/FPGA/Vivaldo Project/INTERFACE/SPI/06_system_integration/Vivado/system_integration.gen/sources_1/bd/system_integration/ipshared/8842/hdl/proc_sys_reset_v5_0_vh_rfs.vhd:1408]
	Parameter INIT bound to: 1'b0 
INFO: [Synth 8-113] binding component instance 'FDRE_BSR_N' to cell 'FDRE' [d:/FPGA/Vivaldo Project/INTERFACE/SPI/06_system_integration/Vivado/system_integration.gen/sources_1/bd/system_integration/ipshared/8842/hdl/proc_sys_reset_v5_0_vh_rfs.vhd:1434]
	Parameter INIT bound to: 1'b1 
INFO: [Synth 8-113] binding component instance 'FDRE_PER' to cell 'FDRE' [d:/FPGA/Vivaldo Project/INTERFACE/SPI/06_system_integration/Vivado/system_integration.gen/sources_1/bd/system_integration/ipshared/8842/hdl/proc_sys_reset_v5_0_vh_rfs.vhd:1457]
	Parameter INIT bound to: 1'b0 
INFO: [Synth 8-113] binding component instance 'FDRE_PER_N' to cell 'FDRE' [d:/FPGA/Vivaldo Project/INTERFACE/SPI/06_system_integration/Vivado/system_integration.gen/sources_1/bd/system_integration/ipshared/8842/hdl/proc_sys_reset_v5_0_vh_rfs.vhd:1481]
INFO: [Synth 8-638] synthesizing module 'lpf' [d:/FPGA/Vivaldo Project/INTERFACE/SPI/06_system_integration/Vivado/system_integration.gen/sources_1/bd/system_integration/ipshared/8842/hdl/proc_sys_reset_v5_0_vh_rfs.vhd:816]
INFO: [Synth 8-3491] module 'SRL16' declared at 'D:/Xilinx/Vivado/2022.2/scripts/rt/data/unisim_comp.v:131628' bound to instance 'POR_SRL_I' of component 'SRL16' [d:/FPGA/Vivaldo Project/INTERFACE/SPI/06_system_integration/Vivado/system_integration.gen/sources_1/bd/system_integration/ipshared/8842/hdl/proc_sys_reset_v5_0_vh_rfs.vhd:868]
INFO: [Synth 8-6157] synthesizing module 'SRL16' [D:/Xilinx/Vivado/2022.2/scripts/rt/data/unisim_comp.v:131628]
INFO: [Synth 8-6155] done synthesizing module 'SRL16' (0#1) [D:/Xilinx/Vivado/2022.2/scripts/rt/data/unisim_comp.v:131628]
INFO: [Synth 8-638] synthesizing module 'cdc_sync' [d:/FPGA/Vivaldo Project/INTERFACE/SPI/06_system_integration/Vivado/system_integration.gen/sources_1/bd/system_integration/ipshared/ef1e/hdl/lib_cdc_v1_0_rfs.vhd:106]
	Parameter INIT bound to: 1'b0 
INFO: [Synth 8-113] binding component instance 'CROSS_PLEVEL_IN2SCNDRY_IN_cdc_to' to cell 'FDR' [d:/FPGA/Vivaldo Project/INTERFACE/SPI/06_system_integration/Vivado/system_integration.gen/sources_1/bd/system_integration/ipshared/ef1e/hdl/lib_cdc_v1_0_rfs.vhd:514]
	Parameter INIT bound to: 1'b0 
INFO: [Synth 8-113] binding component instance 'CROSS_PLEVEL_IN2SCNDRY_s_level_out_d2' to cell 'FDR' [d:/FPGA/Vivaldo Project/INTERFACE/SPI/06_system_integration/Vivado/system_integration.gen/sources_1/bd/system_integration/ipshared/ef1e/hdl/lib_cdc_v1_0_rfs.vhd:545]
	Parameter INIT bound to: 1'b0 
INFO: [Synth 8-113] binding component instance 'CROSS_PLEVEL_IN2SCNDRY_s_level_out_d3' to cell 'FDR' [d:/FPGA/Vivaldo Project/INTERFACE/SPI/06_system_integration/Vivado/system_integration.gen/sources_1/bd/system_integration/ipshared/ef1e/hdl/lib_cdc_v1_0_rfs.vhd:554]
	Parameter INIT bound to: 1'b0 
INFO: [Synth 8-113] binding component instance 'CROSS_PLEVEL_IN2SCNDRY_s_level_out_d4' to cell 'FDR' [d:/FPGA/Vivaldo Project/INTERFACE/SPI/06_system_integration/Vivado/system_integration.gen/sources_1/bd/system_integration/ipshared/ef1e/hdl/lib_cdc_v1_0_rfs.vhd:564]
	Parameter INIT bound to: 1'b0 
INFO: [Synth 8-113] binding component instance 'CROSS_PLEVEL_IN2SCNDRY_s_level_out_d5' to cell 'FDR' [d:/FPGA/Vivaldo Project/INTERFACE/SPI/06_system_integration/Vivado/system_integration.gen/sources_1/bd/system_integration/ipshared/ef1e/hdl/lib_cdc_v1_0_rfs.vhd:574]
	Parameter INIT bound to: 1'b0 
INFO: [Synth 8-113] binding component instance 'CROSS_PLEVEL_IN2SCNDRY_s_level_out_d6' to cell 'FDR' [d:/FPGA/Vivaldo Project/INTERFACE/SPI/06_system_integration/Vivado/system_integration.gen/sources_1/bd/system_integration/ipshared/ef1e/hdl/lib_cdc_v1_0_rfs.vhd:584]
INFO: [Synth 8-256] done synthesizing module 'cdc_sync' (0#1) [d:/FPGA/Vivaldo Project/INTERFACE/SPI/06_system_integration/Vivado/system_integration.gen/sources_1/bd/system_integration/ipshared/ef1e/hdl/lib_cdc_v1_0_rfs.vhd:106]
INFO: [Synth 8-256] done synthesizing module 'lpf' (0#1) [d:/FPGA/Vivaldo Project/INTERFACE/SPI/06_system_integration/Vivado/system_integration.gen/sources_1/bd/system_integration/ipshared/8842/hdl/proc_sys_reset_v5_0_vh_rfs.vhd:816]
INFO: [Synth 8-638] synthesizing module 'sequence_psr' [d:/FPGA/Vivaldo Project/INTERFACE/SPI/06_system_integration/Vivado/system_integration.gen/sources_1/bd/system_integration/ipshared/8842/hdl/proc_sys_reset_v5_0_vh_rfs.vhd:301]
INFO: [Synth 8-638] synthesizing module 'upcnt_n' [d:/FPGA/Vivaldo Project/INTERFACE/SPI/06_system_integration/Vivado/system_integration.gen/sources_1/bd/system_integration/ipshared/8842/hdl/proc_sys_reset_v5_0_vh_rfs.vhd:125]
INFO: [Synth 8-256] done synthesizing module 'upcnt_n' (0#1) [d:/FPGA/Vivaldo Project/INTERFACE/SPI/06_system_integration/Vivado/system_integration.gen/sources_1/bd/system_integration/ipshared/8842/hdl/proc_sys_reset_v5_0_vh_rfs.vhd:125]
INFO: [Synth 8-256] done synthesizing module 'sequence_psr' (0#1) [d:/FPGA/Vivaldo Project/INTERFACE/SPI/06_system_integration/Vivado/system_integration.gen/sources_1/bd/system_integration/ipshared/8842/hdl/proc_sys_reset_v5_0_vh_rfs.vhd:301]
INFO: [Synth 8-256] done synthesizing module 'proc_sys_reset' (0#1) [d:/FPGA/Vivaldo Project/INTERFACE/SPI/06_system_integration/Vivado/system_integration.gen/sources_1/bd/system_integration/ipshared/8842/hdl/proc_sys_reset_v5_0_vh_rfs.vhd:1323]
INFO: [Synth 8-256] done synthesizing module 'system_integration_proc_sys_reset_0_0' (0#1) [d:/FPGA/Vivaldo Project/INTERFACE/SPI/06_system_integration/Vivado/system_integration.gen/sources_1/bd/system_integration/ip/system_integration_proc_sys_reset_0_0/synth/system_integration_proc_sys_reset_0_0.vhd:74]
WARNING: [Synth 8-7071] port 'mb_reset' of module 'system_integration_proc_sys_reset_0_0' is unconnected for instance 'proc_sys_reset_0' [d:/FPGA/Vivaldo Project/INTERFACE/SPI/06_system_integration/Vivado/system_integration.gen/sources_1/bd/system_integration/synth/system_integration.v:159]
WARNING: [Synth 8-7071] port 'bus_struct_reset' of module 'system_integration_proc_sys_reset_0_0' is unconnected for instance 'proc_sys_reset_0' [d:/FPGA/Vivaldo Project/INTERFACE/SPI/06_system_integration/Vivado/system_integration.gen/sources_1/bd/system_integration/synth/system_integration.v:159]
WARNING: [Synth 8-7071] port 'peripheral_reset' of module 'system_integration_proc_sys_reset_0_0' is unconnected for instance 'proc_sys_reset_0' [d:/FPGA/Vivaldo Project/INTERFACE/SPI/06_system_integration/Vivado/system_integration.gen/sources_1/bd/system_integration/synth/system_integration.v:159]
WARNING: [Synth 8-7071] port 'interconnect_aresetn' of module 'system_integration_proc_sys_reset_0_0' is unconnected for instance 'proc_sys_reset_0' [d:/FPGA/Vivaldo Project/INTERFACE/SPI/06_system_integration/Vivado/system_integration.gen/sources_1/bd/system_integration/synth/system_integration.v:159]
WARNING: [Synth 8-7023] instance 'proc_sys_reset_0' of module 'system_integration_proc_sys_reset_0_0' has 10 connections declared, but only 6 given [d:/FPGA/Vivaldo Project/INTERFACE/SPI/06_system_integration/Vivado/system_integration.gen/sources_1/bd/system_integration/synth/system_integration.v:159]
INFO: [Synth 8-6157] synthesizing module 'system_integration_smartconnect_0_0' [d:/FPGA/Vivaldo Project/INTERFACE/SPI/06_system_integration/Vivado/system_integration.gen/sources_1/bd/system_integration/ip/system_integration_smartconnect_0_0/synth/system_integration_smartconnect_0_0.v:53]
INFO: [Synth 8-6157] synthesizing module 'bd_d4b5' [d:/FPGA/Vivaldo Project/INTERFACE/SPI/06_system_integration/Vivado/system_integration.gen/sources_1/bd/system_integration/ip/system_integration_smartconnect_0_0/bd_0/synth/bd_d4b5.v:9]
INFO: [Synth 8-6157] synthesizing module 'clk_map_imp_1GP5IEC' [d:/FPGA/Vivaldo Project/INTERFACE/SPI/06_system_integration/Vivado/system_integration.gen/sources_1/bd/system_integration/ip/system_integration_smartconnect_0_0/bd_0/synth/bd_d4b5.v:987]
INFO: [Synth 8-6157] synthesizing module 'bd_d4b5_one_0' [d:/FPGA/Vivaldo Project/INTERFACE/SPI/06_system_integration/Vivado/system_integration.gen/sources_1/bd/system_integration/ip/system_integration_smartconnect_0_0/bd_0/ip/ip_0/synth/bd_d4b5_one_0.v:53]
INFO: [Synth 8-6157] synthesizing module 'xlconstant_v1_1_7_xlconstant' [d:/FPGA/Vivaldo Project/INTERFACE/SPI/06_system_integration/Vivado/system_integration.gen/sources_1/bd/system_integration/ipshared/badb/hdl/xlconstant_v1_1_vl_rfs.v:23]
INFO: [Synth 8-6155] done synthesizing module 'xlconstant_v1_1_7_xlconstant' (0#1) [d:/FPGA/Vivaldo Project/INTERFACE/SPI/06_system_integration/Vivado/system_integration.gen/sources_1/bd/system_integration/ipshared/badb/hdl/xlconstant_v1_1_vl_rfs.v:23]
INFO: [Synth 8-6155] done synthesizing module 'bd_d4b5_one_0' (0#1) [d:/FPGA/Vivaldo Project/INTERFACE/SPI/06_system_integration/Vivado/system_integration.gen/sources_1/bd/system_integration/ip/system_integration_smartconnect_0_0/bd_0/ip/ip_0/synth/bd_d4b5_one_0.v:53]
INFO: [Synth 8-638] synthesizing module 'bd_d4b5_psr_aclk_0' [d:/FPGA/Vivaldo Project/INTERFACE/SPI/06_system_integration/Vivado/system_integration.gen/sources_1/bd/system_integration/ip/system_integration_smartconnect_0_0/bd_0/ip/ip_1/synth/bd_d4b5_psr_aclk_0.vhd:74]
	Parameter C_FAMILY bound to: zynquplus - type: string 
	Parameter C_EXT_RST_WIDTH bound to: 4 - type: integer 
	Parameter C_AUX_RST_WIDTH bound to: 1 - type: integer 
	Parameter C_EXT_RESET_HIGH bound to: 1'b0 
	Parameter C_AUX_RESET_HIGH bound to: 1'b0 
	Parameter C_NUM_BUS_RST bound to: 1 - type: integer 
	Parameter C_NUM_PERP_RST bound to: 1 - type: integer 
	Parameter C_NUM_INTERCONNECT_ARESETN bound to: 1 - type: integer 
	Parameter C_NUM_PERP_ARESETN bound to: 1 - type: integer 
INFO: [Synth 8-3491] module 'proc_sys_reset' declared at 'd:/FPGA/Vivaldo Project/INTERFACE/SPI/06_system_integration/Vivado/system_integration.gen/sources_1/bd/system_integration/ipshared/8842/hdl/proc_sys_reset_v5_0_vh_rfs.vhd:1264' bound to instance 'U0' of component 'proc_sys_reset' [d:/FPGA/Vivaldo Project/INTERFACE/SPI/06_system_integration/Vivado/system_integration.gen/sources_1/bd/system_integration/ip/system_integration_smartconnect_0_0/bd_0/ip/ip_1/synth/bd_d4b5_psr_aclk_0.vhd:129]
INFO: [Synth 8-638] synthesizing module 'proc_sys_reset__parameterized1' [d:/FPGA/Vivaldo Project/INTERFACE/SPI/06_system_integration/Vivado/system_integration.gen/sources_1/bd/system_integration/ipshared/8842/hdl/proc_sys_reset_v5_0_vh_rfs.vhd:1323]
	Parameter INIT bound to: 1'b1 
INFO: [Synth 8-113] binding component instance 'FDRE_inst' to cell 'FDRE' [d:/FPGA/Vivaldo Project/INTERFACE/SPI/06_system_integration/Vivado/system_integration.gen/sources_1/bd/system_integration/ipshared/8842/hdl/proc_sys_reset_v5_0_vh_rfs.vhd:1392]
	Parameter INIT bound to: 1'b1 
INFO: [Synth 8-113] binding component instance 'FDRE_BSR' to cell 'FDRE' [d:/FPGA/Vivaldo Project/INTERFACE/SPI/06_system_integration/Vivado/system_integration.gen/sources_1/bd/system_integration/ipshared/8842/hdl/proc_sys_reset_v5_0_vh_rfs.vhd:1408]
	Parameter INIT bound to: 1'b0 
INFO: [Synth 8-113] binding component instance 'FDRE_BSR_N' to cell 'FDRE' [d:/FPGA/Vivaldo Project/INTERFACE/SPI/06_system_integration/Vivado/system_integration.gen/sources_1/bd/system_integration/ipshared/8842/hdl/proc_sys_reset_v5_0_vh_rfs.vhd:1434]
	Parameter INIT bound to: 1'b1 
INFO: [Synth 8-113] binding component instance 'FDRE_PER' to cell 'FDRE' [d:/FPGA/Vivaldo Project/INTERFACE/SPI/06_system_integration/Vivado/system_integration.gen/sources_1/bd/system_integration/ipshared/8842/hdl/proc_sys_reset_v5_0_vh_rfs.vhd:1457]
	Parameter INIT bound to: 1'b0 
INFO: [Synth 8-113] binding component instance 'FDRE_PER_N' to cell 'FDRE' [d:/FPGA/Vivaldo Project/INTERFACE/SPI/06_system_integration/Vivado/system_integration.gen/sources_1/bd/system_integration/ipshared/8842/hdl/proc_sys_reset_v5_0_vh_rfs.vhd:1481]
INFO: [Synth 8-638] synthesizing module 'lpf__parameterized0' [d:/FPGA/Vivaldo Project/INTERFACE/SPI/06_system_integration/Vivado/system_integration.gen/sources_1/bd/system_integration/ipshared/8842/hdl/proc_sys_reset_v5_0_vh_rfs.vhd:816]
INFO: [Synth 8-3491] module 'SRL16' declared at 'D:/Xilinx/Vivado/2022.2/scripts/rt/data/unisim_comp.v:131628' bound to instance 'POR_SRL_I' of component 'SRL16' [d:/FPGA/Vivaldo Project/INTERFACE/SPI/06_system_integration/Vivado/system_integration.gen/sources_1/bd/system_integration/ipshared/8842/hdl/proc_sys_reset_v5_0_vh_rfs.vhd:868]
INFO: [Synth 8-256] done synthesizing module 'lpf__parameterized0' (0#1) [d:/FPGA/Vivaldo Project/INTERFACE/SPI/06_system_integration/Vivado/system_integration.gen/sources_1/bd/system_integration/ipshared/8842/hdl/proc_sys_reset_v5_0_vh_rfs.vhd:816]
INFO: [Synth 8-256] done synthesizing module 'proc_sys_reset__parameterized1' (0#1) [d:/FPGA/Vivaldo Project/INTERFACE/SPI/06_system_integration/Vivado/system_integration.gen/sources_1/bd/system_integration/ipshared/8842/hdl/proc_sys_reset_v5_0_vh_rfs.vhd:1323]
INFO: [Synth 8-256] done synthesizing module 'bd_d4b5_psr_aclk_0' (0#1) [d:/FPGA/Vivaldo Project/INTERFACE/SPI/06_system_integration/Vivado/system_integration.gen/sources_1/bd/system_integration/ip/system_integration_smartconnect_0_0/bd_0/ip/ip_1/synth/bd_d4b5_psr_aclk_0.vhd:74]
WARNING: [Synth 8-7071] port 'mb_reset' of module 'bd_d4b5_psr_aclk_0' is unconnected for instance 'psr_aclk' [d:/FPGA/Vivaldo Project/INTERFACE/SPI/06_system_integration/Vivado/system_integration.gen/sources_1/bd/system_integration/ip/system_integration_smartconnect_0_0/bd_0/synth/bd_d4b5.v:1028]
WARNING: [Synth 8-7071] port 'bus_struct_reset' of module 'bd_d4b5_psr_aclk_0' is unconnected for instance 'psr_aclk' [d:/FPGA/Vivaldo Project/INTERFACE/SPI/06_system_integration/Vivado/system_integration.gen/sources_1/bd/system_integration/ip/system_integration_smartconnect_0_0/bd_0/synth/bd_d4b5.v:1028]
WARNING: [Synth 8-7071] port 'peripheral_reset' of module 'bd_d4b5_psr_aclk_0' is unconnected for instance 'psr_aclk' [d:/FPGA/Vivaldo Project/INTERFACE/SPI/06_system_integration/Vivado/system_integration.gen/sources_1/bd/system_integration/ip/system_integration_smartconnect_0_0/bd_0/synth/bd_d4b5.v:1028]
WARNING: [Synth 8-7071] port 'peripheral_aresetn' of module 'bd_d4b5_psr_aclk_0' is unconnected for instance 'psr_aclk' [d:/FPGA/Vivaldo Project/INTERFACE/SPI/06_system_integration/Vivado/system_integration.gen/sources_1/bd/system_integration/ip/system_integration_smartconnect_0_0/bd_0/synth/bd_d4b5.v:1028]
WARNING: [Synth 8-7023] instance 'psr_aclk' of module 'bd_d4b5_psr_aclk_0' has 10 connections declared, but only 6 given [d:/FPGA/Vivaldo Project/INTERFACE/SPI/06_system_integration/Vivado/system_integration.gen/sources_1/bd/system_integration/ip/system_integration_smartconnect_0_0/bd_0/synth/bd_d4b5.v:1028]
INFO: [Synth 8-6155] done synthesizing module 'clk_map_imp_1GP5IEC' (0#1) [d:/FPGA/Vivaldo Project/INTERFACE/SPI/06_system_integration/Vivado/system_integration.gen/sources_1/bd/system_integration/ip/system_integration_smartconnect_0_0/bd_0/synth/bd_d4b5.v:987]
WARNING: [Synth 8-7071] port 'S01_ACLK' of module 'clk_map_imp_1GP5IEC' is unconnected for instance 'clk_map' [d:/FPGA/Vivaldo Project/INTERFACE/SPI/06_system_integration/Vivado/system_integration.gen/sources_1/bd/system_integration/ip/system_integration_smartconnect_0_0/bd_0/synth/bd_d4b5.v:526]
WARNING: [Synth 8-7071] port 'S01_ARESETN' of module 'clk_map_imp_1GP5IEC' is unconnected for instance 'clk_map' [d:/FPGA/Vivaldo Project/INTERFACE/SPI/06_system_integration/Vivado/system_integration.gen/sources_1/bd/system_integration/ip/system_integration_smartconnect_0_0/bd_0/synth/bd_d4b5.v:526]
WARNING: [Synth 8-7023] instance 'clk_map' of module 'clk_map_imp_1GP5IEC' has 11 connections declared, but only 9 given [d:/FPGA/Vivaldo Project/INTERFACE/SPI/06_system_integration/Vivado/system_integration.gen/sources_1/bd/system_integration/ip/system_integration_smartconnect_0_0/bd_0/synth/bd_d4b5.v:526]
INFO: [Synth 8-6157] synthesizing module 'm00_exit_pipeline_imp_J7TWVZ' [d:/FPGA/Vivaldo Project/INTERFACE/SPI/06_system_integration/Vivado/system_integration.gen/sources_1/bd/system_integration/ip/system_integration_smartconnect_0_0/bd_0/synth/bd_d4b5.v:1342]
INFO: [Synth 8-6157] synthesizing module 'bd_d4b5_m00e_0' [d:/FPGA/Vivaldo Project/INTERFACE/SPI/06_system_integration/Vivado/system_integration.gen/sources_1/bd/system_integration/ip/system_integration_smartconnect_0_0/bd_0/ip/ip_32/synth/bd_d4b5_m00e_0.sv:53]
INFO: [Synth 8-6157] synthesizing module 'xpm_cdc_async_rst' [D:/Xilinx/Vivado/2022.2/data/ip/xpm/xpm_cdc/hdl/xpm_cdc.sv:1174]
INFO: [Synth 8-6155] done synthesizing module 'xpm_cdc_async_rst' (0#1) [D:/Xilinx/Vivado/2022.2/data/ip/xpm/xpm_cdc/hdl/xpm_cdc.sv:1174]
INFO: [Synth 8-6155] done synthesizing module 'bd_d4b5_m00e_0' (0#1) [d:/FPGA/Vivaldo Project/INTERFACE/SPI/06_system_integration/Vivado/system_integration.gen/sources_1/bd/system_integration/ip/system_integration_smartconnect_0_0/bd_0/ip/ip_32/synth/bd_d4b5_m00e_0.sv:53]
INFO: [Synth 8-6155] done synthesizing module 'm00_exit_pipeline_imp_J7TWVZ' (0#1) [d:/FPGA/Vivaldo Project/INTERFACE/SPI/06_system_integration/Vivado/system_integration.gen/sources_1/bd/system_integration/ip/system_integration_smartconnect_0_0/bd_0/synth/bd_d4b5.v:1342]
INFO: [Synth 8-6157] synthesizing module 'm00_nodes_imp_5YFNO3' [d:/FPGA/Vivaldo Project/INTERFACE/SPI/06_system_integration/Vivado/system_integration.gen/sources_1/bd/system_integration/ip/system_integration_smartconnect_0_0/bd_0/synth/bd_d4b5.v:1643]
INFO: [Synth 8-6157] synthesizing module 'bd_d4b5_m00arn_0' [d:/FPGA/Vivaldo Project/INTERFACE/SPI/06_system_integration/Vivado/system_integration.gen/sources_1/bd/system_integration/ip/system_integration_smartconnect_0_0/bd_0/ip/ip_27/synth/bd_d4b5_m00arn_0.sv:53]
INFO: [Synth 8-6155] done synthesizing module 'bd_d4b5_m00arn_0' (0#1) [d:/FPGA/Vivaldo Project/INTERFACE/SPI/06_system_integration/Vivado/system_integration.gen/sources_1/bd/system_integration/ip/system_integration_smartconnect_0_0/bd_0/ip/ip_27/synth/bd_d4b5_m00arn_0.sv:53]
INFO: [Synth 8-6157] synthesizing module 'bd_d4b5_m00awn_0' [d:/FPGA/Vivaldo Project/INTERFACE/SPI/06_system_integration/Vivado/system_integration.gen/sources_1/bd/system_integration/ip/system_integration_smartconnect_0_0/bd_0/ip/ip_29/synth/bd_d4b5_m00awn_0.sv:53]
INFO: [Synth 8-6155] done synthesizing module 'bd_d4b5_m00awn_0' (0#1) [d:/FPGA/Vivaldo Project/INTERFACE/SPI/06_system_integration/Vivado/system_integration.gen/sources_1/bd/system_integration/ip/system_integration_smartconnect_0_0/bd_0/ip/ip_29/synth/bd_d4b5_m00awn_0.sv:53]
INFO: [Synth 8-6157] synthesizing module 'bd_d4b5_m00bn_0' [d:/FPGA/Vivaldo Project/INTERFACE/SPI/06_system_integration/Vivado/system_integration.gen/sources_1/bd/system_integration/ip/system_integration_smartconnect_0_0/bd_0/ip/ip_31/synth/bd_d4b5_m00bn_0.sv:53]
INFO: [Synth 8-6155] done synthesizing module 'bd_d4b5_m00bn_0' (0#1) [d:/FPGA/Vivaldo Project/INTERFACE/SPI/06_system_integration/Vivado/system_integration.gen/sources_1/bd/system_integration/ip/system_integration_smartconnect_0_0/bd_0/ip/ip_31/synth/bd_d4b5_m00bn_0.sv:53]
INFO: [Synth 8-6157] synthesizing module 'bd_d4b5_m00rn_0' [d:/FPGA/Vivaldo Project/INTERFACE/SPI/06_system_integration/Vivado/system_integration.gen/sources_1/bd/system_integration/ip/system_integration_smartconnect_0_0/bd_0/ip/ip_28/synth/bd_d4b5_m00rn_0.sv:53]
INFO: [Synth 8-6155] done synthesizing module 'bd_d4b5_m00rn_0' (0#1) [d:/FPGA/Vivaldo Project/INTERFACE/SPI/06_system_integration/Vivado/system_integration.gen/sources_1/bd/system_integration/ip/system_integration_smartconnect_0_0/bd_0/ip/ip_28/synth/bd_d4b5_m00rn_0.sv:53]
INFO: [Synth 8-6157] synthesizing module 'bd_d4b5_m00wn_0' [d:/FPGA/Vivaldo Project/INTERFACE/SPI/06_system_integration/Vivado/system_integration.gen/sources_1/bd/system_integration/ip/system_integration_smartconnect_0_0/bd_0/ip/ip_30/synth/bd_d4b5_m00wn_0.sv:53]
INFO: [Synth 8-6155] done synthesizing module 'bd_d4b5_m00wn_0' (0#1) [d:/FPGA/Vivaldo Project/INTERFACE/SPI/06_system_integration/Vivado/system_integration.gen/sources_1/bd/system_integration/ip/system_integration_smartconnect_0_0/bd_0/ip/ip_30/synth/bd_d4b5_m00wn_0.sv:53]
INFO: [Synth 8-6155] done synthesizing module 'm00_nodes_imp_5YFNO3' (0#1) [d:/FPGA/Vivaldo Project/INTERFACE/SPI/06_system_integration/Vivado/system_integration.gen/sources_1/bd/system_integration/ip/system_integration_smartconnect_0_0/bd_0/synth/bd_d4b5.v:1643]
INFO: [Synth 8-6157] synthesizing module 'bd_d4b5_m00s2a_0' [d:/FPGA/Vivaldo Project/INTERFACE/SPI/06_system_integration/Vivado/system_integration.gen/sources_1/bd/system_integration/ip/system_integration_smartconnect_0_0/bd_0/ip/ip_26/synth/bd_d4b5_m00s2a_0.sv:53]
INFO: [Synth 8-6155] done synthesizing module 'bd_d4b5_m00s2a_0' (0#1) [d:/FPGA/Vivaldo Project/INTERFACE/SPI/06_system_integration/Vivado/system_integration.gen/sources_1/bd/system_integration/ip/system_integration_smartconnect_0_0/bd_0/ip/ip_26/synth/bd_d4b5_m00s2a_0.sv:53]
INFO: [Synth 8-6157] synthesizing module 'bd_d4b5_s00a2s_0' [d:/FPGA/Vivaldo Project/INTERFACE/SPI/06_system_integration/Vivado/system_integration.gen/sources_1/bd/system_integration/ip/system_integration_smartconnect_0_0/bd_0/ip/ip_20/synth/bd_d4b5_s00a2s_0.sv:53]
INFO: [Synth 8-6155] done synthesizing module 'bd_d4b5_s00a2s_0' (0#1) [d:/FPGA/Vivaldo Project/INTERFACE/SPI/06_system_integration/Vivado/system_integration.gen/sources_1/bd/system_integration/ip/system_integration_smartconnect_0_0/bd_0/ip/ip_20/synth/bd_d4b5_s00a2s_0.sv:53]
INFO: [Synth 8-6157] synthesizing module 's00_entry_pipeline_imp_1J1Y8XO' [d:/FPGA/Vivaldo Project/INTERFACE/SPI/06_system_integration/Vivado/system_integration.gen/sources_1/bd/system_integration/ip/system_integration_smartconnect_0_0/bd_0/synth/bd_d4b5.v:1939]
INFO: [Synth 8-6157] synthesizing module 'bd_d4b5_s00mmu_0' [d:/FPGA/Vivaldo Project/INTERFACE/SPI/06_system_integration/Vivado/system_integration.gen/sources_1/bd/system_integration/ip/system_integration_smartconnect_0_0/bd_0/ip/ip_17/synth/bd_d4b5_s00mmu_0.sv:53]
INFO: [Synth 8-6155] done synthesizing module 'bd_d4b5_s00mmu_0' (0#1) [d:/FPGA/Vivaldo Project/INTERFACE/SPI/06_system_integration/Vivado/system_integration.gen/sources_1/bd/system_integration/ip/system_integration_smartconnect_0_0/bd_0/ip/ip_17/synth/bd_d4b5_s00mmu_0.sv:53]
INFO: [Synth 8-6157] synthesizing module 'bd_d4b5_s00sic_0' [d:/FPGA/Vivaldo Project/INTERFACE/SPI/06_system_integration/Vivado/system_integration.gen/sources_1/bd/system_integration/ip/system_integration_smartconnect_0_0/bd_0/ip/ip_19/synth/bd_d4b5_s00sic_0.sv:53]
INFO: [Synth 8-6155] done synthesizing module 'bd_d4b5_s00sic_0' (0#1) [d:/FPGA/Vivaldo Project/INTERFACE/SPI/06_system_integration/Vivado/system_integration.gen/sources_1/bd/system_integration/ip/system_integration_smartconnect_0_0/bd_0/ip/ip_19/synth/bd_d4b5_s00sic_0.sv:53]
INFO: [Synth 8-6157] synthesizing module 'bd_d4b5_s00tr_0' [d:/FPGA/Vivaldo Project/INTERFACE/SPI/06_system_integration/Vivado/system_integration.gen/sources_1/bd/system_integration/ip/system_integration_smartconnect_0_0/bd_0/ip/ip_18/synth/bd_d4b5_s00tr_0.sv:53]
INFO: [Synth 8-6155] done synthesizing module 'bd_d4b5_s00tr_0' (0#1) [d:/FPGA/Vivaldo Project/INTERFACE/SPI/06_system_integration/Vivado/system_integration.gen/sources_1/bd/system_integration/ip/system_integration_smartconnect_0_0/bd_0/ip/ip_18/synth/bd_d4b5_s00tr_0.sv:53]
INFO: [Synth 8-6155] done synthesizing module 's00_entry_pipeline_imp_1J1Y8XO' (0#1) [d:/FPGA/Vivaldo Project/INTERFACE/SPI/06_system_integration/Vivado/system_integration.gen/sources_1/bd/system_integration/ip/system_integration_smartconnect_0_0/bd_0/synth/bd_d4b5.v:1939]
INFO: [Synth 8-6157] synthesizing module 's00_nodes_imp_1MRTXUU' [d:/FPGA/Vivaldo Project/INTERFACE/SPI/06_system_integration/Vivado/system_integration.gen/sources_1/bd/system_integration/ip/system_integration_smartconnect_0_0/bd_0/synth/bd_d4b5.v:2598]
INFO: [Synth 8-6157] synthesizing module 'bd_d4b5_sarn_0' [d:/FPGA/Vivaldo Project/INTERFACE/SPI/06_system_integration/Vivado/system_integration.gen/sources_1/bd/system_integration/ip/system_integration_smartconnect_0_0/bd_0/ip/ip_21/synth/bd_d4b5_sarn_0.sv:53]
INFO: [Synth 8-6155] done synthesizing module 'bd_d4b5_sarn_0' (0#1) [d:/FPGA/Vivaldo Project/INTERFACE/SPI/06_system_integration/Vivado/system_integration.gen/sources_1/bd/system_integration/ip/system_integration_smartconnect_0_0/bd_0/ip/ip_21/synth/bd_d4b5_sarn_0.sv:53]
INFO: [Synth 8-6157] synthesizing module 'bd_d4b5_sawn_0' [d:/FPGA/Vivaldo Project/INTERFACE/SPI/06_system_integration/Vivado/system_integration.gen/sources_1/bd/system_integration/ip/system_integration_smartconnect_0_0/bd_0/ip/ip_23/synth/bd_d4b5_sawn_0.sv:53]
INFO: [Synth 8-6155] done synthesizing module 'bd_d4b5_sawn_0' (0#1) [d:/FPGA/Vivaldo Project/INTERFACE/SPI/06_system_integration/Vivado/system_integration.gen/sources_1/bd/system_integration/ip/system_integration_smartconnect_0_0/bd_0/ip/ip_23/synth/bd_d4b5_sawn_0.sv:53]
INFO: [Synth 8-6157] synthesizing module 'bd_d4b5_sbn_0' [d:/FPGA/Vivaldo Project/INTERFACE/SPI/06_system_integration/Vivado/system_integration.gen/sources_1/bd/system_integration/ip/system_integration_smartconnect_0_0/bd_0/ip/ip_25/synth/bd_d4b5_sbn_0.sv:53]
INFO: [Synth 8-6155] done synthesizing module 'bd_d4b5_sbn_0' (0#1) [d:/FPGA/Vivaldo Project/INTERFACE/SPI/06_system_integration/Vivado/system_integration.gen/sources_1/bd/system_integration/ip/system_integration_smartconnect_0_0/bd_0/ip/ip_25/synth/bd_d4b5_sbn_0.sv:53]
INFO: [Synth 8-6157] synthesizing module 'bd_d4b5_srn_0' [d:/FPGA/Vivaldo Project/INTERFACE/SPI/06_system_integration/Vivado/system_integration.gen/sources_1/bd/system_integration/ip/system_integration_smartconnect_0_0/bd_0/ip/ip_22/synth/bd_d4b5_srn_0.sv:53]
INFO: [Synth 8-6155] done synthesizing module 'bd_d4b5_srn_0' (0#1) [d:/FPGA/Vivaldo Project/INTERFACE/SPI/06_system_integration/Vivado/system_integration.gen/sources_1/bd/system_integration/ip/system_integration_smartconnect_0_0/bd_0/ip/ip_22/synth/bd_d4b5_srn_0.sv:53]
INFO: [Synth 8-6157] synthesizing module 'bd_d4b5_swn_0' [d:/FPGA/Vivaldo Project/INTERFACE/SPI/06_system_integration/Vivado/system_integration.gen/sources_1/bd/system_integration/ip/system_integration_smartconnect_0_0/bd_0/ip/ip_24/synth/bd_d4b5_swn_0.sv:53]
INFO: [Synth 8-6155] done synthesizing module 'bd_d4b5_swn_0' (0#1) [d:/FPGA/Vivaldo Project/INTERFACE/SPI/06_system_integration/Vivado/system_integration.gen/sources_1/bd/system_integration/ip/system_integration_smartconnect_0_0/bd_0/ip/ip_24/synth/bd_d4b5_swn_0.sv:53]
INFO: [Synth 8-6155] done synthesizing module 's00_nodes_imp_1MRTXUU' (0#1) [d:/FPGA/Vivaldo Project/INTERFACE/SPI/06_system_integration/Vivado/system_integration.gen/sources_1/bd/system_integration/ip/system_integration_smartconnect_0_0/bd_0/synth/bd_d4b5.v:2598]
INFO: [Synth 8-6157] synthesizing module 'switchboards_imp_1F3ENQQ' [d:/FPGA/Vivaldo Project/INTERFACE/SPI/06_system_integration/Vivado/system_integration.gen/sources_1/bd/system_integration/ip/system_integration_smartconnect_0_0/bd_0/synth/bd_d4b5.v:2894]
INFO: [Synth 8-6157] synthesizing module 'bd_d4b5_arinsw_0' [d:/FPGA/Vivaldo Project/INTERFACE/SPI/06_system_integration/Vivado/system_integration.gen/sources_1/bd/system_integration/ip/system_integration_smartconnect_0_0/bd_0/ip/ip_2/synth/bd_d4b5_arinsw_0.sv:53]
INFO: [Synth 8-6155] done synthesizing module 'bd_d4b5_arinsw_0' (0#1) [d:/FPGA/Vivaldo Project/INTERFACE/SPI/06_system_integration/Vivado/system_integration.gen/sources_1/bd/system_integration/ip/system_integration_smartconnect_0_0/bd_0/ip/ip_2/synth/bd_d4b5_arinsw_0.sv:53]
INFO: [Synth 8-6157] synthesizing module 'bd_d4b5_aroutsw_0' [d:/FPGA/Vivaldo Project/INTERFACE/SPI/06_system_integration/Vivado/system_integration.gen/sources_1/bd/system_integration/ip/system_integration_smartconnect_0_0/bd_0/ip/ip_7/synth/bd_d4b5_aroutsw_0.sv:53]
INFO: [Synth 8-6155] done synthesizing module 'bd_d4b5_aroutsw_0' (0#1) [d:/FPGA/Vivaldo Project/INTERFACE/SPI/06_system_integration/Vivado/system_integration.gen/sources_1/bd/system_integration/ip/system_integration_smartconnect_0_0/bd_0/ip/ip_7/synth/bd_d4b5_aroutsw_0.sv:53]
INFO: [Synth 8-6157] synthesizing module 'bd_d4b5_awinsw_0' [d:/FPGA/Vivaldo Project/INTERFACE/SPI/06_system_integration/Vivado/system_integration.gen/sources_1/bd/system_integration/ip/system_integration_smartconnect_0_0/bd_0/ip/ip_4/synth/bd_d4b5_awinsw_0.sv:53]
INFO: [Synth 8-6155] done synthesizing module 'bd_d4b5_awinsw_0' (0#1) [d:/FPGA/Vivaldo Project/INTERFACE/SPI/06_system_integration/Vivado/system_integration.gen/sources_1/bd/system_integration/ip/system_integration_smartconnect_0_0/bd_0/ip/ip_4/synth/bd_d4b5_awinsw_0.sv:53]
INFO: [Synth 8-6157] synthesizing module 'bd_d4b5_awoutsw_0' [d:/FPGA/Vivaldo Project/INTERFACE/SPI/06_system_integration/Vivado/system_integration.gen/sources_1/bd/system_integration/ip/system_integration_smartconnect_0_0/bd_0/ip/ip_9/synth/bd_d4b5_awoutsw_0.sv:53]
INFO: [Synth 8-6155] done synthesizing module 'bd_d4b5_awoutsw_0' (0#1) [d:/FPGA/Vivaldo Project/INTERFACE/SPI/06_system_integration/Vivado/system_integration.gen/sources_1/bd/system_integration/ip/system_integration_smartconnect_0_0/bd_0/ip/ip_9/synth/bd_d4b5_awoutsw_0.sv:53]
INFO: [Synth 8-6157] synthesizing module 'bd_d4b5_binsw_0' [d:/FPGA/Vivaldo Project/INTERFACE/SPI/06_system_integration/Vivado/system_integration.gen/sources_1/bd/system_integration/ip/system_integration_smartconnect_0_0/bd_0/ip/ip_6/synth/bd_d4b5_binsw_0.sv:53]
INFO: [Synth 8-6155] done synthesizing module 'bd_d4b5_binsw_0' (0#1) [d:/FPGA/Vivaldo Project/INTERFACE/SPI/06_system_integration/Vivado/system_integration.gen/sources_1/bd/system_integration/ip/system_integration_smartconnect_0_0/bd_0/ip/ip_6/synth/bd_d4b5_binsw_0.sv:53]
INFO: [Synth 8-6157] synthesizing module 'bd_d4b5_boutsw_0' [d:/FPGA/Vivaldo Project/INTERFACE/SPI/06_system_integration/Vivado/system_integration.gen/sources_1/bd/system_integration/ip/system_integration_smartconnect_0_0/bd_0/ip/ip_11/synth/bd_d4b5_boutsw_0.sv:53]
INFO: [Synth 8-6155] done synthesizing module 'bd_d4b5_boutsw_0' (0#1) [d:/FPGA/Vivaldo Project/INTERFACE/SPI/06_system_integration/Vivado/system_integration.gen/sources_1/bd/system_integration/ip/system_integration_smartconnect_0_0/bd_0/ip/ip_11/synth/bd_d4b5_boutsw_0.sv:53]
INFO: [Synth 8-6157] synthesizing module 'i_nodes_imp_YEQDFU' [d:/FPGA/Vivaldo Project/INTERFACE/SPI/06_system_integration/Vivado/system_integration.gen/sources_1/bd/system_integration/ip/system_integration_smartconnect_0_0/bd_0/synth/bd_d4b5.v:1037]
INFO: [Synth 8-6157] synthesizing module 'bd_d4b5_arni_0' [d:/FPGA/Vivaldo Project/INTERFACE/SPI/06_system_integration/Vivado/system_integration.gen/sources_1/bd/system_integration/ip/system_integration_smartconnect_0_0/bd_0/ip/ip_12/synth/bd_d4b5_arni_0.sv:53]
INFO: [Synth 8-6155] done synthesizing module 'bd_d4b5_arni_0' (0#1) [d:/FPGA/Vivaldo Project/INTERFACE/SPI/06_system_integration/Vivado/system_integration.gen/sources_1/bd/system_integration/ip/system_integration_smartconnect_0_0/bd_0/ip/ip_12/synth/bd_d4b5_arni_0.sv:53]
INFO: [Synth 8-6157] synthesizing module 'bd_d4b5_awni_0' [d:/FPGA/Vivaldo Project/INTERFACE/SPI/06_system_integration/Vivado/system_integration.gen/sources_1/bd/system_integration/ip/system_integration_smartconnect_0_0/bd_0/ip/ip_14/synth/bd_d4b5_awni_0.sv:53]
INFO: [Synth 8-6155] done synthesizing module 'bd_d4b5_awni_0' (0#1) [d:/FPGA/Vivaldo Project/INTERFACE/SPI/06_system_integration/Vivado/system_integration.gen/sources_1/bd/system_integration/ip/system_integration_smartconnect_0_0/bd_0/ip/ip_14/synth/bd_d4b5_awni_0.sv:53]
INFO: [Synth 8-6157] synthesizing module 'bd_d4b5_bni_0' [d:/FPGA/Vivaldo Project/INTERFACE/SPI/06_system_integration/Vivado/system_integration.gen/sources_1/bd/system_integration/ip/system_integration_smartconnect_0_0/bd_0/ip/ip_16/synth/bd_d4b5_bni_0.sv:53]
INFO: [Synth 8-6155] done synthesizing module 'bd_d4b5_bni_0' (0#1) [d:/FPGA/Vivaldo Project/INTERFACE/SPI/06_system_integration/Vivado/system_integration.gen/sources_1/bd/system_integration/ip/system_integration_smartconnect_0_0/bd_0/ip/ip_16/synth/bd_d4b5_bni_0.sv:53]
INFO: [Synth 8-6157] synthesizing module 'bd_d4b5_rni_0' [d:/FPGA/Vivaldo Project/INTERFACE/SPI/06_system_integration/Vivado/system_integration.gen/sources_1/bd/system_integration/ip/system_integration_smartconnect_0_0/bd_0/ip/ip_13/synth/bd_d4b5_rni_0.sv:53]
INFO: [Synth 8-6155] done synthesizing module 'bd_d4b5_rni_0' (0#1) [d:/FPGA/Vivaldo Project/INTERFACE/SPI/06_system_integration/Vivado/system_integration.gen/sources_1/bd/system_integration/ip/system_integration_smartconnect_0_0/bd_0/ip/ip_13/synth/bd_d4b5_rni_0.sv:53]
INFO: [Synth 8-6157] synthesizing module 'bd_d4b5_wni_0' [d:/FPGA/Vivaldo Project/INTERFACE/SPI/06_system_integration/Vivado/system_integration.gen/sources_1/bd/system_integration/ip/system_integration_smartconnect_0_0/bd_0/ip/ip_15/synth/bd_d4b5_wni_0.sv:53]
INFO: [Synth 8-6157] synthesizing module 'xpm_memory_sdpram' [D:/Xilinx/Vivado/2022.2/data/ip/xpm/xpm_memory/hdl/xpm_memory.sv:8476]
INFO: [Synth 8-6157] synthesizing module 'xpm_memory_base' [D:/Xilinx/Vivado/2022.2/data/ip/xpm/xpm_memory/hdl/xpm_memory.sv:56]
INFO: [Synth 8-6155] done synthesizing module 'xpm_memory_base' (0#1) [D:/Xilinx/Vivado/2022.2/data/ip/xpm/xpm_memory/hdl/xpm_memory.sv:56]
INFO: [Synth 8-6155] done synthesizing module 'xpm_memory_sdpram' (0#1) [D:/Xilinx/Vivado/2022.2/data/ip/xpm/xpm_memory/hdl/xpm_memory.sv:8476]
INFO: [Synth 8-6155] done synthesizing module 'bd_d4b5_wni_0' (0#1) [d:/FPGA/Vivaldo Project/INTERFACE/SPI/06_system_integration/Vivado/system_integration.gen/sources_1/bd/system_integration/ip/system_integration_smartconnect_0_0/bd_0/ip/ip_15/synth/bd_d4b5_wni_0.sv:53]
INFO: [Synth 8-6155] done synthesizing module 'i_nodes_imp_YEQDFU' (0#1) [d:/FPGA/Vivaldo Project/INTERFACE/SPI/06_system_integration/Vivado/system_integration.gen/sources_1/bd/system_integration/ip/system_integration_smartconnect_0_0/bd_0/synth/bd_d4b5.v:1037]
INFO: [Synth 8-6157] synthesizing module 'bd_d4b5_rinsw_0' [d:/FPGA/Vivaldo Project/INTERFACE/SPI/06_system_integration/Vivado/system_integration.gen/sources_1/bd/system_integration/ip/system_integration_smartconnect_0_0/bd_0/ip/ip_3/synth/bd_d4b5_rinsw_0.sv:53]
INFO: [Synth 8-6155] done synthesizing module 'bd_d4b5_rinsw_0' (0#1) [d:/FPGA/Vivaldo Project/INTERFACE/SPI/06_system_integration/Vivado/system_integration.gen/sources_1/bd/system_integration/ip/system_integration_smartconnect_0_0/bd_0/ip/ip_3/synth/bd_d4b5_rinsw_0.sv:53]
INFO: [Synth 8-6157] synthesizing module 'bd_d4b5_routsw_0' [d:/FPGA/Vivaldo Project/INTERFACE/SPI/06_system_integration/Vivado/system_integration.gen/sources_1/bd/system_integration/ip/system_integration_smartconnect_0_0/bd_0/ip/ip_8/synth/bd_d4b5_routsw_0.sv:53]
INFO: [Synth 8-6155] done synthesizing module 'bd_d4b5_routsw_0' (0#1) [d:/FPGA/Vivaldo Project/INTERFACE/SPI/06_system_integration/Vivado/system_integration.gen/sources_1/bd/system_integration/ip/system_integration_smartconnect_0_0/bd_0/ip/ip_8/synth/bd_d4b5_routsw_0.sv:53]
INFO: [Synth 8-6157] synthesizing module 'bd_d4b5_winsw_0' [d:/FPGA/Vivaldo Project/INTERFACE/SPI/06_system_integration/Vivado/system_integration.gen/sources_1/bd/system_integration/ip/system_integration_smartconnect_0_0/bd_0/ip/ip_5/synth/bd_d4b5_winsw_0.sv:53]
INFO: [Synth 8-6155] done synthesizing module 'bd_d4b5_winsw_0' (0#1) [d:/FPGA/Vivaldo Project/INTERFACE/SPI/06_system_integration/Vivado/system_integration.gen/sources_1/bd/system_integration/ip/system_integration_smartconnect_0_0/bd_0/ip/ip_5/synth/bd_d4b5_winsw_0.sv:53]
INFO: [Synth 8-6157] synthesizing module 'bd_d4b5_woutsw_0' [d:/FPGA/Vivaldo Project/INTERFACE/SPI/06_system_integration/Vivado/system_integration.gen/sources_1/bd/system_integration/ip/system_integration_smartconnect_0_0/bd_0/ip/ip_10/synth/bd_d4b5_woutsw_0.sv:53]
INFO: [Synth 8-6155] done synthesizing module 'bd_d4b5_woutsw_0' (0#1) [d:/FPGA/Vivaldo Project/INTERFACE/SPI/06_system_integration/Vivado/system_integration.gen/sources_1/bd/system_integration/ip/system_integration_smartconnect_0_0/bd_0/ip/ip_10/synth/bd_d4b5_woutsw_0.sv:53]
INFO: [Synth 8-6155] done synthesizing module 'switchboards_imp_1F3ENQQ' (0#1) [d:/FPGA/Vivaldo Project/INTERFACE/SPI/06_system_integration/Vivado/system_integration.gen/sources_1/bd/system_integration/ip/system_integration_smartconnect_0_0/bd_0/synth/bd_d4b5.v:2894]
WARNING: [Synth 8-7071] port 'M01_SC_B_info' of module 'switchboards_imp_1F3ENQQ' is unconnected for instance 'switchboards' [d:/FPGA/Vivaldo Project/INTERFACE/SPI/06_system_integration/Vivado/system_integration.gen/sources_1/bd/system_integration/ip/system_integration_smartconnect_0_0/bd_0/synth/bd_d4b5.v:916]
WARNING: [Synth 8-7071] port 'M01_SC_B_payld' of module 'switchboards_imp_1F3ENQQ' is unconnected for instance 'switchboards' [d:/FPGA/Vivaldo Project/INTERFACE/SPI/06_system_integration/Vivado/system_integration.gen/sources_1/bd/system_integration/ip/system_integration_smartconnect_0_0/bd_0/synth/bd_d4b5.v:916]
WARNING: [Synth 8-7071] port 'M01_SC_B_req' of module 'switchboards_imp_1F3ENQQ' is unconnected for instance 'switchboards' [d:/FPGA/Vivaldo Project/INTERFACE/SPI/06_system_integration/Vivado/system_integration.gen/sources_1/bd/system_integration/ip/system_integration_smartconnect_0_0/bd_0/synth/bd_d4b5.v:916]
WARNING: [Synth 8-7071] port 'M01_SC_B_send' of module 'switchboards_imp_1F3ENQQ' is unconnected for instance 'switchboards' [d:/FPGA/Vivaldo Project/INTERFACE/SPI/06_system_integration/Vivado/system_integration.gen/sources_1/bd/system_integration/ip/system_integration_smartconnect_0_0/bd_0/synth/bd_d4b5.v:916]
WARNING: [Synth 8-7071] port 'M01_SC_R_info' of module 'switchboards_imp_1F3ENQQ' is unconnected for instance 'switchboards' [d:/FPGA/Vivaldo Project/INTERFACE/SPI/06_system_integration/Vivado/system_integration.gen/sources_1/bd/system_integration/ip/system_integration_smartconnect_0_0/bd_0/synth/bd_d4b5.v:916]
WARNING: [Synth 8-7071] port 'M01_SC_R_payld' of module 'switchboards_imp_1F3ENQQ' is unconnected for instance 'switchboards' [d:/FPGA/Vivaldo Project/INTERFACE/SPI/06_system_integration/Vivado/system_integration.gen/sources_1/bd/system_integration/ip/system_integration_smartconnect_0_0/bd_0/synth/bd_d4b5.v:916]
WARNING: [Synth 8-7071] port 'M01_SC_R_req' of module 'switchboards_imp_1F3ENQQ' is unconnected for instance 'switchboards' [d:/FPGA/Vivaldo Project/INTERFACE/SPI/06_system_integration/Vivado/system_integration.gen/sources_1/bd/system_integration/ip/system_integration_smartconnect_0_0/bd_0/synth/bd_d4b5.v:916]
WARNING: [Synth 8-7071] port 'M01_SC_R_send' of module 'switchboards_imp_1F3ENQQ' is unconnected for instance 'switchboards' [d:/FPGA/Vivaldo Project/INTERFACE/SPI/06_system_integration/Vivado/system_integration.gen/sources_1/bd/system_integration/ip/system_integration_smartconnect_0_0/bd_0/synth/bd_d4b5.v:916]
WARNING: [Synth 8-7071] port 'S01_SC_AR_recv' of module 'switchboards_imp_1F3ENQQ' is unconnected for instance 'switchboards' [d:/FPGA/Vivaldo Project/INTERFACE/SPI/06_system_integration/Vivado/system_integration.gen/sources_1/bd/system_integration/ip/system_integration_smartconnect_0_0/bd_0/synth/bd_d4b5.v:916]
WARNING: [Synth 8-7071] port 'S01_SC_AW_recv' of module 'switchboards_imp_1F3ENQQ' is unconnected for instance 'switchboards' [d:/FPGA/Vivaldo Project/INTERFACE/SPI/06_system_integration/Vivado/system_integration.gen/sources_1/bd/system_integration/ip/system_integration_smartconnect_0_0/bd_0/synth/bd_d4b5.v:916]
WARNING: [Synth 8-7071] port 'S01_SC_W_recv' of module 'switchboards_imp_1F3ENQQ' is unconnected for instance 'switchboards' [d:/FPGA/Vivaldo Project/INTERFACE/SPI/06_system_integration/Vivado/system_integration.gen/sources_1/bd/system_integration/ip/system_integration_smartconnect_0_0/bd_0/synth/bd_d4b5.v:916]
WARNING: [Synth 8-7023] instance 'switchboards' of module 'switchboards_imp_1F3ENQQ' has 79 connections declared, but only 68 given [d:/FPGA/Vivaldo Project/INTERFACE/SPI/06_system_integration/Vivado/system_integration.gen/sources_1/bd/system_integration/ip/system_integration_smartconnect_0_0/bd_0/synth/bd_d4b5.v:916]
INFO: [Synth 8-6155] done synthesizing module 'bd_d4b5' (0#1) [d:/FPGA/Vivaldo Project/INTERFACE/SPI/06_system_integration/Vivado/system_integration.gen/sources_1/bd/system_integration/ip/system_integration_smartconnect_0_0/bd_0/synth/bd_d4b5.v:9]
INFO: [Synth 8-6155] done synthesizing module 'system_integration_smartconnect_0_0' (0#1) [d:/FPGA/Vivaldo Project/INTERFACE/SPI/06_system_integration/Vivado/system_integration.gen/sources_1/bd/system_integration/ip/system_integration_smartconnect_0_0/synth/system_integration_smartconnect_0_0.v:53]
WARNING: [Synth 8-7071] port 'S01_AXI_awready' of module 'system_integration_smartconnect_0_0' is unconnected for instance 'smartconnect_0' [d:/FPGA/Vivaldo Project/INTERFACE/SPI/06_system_integration/Vivado/system_integration.gen/sources_1/bd/system_integration/synth/system_integration.v:166]
WARNING: [Synth 8-7071] port 'S01_AXI_wready' of module 'system_integration_smartconnect_0_0' is unconnected for instance 'smartconnect_0' [d:/FPGA/Vivaldo Project/INTERFACE/SPI/06_system_integration/Vivado/system_integration.gen/sources_1/bd/system_integration/synth/system_integration.v:166]
WARNING: [Synth 8-7071] port 'S01_AXI_bid' of module 'system_integration_smartconnect_0_0' is unconnected for instance 'smartconnect_0' [d:/FPGA/Vivaldo Project/INTERFACE/SPI/06_system_integration/Vivado/system_integration.gen/sources_1/bd/system_integration/synth/system_integration.v:166]
WARNING: [Synth 8-7071] port 'S01_AXI_bresp' of module 'system_integration_smartconnect_0_0' is unconnected for instance 'smartconnect_0' [d:/FPGA/Vivaldo Project/INTERFACE/SPI/06_system_integration/Vivado/system_integration.gen/sources_1/bd/system_integration/synth/system_integration.v:166]
WARNING: [Synth 8-7071] port 'S01_AXI_buser' of module 'system_integration_smartconnect_0_0' is unconnected for instance 'smartconnect_0' [d:/FPGA/Vivaldo Project/INTERFACE/SPI/06_system_integration/Vivado/system_integration.gen/sources_1/bd/system_integration/synth/system_integration.v:166]
WARNING: [Synth 8-7071] port 'S01_AXI_bvalid' of module 'system_integration_smartconnect_0_0' is unconnected for instance 'smartconnect_0' [d:/FPGA/Vivaldo Project/INTERFACE/SPI/06_system_integration/Vivado/system_integration.gen/sources_1/bd/system_integration/synth/system_integration.v:166]
WARNING: [Synth 8-7071] port 'S01_AXI_arready' of module 'system_integration_smartconnect_0_0' is unconnected for instance 'smartconnect_0' [d:/FPGA/Vivaldo Project/INTERFACE/SPI/06_system_integration/Vivado/system_integration.gen/sources_1/bd/system_integration/synth/system_integration.v:166]
WARNING: [Synth 8-7071] port 'S01_AXI_rid' of module 'system_integration_smartconnect_0_0' is unconnected for instance 'smartconnect_0' [d:/FPGA/Vivaldo Project/INTERFACE/SPI/06_system_integration/Vivado/system_integration.gen/sources_1/bd/system_integration/synth/system_integration.v:166]
WARNING: [Synth 8-7071] port 'S01_AXI_rdata' of module 'system_integration_smartconnect_0_0' is unconnected for instance 'smartconnect_0' [d:/FPGA/Vivaldo Project/INTERFACE/SPI/06_system_integration/Vivado/system_integration.gen/sources_1/bd/system_integration/synth/system_integration.v:166]
WARNING: [Synth 8-7071] port 'S01_AXI_rresp' of module 'system_integration_smartconnect_0_0' is unconnected for instance 'smartconnect_0' [d:/FPGA/Vivaldo Project/INTERFACE/SPI/06_system_integration/Vivado/system_integration.gen/sources_1/bd/system_integration/synth/system_integration.v:166]
WARNING: [Synth 8-7071] port 'S01_AXI_rlast' of module 'system_integration_smartconnect_0_0' is unconnected for instance 'smartconnect_0' [d:/FPGA/Vivaldo Project/INTERFACE/SPI/06_system_integration/Vivado/system_integration.gen/sources_1/bd/system_integration/synth/system_integration.v:166]
WARNING: [Synth 8-7071] port 'S01_AXI_ruser' of module 'system_integration_smartconnect_0_0' is unconnected for instance 'smartconnect_0' [d:/FPGA/Vivaldo Project/INTERFACE/SPI/06_system_integration/Vivado/system_integration.gen/sources_1/bd/system_integration/synth/system_integration.v:166]
WARNING: [Synth 8-7071] port 'S01_AXI_rvalid' of module 'system_integration_smartconnect_0_0' is unconnected for instance 'smartconnect_0' [d:/FPGA/Vivaldo Project/INTERFACE/SPI/06_system_integration/Vivado/system_integration.gen/sources_1/bd/system_integration/synth/system_integration.v:166]
WARNING: [Synth 8-7023] instance 'smartconnect_0' of module 'system_integration_smartconnect_0_0' has 105 connections declared, but only 92 given [d:/FPGA/Vivaldo Project/INTERFACE/SPI/06_system_integration/Vivado/system_integration.gen/sources_1/bd/system_integration/synth/system_integration.v:166]
INFO: [Synth 8-6157] synthesizing module 'system_integration_w25q64_controller_0_0' [d:/FPGA/Vivaldo Project/INTERFACE/SPI/06_system_integration/Vivado/system_integration.gen/sources_1/bd/system_integration/ip/system_integration_w25q64_controller_0_0/synth/system_integration_w25q64_controller_0_0.v:53]
INFO: [Synth 8-6157] synthesizing module 'w25q64_controller' [D:/FPGA/Vivaldo Project/INTERFACE/SPI/05_w25q64_controller/Vivado/05_w25q64_controller.srcs/sources_1/new/w25q64_controller.v:23]
INFO: [Synth 8-6157] synthesizing module 'spi_master_mode0' [D:/FPGA/Vivaldo Project/INTERFACE/SPI/05_w25q64_controller/Vivado/05_w25q64_controller.srcs/sources_1/new/spi_master_mode0.v:23]
INFO: [Synth 8-226] default block is never used [D:/FPGA/Vivaldo Project/INTERFACE/SPI/05_w25q64_controller/Vivado/05_w25q64_controller.srcs/sources_1/new/spi_master_mode0.v:67]
INFO: [Synth 8-6155] done synthesizing module 'spi_master_mode0' (0#1) [D:/FPGA/Vivaldo Project/INTERFACE/SPI/05_w25q64_controller/Vivado/05_w25q64_controller.srcs/sources_1/new/spi_master_mode0.v:23]
INFO: [Synth 8-6155] done synthesizing module 'w25q64_controller' (0#1) [D:/FPGA/Vivaldo Project/INTERFACE/SPI/05_w25q64_controller/Vivado/05_w25q64_controller.srcs/sources_1/new/w25q64_controller.v:23]
INFO: [Synth 8-6155] done synthesizing module 'system_integration_w25q64_controller_0_0' (0#1) [d:/FPGA/Vivaldo Project/INTERFACE/SPI/06_system_integration/Vivado/system_integration.gen/sources_1/bd/system_integration/ip/system_integration_w25q64_controller_0_0/synth/system_integration_w25q64_controller_0_0.v:53]
INFO: [Synth 8-6157] synthesizing module 'system_integration_zynq_ultra_ps_e_0_0' [d:/FPGA/Vivaldo Project/INTERFACE/SPI/06_system_integration/Vivado/system_integration.gen/sources_1/bd/system_integration/ip/system_integration_zynq_ultra_ps_e_0_0/synth/system_integration_zynq_ultra_ps_e_0_0.v:53]
INFO: [Synth 8-6157] synthesizing module 'zynq_ultra_ps_e_v3_4_1_zynq_ultra_ps_e' [d:/FPGA/Vivaldo Project/INTERFACE/SPI/06_system_integration/Vivado/system_integration.gen/sources_1/bd/system_integration/ip/system_integration_zynq_ultra_ps_e_0_0/hdl/zynq_ultra_ps_e_v3_4_1.v:68]
INFO: [Synth 8-6157] synthesizing module 'BUFG_PS' [D:/Xilinx/Vivado/2022.2/scripts/rt/data/unisim_comp.v:1317]
INFO: [Synth 8-6155] done synthesizing module 'BUFG_PS' (0#1) [D:/Xilinx/Vivado/2022.2/scripts/rt/data/unisim_comp.v:1317]
INFO: [Synth 8-6157] synthesizing module 'PS8' [D:/Xilinx/Vivado/2022.2/scripts/rt/data/unisim_comp.v:110670]
INFO: [Synth 8-6155] done synthesizing module 'PS8' (0#1) [D:/Xilinx/Vivado/2022.2/scripts/rt/data/unisim_comp.v:110670]
WARNING: [Synth 8-689] width (5) of port connection 'EMIOSDIO0DATAOUT' does not match port width (8) of module 'PS8' [d:/FPGA/Vivaldo Project/INTERFACE/SPI/06_system_integration/Vivado/system_integration.gen/sources_1/bd/system_integration/ip/system_integration_zynq_ultra_ps_e_0_0/hdl/zynq_ultra_ps_e_v3_4_1.v:4600]
WARNING: [Synth 8-689] width (5) of port connection 'EMIOSDIO0DATAENA' does not match port width (8) of module 'PS8' [d:/FPGA/Vivaldo Project/INTERFACE/SPI/06_system_integration/Vivado/system_integration.gen/sources_1/bd/system_integration/ip/system_integration_zynq_ultra_ps_e_0_0/hdl/zynq_ultra_ps_e_v3_4_1.v:4601]
WARNING: [Synth 8-689] width (5) of port connection 'EMIOSDIO1DATAOUT' does not match port width (8) of module 'PS8' [d:/FPGA/Vivaldo Project/INTERFACE/SPI/06_system_integration/Vivado/system_integration.gen/sources_1/bd/system_integration/ip/system_integration_zynq_ultra_ps_e_0_0/hdl/zynq_ultra_ps_e_v3_4_1.v:4613]
WARNING: [Synth 8-689] width (5) of port connection 'EMIOSDIO1DATAENA' does not match port width (8) of module 'PS8' [d:/FPGA/Vivaldo Project/INTERFACE/SPI/06_system_integration/Vivado/system_integration.gen/sources_1/bd/system_integration/ip/system_integration_zynq_ultra_ps_e_0_0/hdl/zynq_ultra_ps_e_v3_4_1.v:4614]
WARNING: [Synth 8-7071] port 'PSS_ALTO_CORE_PAD_MGTTXN0OUT' of module 'PS8' is unconnected for instance 'PS8_i' [d:/FPGA/Vivaldo Project/INTERFACE/SPI/06_system_integration/Vivado/system_integration.gen/sources_1/bd/system_integration/ip/system_integration_zynq_ultra_ps_e_0_0/hdl/zynq_ultra_ps_e_v3_4_1.v:3790]
WARNING: [Synth 8-7071] port 'PSS_ALTO_CORE_PAD_MGTTXN1OUT' of module 'PS8' is unconnected for instance 'PS8_i' [d:/FPGA/Vivaldo Project/INTERFACE/SPI/06_system_integration/Vivado/system_integration.gen/sources_1/bd/system_integration/ip/system_integration_zynq_ultra_ps_e_0_0/hdl/zynq_ultra_ps_e_v3_4_1.v:3790]
WARNING: [Synth 8-7071] port 'PSS_ALTO_CORE_PAD_MGTTXN2OUT' of module 'PS8' is unconnected for instance 'PS8_i' [d:/FPGA/Vivaldo Project/INTERFACE/SPI/06_system_integration/Vivado/system_integration.gen/sources_1/bd/system_integration/ip/system_integration_zynq_ultra_ps_e_0_0/hdl/zynq_ultra_ps_e_v3_4_1.v:3790]
WARNING: [Synth 8-7071] port 'PSS_ALTO_CORE_PAD_MGTTXN3OUT' of module 'PS8' is unconnected for instance 'PS8_i' [d:/FPGA/Vivaldo Project/INTERFACE/SPI/06_system_integration/Vivado/system_integration.gen/sources_1/bd/system_integration/ip/system_integration_zynq_ultra_ps_e_0_0/hdl/zynq_ultra_ps_e_v3_4_1.v:3790]
WARNING: [Synth 8-7071] port 'PSS_ALTO_CORE_PAD_MGTTXP0OUT' of module 'PS8' is unconnected for instance 'PS8_i' [d:/FPGA/Vivaldo Project/INTERFACE/SPI/06_system_integration/Vivado/system_integration.gen/sources_1/bd/system_integration/ip/system_integration_zynq_ultra_ps_e_0_0/hdl/zynq_ultra_ps_e_v3_4_1.v:3790]
WARNING: [Synth 8-7071] port 'PSS_ALTO_CORE_PAD_MGTTXP1OUT' of module 'PS8' is unconnected for instance 'PS8_i' [d:/FPGA/Vivaldo Project/INTERFACE/SPI/06_system_integration/Vivado/system_integration.gen/sources_1/bd/system_integration/ip/system_integration_zynq_ultra_ps_e_0_0/hdl/zynq_ultra_ps_e_v3_4_1.v:3790]
WARNING: [Synth 8-7071] port 'PSS_ALTO_CORE_PAD_MGTTXP2OUT' of module 'PS8' is unconnected for instance 'PS8_i' [d:/FPGA/Vivaldo Project/INTERFACE/SPI/06_system_integration/Vivado/system_integration.gen/sources_1/bd/system_integration/ip/system_integration_zynq_ultra_ps_e_0_0/hdl/zynq_ultra_ps_e_v3_4_1.v:3790]
WARNING: [Synth 8-7071] port 'PSS_ALTO_CORE_PAD_MGTTXP3OUT' of module 'PS8' is unconnected for instance 'PS8_i' [d:/FPGA/Vivaldo Project/INTERFACE/SPI/06_system_integration/Vivado/system_integration.gen/sources_1/bd/system_integration/ip/system_integration_zynq_ultra_ps_e_0_0/hdl/zynq_ultra_ps_e_v3_4_1.v:3790]
WARNING: [Synth 8-7071] port 'PSS_ALTO_CORE_PAD_PADO' of module 'PS8' is unconnected for instance 'PS8_i' [d:/FPGA/Vivaldo Project/INTERFACE/SPI/06_system_integration/Vivado/system_integration.gen/sources_1/bd/system_integration/ip/system_integration_zynq_ultra_ps_e_0_0/hdl/zynq_ultra_ps_e_v3_4_1.v:3790]
WARNING: [Synth 8-7071] port 'PSS_ALTO_CORE_PAD_BOOTMODE' of module 'PS8' is unconnected for instance 'PS8_i' [d:/FPGA/Vivaldo Project/INTERFACE/SPI/06_system_integration/Vivado/system_integration.gen/sources_1/bd/system_integration/ip/system_integration_zynq_ultra_ps_e_0_0/hdl/zynq_ultra_ps_e_v3_4_1.v:3790]
WARNING: [Synth 8-7071] port 'PSS_ALTO_CORE_PAD_CLK' of module 'PS8' is unconnected for instance 'PS8_i' [d:/FPGA/Vivaldo Project/INTERFACE/SPI/06_system_integration/Vivado/system_integration.gen/sources_1/bd/system_integration/ip/system_integration_zynq_ultra_ps_e_0_0/hdl/zynq_ultra_ps_e_v3_4_1.v:3790]
WARNING: [Synth 8-7071] port 'PSS_ALTO_CORE_PAD_DONEB' of module 'PS8' is unconnected for instance 'PS8_i' [d:/FPGA/Vivaldo Project/INTERFACE/SPI/06_system_integration/Vivado/system_integration.gen/sources_1/bd/system_integration/ip/system_integration_zynq_ultra_ps_e_0_0/hdl/zynq_ultra_ps_e_v3_4_1.v:3790]
WARNING: [Synth 8-7071] port 'PSS_ALTO_CORE_PAD_DRAMA' of module 'PS8' is unconnected for instance 'PS8_i' [d:/FPGA/Vivaldo Project/INTERFACE/SPI/06_system_integration/Vivado/system_integration.gen/sources_1/bd/system_integration/ip/system_integration_zynq_ultra_ps_e_0_0/hdl/zynq_ultra_ps_e_v3_4_1.v:3790]
WARNING: [Synth 8-7071] port 'PSS_ALTO_CORE_PAD_DRAMACTN' of module 'PS8' is unconnected for instance 'PS8_i' [d:/FPGA/Vivaldo Project/INTERFACE/SPI/06_system_integration/Vivado/system_integration.gen/sources_1/bd/system_integration/ip/system_integration_zynq_ultra_ps_e_0_0/hdl/zynq_ultra_ps_e_v3_4_1.v:3790]
WARNING: [Synth 8-7071] port 'PSS_ALTO_CORE_PAD_DRAMALERTN' of module 'PS8' is unconnected for instance 'PS8_i' [d:/FPGA/Vivaldo Project/INTERFACE/SPI/06_system_integration/Vivado/system_integration.gen/sources_1/bd/system_integration/ip/system_integration_zynq_ultra_ps_e_0_0/hdl/zynq_ultra_ps_e_v3_4_1.v:3790]
WARNING: [Synth 8-7071] port 'PSS_ALTO_CORE_PAD_DRAMBA' of module 'PS8' is unconnected for instance 'PS8_i' [d:/FPGA/Vivaldo Project/INTERFACE/SPI/06_system_integration/Vivado/system_integration.gen/sources_1/bd/system_integration/ip/system_integration_zynq_ultra_ps_e_0_0/hdl/zynq_ultra_ps_e_v3_4_1.v:3790]
WARNING: [Synth 8-7071] port 'PSS_ALTO_CORE_PAD_DRAMBG' of module 'PS8' is unconnected for instance 'PS8_i' [d:/FPGA/Vivaldo Project/INTERFACE/SPI/06_system_integration/Vivado/system_integration.gen/sources_1/bd/system_integration/ip/system_integration_zynq_ultra_ps_e_0_0/hdl/zynq_ultra_ps_e_v3_4_1.v:3790]
WARNING: [Synth 8-7071] port 'PSS_ALTO_CORE_PAD_DRAMCK' of module 'PS8' is unconnected for instance 'PS8_i' [d:/FPGA/Vivaldo Project/INTERFACE/SPI/06_system_integration/Vivado/system_integration.gen/sources_1/bd/system_integration/ip/system_integration_zynq_ultra_ps_e_0_0/hdl/zynq_ultra_ps_e_v3_4_1.v:3790]
WARNING: [Synth 8-7071] port 'PSS_ALTO_CORE_PAD_DRAMCKE' of module 'PS8' is unconnected for instance 'PS8_i' [d:/FPGA/Vivaldo Project/INTERFACE/SPI/06_system_integration/Vivado/system_integration.gen/sources_1/bd/system_integration/ip/system_integration_zynq_ultra_ps_e_0_0/hdl/zynq_ultra_ps_e_v3_4_1.v:3790]
WARNING: [Synth 8-7071] port 'PSS_ALTO_CORE_PAD_DRAMCKN' of module 'PS8' is unconnected for instance 'PS8_i' [d:/FPGA/Vivaldo Project/INTERFACE/SPI/06_system_integration/Vivado/system_integration.gen/sources_1/bd/system_integration/ip/system_integration_zynq_ultra_ps_e_0_0/hdl/zynq_ultra_ps_e_v3_4_1.v:3790]
WARNING: [Synth 8-7071] port 'PSS_ALTO_CORE_PAD_DRAMCSN' of module 'PS8' is unconnected for instance 'PS8_i' [d:/FPGA/Vivaldo Project/INTERFACE/SPI/06_system_integration/Vivado/system_integration.gen/sources_1/bd/system_integration/ip/system_integration_zynq_ultra_ps_e_0_0/hdl/zynq_ultra_ps_e_v3_4_1.v:3790]
WARNING: [Synth 8-7071] port 'PSS_ALTO_CORE_PAD_DRAMDM' of module 'PS8' is unconnected for instance 'PS8_i' [d:/FPGA/Vivaldo Project/INTERFACE/SPI/06_system_integration/Vivado/system_integration.gen/sources_1/bd/system_integration/ip/system_integration_zynq_ultra_ps_e_0_0/hdl/zynq_ultra_ps_e_v3_4_1.v:3790]
WARNING: [Synth 8-7071] port 'PSS_ALTO_CORE_PAD_DRAMDQ' of module 'PS8' is unconnected for instance 'PS8_i' [d:/FPGA/Vivaldo Project/INTERFACE/SPI/06_system_integration/Vivado/system_integration.gen/sources_1/bd/system_integration/ip/system_integration_zynq_ultra_ps_e_0_0/hdl/zynq_ultra_ps_e_v3_4_1.v:3790]
WARNING: [Synth 8-7071] port 'PSS_ALTO_CORE_PAD_DRAMDQS' of module 'PS8' is unconnected for instance 'PS8_i' [d:/FPGA/Vivaldo Project/INTERFACE/SPI/06_system_integration/Vivado/system_integration.gen/sources_1/bd/system_integration/ip/system_integration_zynq_ultra_ps_e_0_0/hdl/zynq_ultra_ps_e_v3_4_1.v:3790]
WARNING: [Synth 8-7071] port 'PSS_ALTO_CORE_PAD_DRAMDQSN' of module 'PS8' is unconnected for instance 'PS8_i' [d:/FPGA/Vivaldo Project/INTERFACE/SPI/06_system_integration/Vivado/system_integration.gen/sources_1/bd/system_integration/ip/system_integration_zynq_ultra_ps_e_0_0/hdl/zynq_ultra_ps_e_v3_4_1.v:3790]
WARNING: [Synth 8-7071] port 'PSS_ALTO_CORE_PAD_DRAMODT' of module 'PS8' is unconnected for instance 'PS8_i' [d:/FPGA/Vivaldo Project/INTERFACE/SPI/06_system_integration/Vivado/system_integration.gen/sources_1/bd/system_integration/ip/system_integration_zynq_ultra_ps_e_0_0/hdl/zynq_ultra_ps_e_v3_4_1.v:3790]
WARNING: [Synth 8-7071] port 'PSS_ALTO_CORE_PAD_DRAMPARITY' of module 'PS8' is unconnected for instance 'PS8_i' [d:/FPGA/Vivaldo Project/INTERFACE/SPI/06_system_integration/Vivado/system_integration.gen/sources_1/bd/system_integration/ip/system_integration_zynq_ultra_ps_e_0_0/hdl/zynq_ultra_ps_e_v3_4_1.v:3790]
WARNING: [Synth 8-7071] port 'PSS_ALTO_CORE_PAD_DRAMRAMRSTN' of module 'PS8' is unconnected for instance 'PS8_i' [d:/FPGA/Vivaldo Project/INTERFACE/SPI/06_system_integration/Vivado/system_integration.gen/sources_1/bd/system_integration/ip/system_integration_zynq_ultra_ps_e_0_0/hdl/zynq_ultra_ps_e_v3_4_1.v:3790]
WARNING: [Synth 8-7071] port 'PSS_ALTO_CORE_PAD_ERROROUT' of module 'PS8' is unconnected for instance 'PS8_i' [d:/FPGA/Vivaldo Project/INTERFACE/SPI/06_system_integration/Vivado/system_integration.gen/sources_1/bd/system_integration/ip/system_integration_zynq_ultra_ps_e_0_0/hdl/zynq_ultra_ps_e_v3_4_1.v:3790]
WARNING: [Synth 8-7071] port 'PSS_ALTO_CORE_PAD_ERRORSTATUS' of module 'PS8' is unconnected for instance 'PS8_i' [d:/FPGA/Vivaldo Project/INTERFACE/SPI/06_system_integration/Vivado/system_integration.gen/sources_1/bd/system_integration/ip/system_integration_zynq_ultra_ps_e_0_0/hdl/zynq_ultra_ps_e_v3_4_1.v:3790]
WARNING: [Synth 8-7071] port 'PSS_ALTO_CORE_PAD_INITB' of module 'PS8' is unconnected for instance 'PS8_i' [d:/FPGA/Vivaldo Project/INTERFACE/SPI/06_system_integration/Vivado/system_integration.gen/sources_1/bd/system_integration/ip/system_integration_zynq_ultra_ps_e_0_0/hdl/zynq_ultra_ps_e_v3_4_1.v:3790]
WARNING: [Synth 8-7071] port 'PSS_ALTO_CORE_PAD_JTAGTCK' of module 'PS8' is unconnected for instance 'PS8_i' [d:/FPGA/Vivaldo Project/INTERFACE/SPI/06_system_integration/Vivado/system_integration.gen/sources_1/bd/system_integration/ip/system_integration_zynq_ultra_ps_e_0_0/hdl/zynq_ultra_ps_e_v3_4_1.v:3790]
WARNING: [Synth 8-7071] port 'PSS_ALTO_CORE_PAD_JTAGTDI' of module 'PS8' is unconnected for instance 'PS8_i' [d:/FPGA/Vivaldo Project/INTERFACE/SPI/06_system_integration/Vivado/system_integration.gen/sources_1/bd/system_integration/ip/system_integration_zynq_ultra_ps_e_0_0/hdl/zynq_ultra_ps_e_v3_4_1.v:3790]
WARNING: [Synth 8-7071] port 'PSS_ALTO_CORE_PAD_JTAGTDO' of module 'PS8' is unconnected for instance 'PS8_i' [d:/FPGA/Vivaldo Project/INTERFACE/SPI/06_system_integration/Vivado/system_integration.gen/sources_1/bd/system_integration/ip/system_integration_zynq_ultra_ps_e_0_0/hdl/zynq_ultra_ps_e_v3_4_1.v:3790]
WARNING: [Synth 8-7071] port 'PSS_ALTO_CORE_PAD_JTAGTMS' of module 'PS8' is unconnected for instance 'PS8_i' [d:/FPGA/Vivaldo Project/INTERFACE/SPI/06_system_integration/Vivado/system_integration.gen/sources_1/bd/system_integration/ip/system_integration_zynq_ultra_ps_e_0_0/hdl/zynq_ultra_ps_e_v3_4_1.v:3790]
WARNING: [Synth 8-7071] port 'PSS_ALTO_CORE_PAD_MIO' of module 'PS8' is unconnected for instance 'PS8_i' [d:/FPGA/Vivaldo Project/INTERFACE/SPI/06_system_integration/Vivado/system_integration.gen/sources_1/bd/system_integration/ip/system_integration_zynq_ultra_ps_e_0_0/hdl/zynq_ultra_ps_e_v3_4_1.v:3790]
WARNING: [Synth 8-7071] port 'PSS_ALTO_CORE_PAD_PORB' of module 'PS8' is unconnected for instance 'PS8_i' [d:/FPGA/Vivaldo Project/INTERFACE/SPI/06_system_integration/Vivado/system_integration.gen/sources_1/bd/system_integration/ip/system_integration_zynq_ultra_ps_e_0_0/hdl/zynq_ultra_ps_e_v3_4_1.v:3790]
WARNING: [Synth 8-7071] port 'PSS_ALTO_CORE_PAD_PROGB' of module 'PS8' is unconnected for instance 'PS8_i' [d:/FPGA/Vivaldo Project/INTERFACE/SPI/06_system_integration/Vivado/system_integration.gen/sources_1/bd/system_integration/ip/system_integration_zynq_ultra_ps_e_0_0/hdl/zynq_ultra_ps_e_v3_4_1.v:3790]
WARNING: [Synth 8-7071] port 'PSS_ALTO_CORE_PAD_RCALIBINOUT' of module 'PS8' is unconnected for instance 'PS8_i' [d:/FPGA/Vivaldo Project/INTERFACE/SPI/06_system_integration/Vivado/system_integration.gen/sources_1/bd/system_integration/ip/system_integration_zynq_ultra_ps_e_0_0/hdl/zynq_ultra_ps_e_v3_4_1.v:3790]
WARNING: [Synth 8-7071] port 'PSS_ALTO_CORE_PAD_SRSTB' of module 'PS8' is unconnected for instance 'PS8_i' [d:/FPGA/Vivaldo Project/INTERFACE/SPI/06_system_integration/Vivado/system_integration.gen/sources_1/bd/system_integration/ip/system_integration_zynq_ultra_ps_e_0_0/hdl/zynq_ultra_ps_e_v3_4_1.v:3790]
WARNING: [Synth 8-7071] port 'PSS_ALTO_CORE_PAD_ZQ' of module 'PS8' is unconnected for instance 'PS8_i' [d:/FPGA/Vivaldo Project/INTERFACE/SPI/06_system_integration/Vivado/system_integration.gen/sources_1/bd/system_integration/ip/system_integration_zynq_ultra_ps_e_0_0/hdl/zynq_ultra_ps_e_v3_4_1.v:3790]
WARNING: [Synth 8-7071] port 'PSS_ALTO_CORE_PAD_MGTRXN0IN' of module 'PS8' is unconnected for instance 'PS8_i' [d:/FPGA/Vivaldo Project/INTERFACE/SPI/06_system_integration/Vivado/system_integration.gen/sources_1/bd/system_integration/ip/system_integration_zynq_ultra_ps_e_0_0/hdl/zynq_ultra_ps_e_v3_4_1.v:3790]
WARNING: [Synth 8-7071] port 'PSS_ALTO_CORE_PAD_MGTRXN1IN' of module 'PS8' is unconnected for instance 'PS8_i' [d:/FPGA/Vivaldo Project/INTERFACE/SPI/06_system_integration/Vivado/system_integration.gen/sources_1/bd/system_integration/ip/system_integration_zynq_ultra_ps_e_0_0/hdl/zynq_ultra_ps_e_v3_4_1.v:3790]
WARNING: [Synth 8-7071] port 'PSS_ALTO_CORE_PAD_MGTRXN2IN' of module 'PS8' is unconnected for instance 'PS8_i' [d:/FPGA/Vivaldo Project/INTERFACE/SPI/06_system_integration/Vivado/system_integration.gen/sources_1/bd/system_integration/ip/system_integration_zynq_ultra_ps_e_0_0/hdl/zynq_ultra_ps_e_v3_4_1.v:3790]
WARNING: [Synth 8-7071] port 'PSS_ALTO_CORE_PAD_MGTRXN3IN' of module 'PS8' is unconnected for instance 'PS8_i' [d:/FPGA/Vivaldo Project/INTERFACE/SPI/06_system_integration/Vivado/system_integration.gen/sources_1/bd/system_integration/ip/system_integration_zynq_ultra_ps_e_0_0/hdl/zynq_ultra_ps_e_v3_4_1.v:3790]
WARNING: [Synth 8-7071] port 'PSS_ALTO_CORE_PAD_MGTRXP0IN' of module 'PS8' is unconnected for instance 'PS8_i' [d:/FPGA/Vivaldo Project/INTERFACE/SPI/06_system_integration/Vivado/system_integration.gen/sources_1/bd/system_integration/ip/system_integration_zynq_ultra_ps_e_0_0/hdl/zynq_ultra_ps_e_v3_4_1.v:3790]
WARNING: [Synth 8-7071] port 'PSS_ALTO_CORE_PAD_MGTRXP1IN' of module 'PS8' is unconnected for instance 'PS8_i' [d:/FPGA/Vivaldo Project/INTERFACE/SPI/06_system_integration/Vivado/system_integration.gen/sources_1/bd/system_integration/ip/system_integration_zynq_ultra_ps_e_0_0/hdl/zynq_ultra_ps_e_v3_4_1.v:3790]
WARNING: [Synth 8-7071] port 'PSS_ALTO_CORE_PAD_MGTRXP2IN' of module 'PS8' is unconnected for instance 'PS8_i' [d:/FPGA/Vivaldo Project/INTERFACE/SPI/06_system_integration/Vivado/system_integration.gen/sources_1/bd/system_integration/ip/system_integration_zynq_ultra_ps_e_0_0/hdl/zynq_ultra_ps_e_v3_4_1.v:3790]
WARNING: [Synth 8-7071] port 'PSS_ALTO_CORE_PAD_MGTRXP3IN' of module 'PS8' is unconnected for instance 'PS8_i' [d:/FPGA/Vivaldo Project/INTERFACE/SPI/06_system_integration/Vivado/system_integration.gen/sources_1/bd/system_integration/ip/system_integration_zynq_ultra_ps_e_0_0/hdl/zynq_ultra_ps_e_v3_4_1.v:3790]
WARNING: [Synth 8-7071] port 'PSS_ALTO_CORE_PAD_PADI' of module 'PS8' is unconnected for instance 'PS8_i' [d:/FPGA/Vivaldo Project/INTERFACE/SPI/06_system_integration/Vivado/system_integration.gen/sources_1/bd/system_integration/ip/system_integration_zynq_ultra_ps_e_0_0/hdl/zynq_ultra_ps_e_v3_4_1.v:3790]
WARNING: [Synth 8-7071] port 'PSS_ALTO_CORE_PAD_REFN0IN' of module 'PS8' is unconnected for instance 'PS8_i' [d:/FPGA/Vivaldo Project/INTERFACE/SPI/06_system_integration/Vivado/system_integration.gen/sources_1/bd/system_integration/ip/system_integration_zynq_ultra_ps_e_0_0/hdl/zynq_ultra_ps_e_v3_4_1.v:3790]
WARNING: [Synth 8-7071] port 'PSS_ALTO_CORE_PAD_REFN1IN' of module 'PS8' is unconnected for instance 'PS8_i' [d:/FPGA/Vivaldo Project/INTERFACE/SPI/06_system_integration/Vivado/system_integration.gen/sources_1/bd/system_integration/ip/system_integration_zynq_ultra_ps_e_0_0/hdl/zynq_ultra_ps_e_v3_4_1.v:3790]
WARNING: [Synth 8-7071] port 'PSS_ALTO_CORE_PAD_REFN2IN' of module 'PS8' is unconnected for instance 'PS8_i' [d:/FPGA/Vivaldo Project/INTERFACE/SPI/06_system_integration/Vivado/system_integration.gen/sources_1/bd/system_integration/ip/system_integration_zynq_ultra_ps_e_0_0/hdl/zynq_ultra_ps_e_v3_4_1.v:3790]
WARNING: [Synth 8-7071] port 'PSS_ALTO_CORE_PAD_REFN3IN' of module 'PS8' is unconnected for instance 'PS8_i' [d:/FPGA/Vivaldo Project/INTERFACE/SPI/06_system_integration/Vivado/system_integration.gen/sources_1/bd/system_integration/ip/system_integration_zynq_ultra_ps_e_0_0/hdl/zynq_ultra_ps_e_v3_4_1.v:3790]
WARNING: [Synth 8-7071] port 'PSS_ALTO_CORE_PAD_REFP0IN' of module 'PS8' is unconnected for instance 'PS8_i' [d:/FPGA/Vivaldo Project/INTERFACE/SPI/06_system_integration/Vivado/system_integration.gen/sources_1/bd/system_integration/ip/system_integration_zynq_ultra_ps_e_0_0/hdl/zynq_ultra_ps_e_v3_4_1.v:3790]
WARNING: [Synth 8-7071] port 'PSS_ALTO_CORE_PAD_REFP1IN' of module 'PS8' is unconnected for instance 'PS8_i' [d:/FPGA/Vivaldo Project/INTERFACE/SPI/06_system_integration/Vivado/system_integration.gen/sources_1/bd/system_integration/ip/system_integration_zynq_ultra_ps_e_0_0/hdl/zynq_ultra_ps_e_v3_4_1.v:3790]
WARNING: [Synth 8-7071] port 'PSS_ALTO_CORE_PAD_REFP2IN' of module 'PS8' is unconnected for instance 'PS8_i' [d:/FPGA/Vivaldo Project/INTERFACE/SPI/06_system_integration/Vivado/system_integration.gen/sources_1/bd/system_integration/ip/system_integration_zynq_ultra_ps_e_0_0/hdl/zynq_ultra_ps_e_v3_4_1.v:3790]
WARNING: [Synth 8-7071] port 'PSS_ALTO_CORE_PAD_REFP3IN' of module 'PS8' is unconnected for instance 'PS8_i' [d:/FPGA/Vivaldo Project/INTERFACE/SPI/06_system_integration/Vivado/system_integration.gen/sources_1/bd/system_integration/ip/system_integration_zynq_ultra_ps_e_0_0/hdl/zynq_ultra_ps_e_v3_4_1.v:3790]
WARNING: [Synth 8-7023] instance 'PS8_i' of module 'PS8' has 1015 connections declared, but only 957 given [d:/FPGA/Vivaldo Project/INTERFACE/SPI/06_system_integration/Vivado/system_integration.gen/sources_1/bd/system_integration/ip/system_integration_zynq_ultra_ps_e_0_0/hdl/zynq_ultra_ps_e_v3_4_1.v:3790]
INFO: [Synth 8-6155] done synthesizing module 'zynq_ultra_ps_e_v3_4_1_zynq_ultra_ps_e' (0#1) [d:/FPGA/Vivaldo Project/INTERFACE/SPI/06_system_integration/Vivado/system_integration.gen/sources_1/bd/system_integration/ip/system_integration_zynq_ultra_ps_e_0_0/hdl/zynq_ultra_ps_e_v3_4_1.v:68]
WARNING: [Synth 8-7071] port 'emio_enet0_signal_detect' of module 'zynq_ultra_ps_e_v3_4_1_zynq_ultra_ps_e' is unconnected for instance 'inst' [d:/FPGA/Vivaldo Project/INTERFACE/SPI/06_system_integration/Vivado/system_integration.gen/sources_1/bd/system_integration/ip/system_integration_zynq_ultra_ps_e_0_0/synth/system_integration_zynq_ultra_ps_e_0_0.v:232]
WARNING: [Synth 8-7071] port 'emio_enet1_signal_detect' of module 'zynq_ultra_ps_e_v3_4_1_zynq_ultra_ps_e' is unconnected for instance 'inst' [d:/FPGA/Vivaldo Project/INTERFACE/SPI/06_system_integration/Vivado/system_integration.gen/sources_1/bd/system_integration/ip/system_integration_zynq_ultra_ps_e_0_0/synth/system_integration_zynq_ultra_ps_e_0_0.v:232]
INFO: [Common 17-14] Message 'Synth 8-7071' appears 100 times and further instances of the messages will be disabled. Use the Tcl command set_msg_config to change the current settings.
WARNING: [Synth 8-7023] instance 'inst' of module 'zynq_ultra_ps_e_v3_4_1_zynq_ultra_ps_e' has 1491 connections declared, but only 1487 given [d:/FPGA/Vivaldo Project/INTERFACE/SPI/06_system_integration/Vivado/system_integration.gen/sources_1/bd/system_integration/ip/system_integration_zynq_ultra_ps_e_0_0/synth/system_integration_zynq_ultra_ps_e_0_0.v:232]
INFO: [Synth 8-6155] done synthesizing module 'system_integration_zynq_ultra_ps_e_0_0' (0#1) [d:/FPGA/Vivaldo Project/INTERFACE/SPI/06_system_integration/Vivado/system_integration.gen/sources_1/bd/system_integration/ip/system_integration_zynq_ultra_ps_e_0_0/synth/system_integration_zynq_ultra_ps_e_0_0.v:53]
INFO: [Synth 8-6155] done synthesizing module 'system_integration' (0#1) [d:/FPGA/Vivaldo Project/INTERFACE/SPI/06_system_integration/Vivado/system_integration.gen/sources_1/bd/system_integration/synth/system_integration.v:12]
INFO: [Synth 8-6155] done synthesizing module 'system_integration_wrapper' (0#1) [d:/FPGA/Vivaldo Project/INTERFACE/SPI/06_system_integration/Vivado/system_integration.gen/sources_1/bd/system_integration/hdl/system_integration_wrapper.v:12]
WARNING: [Synth 8-6014] Unused sequential element slv_reg3_reg was removed.  [d:/FPGA/Vivaldo Project/INTERFACE/SPI/06_system_integration/Vivado/system_integration.gen/sources_1/bd/system_integration/ipshared/94a3/hdl/axi_w25q64_v1_0_S00_AXI.v:243]
WARNING: [Synth 8-6014] Unused sequential element slv_reg4_reg was removed.  [d:/FPGA/Vivaldo Project/INTERFACE/SPI/06_system_integration/Vivado/system_integration.gen/sources_1/bd/system_integration/ipshared/94a3/hdl/axi_w25q64_v1_0_S00_AXI.v:244]
WARNING: [Synth 8-6014] Unused sequential element slv_reg5_reg was removed.  [d:/FPGA/Vivaldo Project/INTERFACE/SPI/06_system_integration/Vivado/system_integration.gen/sources_1/bd/system_integration/ipshared/94a3/hdl/axi_w25q64_v1_0_S00_AXI.v:245]
WARNING: [Synth 8-6014] Unused sequential element slv_reg6_reg was removed.  [d:/FPGA/Vivaldo Project/INTERFACE/SPI/06_system_integration/Vivado/system_integration.gen/sources_1/bd/system_integration/ipshared/94a3/hdl/axi_w25q64_v1_0_S00_AXI.v:246]
WARNING: [Synth 8-6014] Unused sequential element slv_reg7_reg was removed.  [d:/FPGA/Vivaldo Project/INTERFACE/SPI/06_system_integration/Vivado/system_integration.gen/sources_1/bd/system_integration/ipshared/94a3/hdl/axi_w25q64_v1_0_S00_AXI.v:247]
WARNING: [Synth 8-3848] Net sl_iport0 in module/entity system_integration_ila_0_0 does not have driver. [d:/FPGA/Vivaldo Project/INTERFACE/SPI/06_system_integration/Vivado/system_integration.gen/sources_1/bd/system_integration/ip/system_integration_ila_0_0/synth/system_integration_ila_0_0.v:124]
WARNING: [Synth 8-3848] Net aresetn_out in module/entity clk_map_imp_1GP5IEC does not have driver. [d:/FPGA/Vivaldo Project/INTERFACE/SPI/06_system_integration/Vivado/system_integration.gen/sources_1/bd/system_integration/ip/system_integration_smartconnect_0_0/bd_0/synth/bd_d4b5.v:1007]
WARNING: [Synth 8-3848] Net S01_AXI_arready in module/entity bd_d4b5 does not have driver. [d:/FPGA/Vivaldo Project/INTERFACE/SPI/06_system_integration/Vivado/system_integration.gen/sources_1/bd/system_integration/ip/system_integration_smartconnect_0_0/bd_0/synth/bd_d4b5.v:182]
WARNING: [Synth 8-3848] Net S01_AXI_awready in module/entity bd_d4b5 does not have driver. [d:/FPGA/Vivaldo Project/INTERFACE/SPI/06_system_integration/Vivado/system_integration.gen/sources_1/bd/system_integration/ip/system_integration_smartconnect_0_0/bd_0/synth/bd_d4b5.v:195]
WARNING: [Synth 8-3848] Net S01_AXI_bid in module/entity bd_d4b5 does not have driver. [d:/FPGA/Vivaldo Project/INTERFACE/SPI/06_system_integration/Vivado/system_integration.gen/sources_1/bd/system_integration/ip/system_integration_smartconnect_0_0/bd_0/synth/bd_d4b5.v:200]
WARNING: [Synth 8-3848] Net S01_AXI_bresp in module/entity bd_d4b5 does not have driver. [d:/FPGA/Vivaldo Project/INTERFACE/SPI/06_system_integration/Vivado/system_integration.gen/sources_1/bd/system_integration/ip/system_integration_smartconnect_0_0/bd_0/synth/bd_d4b5.v:202]
WARNING: [Synth 8-3848] Net S01_AXI_buser in module/entity bd_d4b5 does not have driver. [d:/FPGA/Vivaldo Project/INTERFACE/SPI/06_system_integration/Vivado/system_integration.gen/sources_1/bd/system_integration/ip/system_integration_smartconnect_0_0/bd_0/synth/bd_d4b5.v:203]
WARNING: [Synth 8-3848] Net S01_AXI_bvalid in module/entity bd_d4b5 does not have driver. [d:/FPGA/Vivaldo Project/INTERFACE/SPI/06_system_integration/Vivado/system_integration.gen/sources_1/bd/system_integration/ip/system_integration_smartconnect_0_0/bd_0/synth/bd_d4b5.v:204]
WARNING: [Synth 8-3848] Net S01_AXI_rdata in module/entity bd_d4b5 does not have driver. [d:/FPGA/Vivaldo Project/INTERFACE/SPI/06_system_integration/Vivado/system_integration.gen/sources_1/bd/system_integration/ip/system_integration_smartconnect_0_0/bd_0/synth/bd_d4b5.v:205]
WARNING: [Synth 8-3848] Net S01_AXI_rid in module/entity bd_d4b5 does not have driver. [d:/FPGA/Vivaldo Project/INTERFACE/SPI/06_system_integration/Vivado/system_integration.gen/sources_1/bd/system_integration/ip/system_integration_smartconnect_0_0/bd_0/synth/bd_d4b5.v:206]
WARNING: [Synth 8-3848] Net S01_AXI_rlast in module/entity bd_d4b5 does not have driver. [d:/FPGA/Vivaldo Project/INTERFACE/SPI/06_system_integration/Vivado/system_integration.gen/sources_1/bd/system_integration/ip/system_integration_smartconnect_0_0/bd_0/synth/bd_d4b5.v:207]
WARNING: [Synth 8-3848] Net S01_AXI_rresp in module/entity bd_d4b5 does not have driver. [d:/FPGA/Vivaldo Project/INTERFACE/SPI/06_system_integration/Vivado/system_integration.gen/sources_1/bd/system_integration/ip/system_integration_smartconnect_0_0/bd_0/synth/bd_d4b5.v:209]
WARNING: [Synth 8-3848] Net S01_AXI_ruser in module/entity bd_d4b5 does not have driver. [d:/FPGA/Vivaldo Project/INTERFACE/SPI/06_system_integration/Vivado/system_integration.gen/sources_1/bd/system_integration/ip/system_integration_smartconnect_0_0/bd_0/synth/bd_d4b5.v:210]
WARNING: [Synth 8-3848] Net S01_AXI_rvalid in module/entity bd_d4b5 does not have driver. [d:/FPGA/Vivaldo Project/INTERFACE/SPI/06_system_integration/Vivado/system_integration.gen/sources_1/bd/system_integration/ip/system_integration_smartconnect_0_0/bd_0/synth/bd_d4b5.v:211]
WARNING: [Synth 8-3848] Net S01_AXI_wready in module/entity bd_d4b5 does not have driver. [d:/FPGA/Vivaldo Project/INTERFACE/SPI/06_system_integration/Vivado/system_integration.gen/sources_1/bd/system_integration/ip/system_integration_smartconnect_0_0/bd_0/synth/bd_d4b5.v:215]
WARNING: [Synth 8-3848] Net dp_audio_ref_clk in module/entity zynq_ultra_ps_e_v3_4_1_zynq_ultra_ps_e does not have driver. [d:/FPGA/Vivaldo Project/INTERFACE/SPI/06_system_integration/Vivado/system_integration.gen/sources_1/bd/system_integration/ip/system_integration_zynq_ultra_ps_e_0_0/hdl/zynq_ultra_ps_e_v3_4_1.v:289]
WARNING: [Synth 8-3848] Net irq_ipi_pl_0 in module/entity zynq_ultra_ps_e_v3_4_1_zynq_ultra_ps_e does not have driver. [d:/FPGA/Vivaldo Project/INTERFACE/SPI/06_system_integration/Vivado/system_integration.gen/sources_1/bd/system_integration/ip/system_integration_zynq_ultra_ps_e_0_0/hdl/zynq_ultra_ps_e_v3_4_1.v:1309]
WARNING: [Synth 8-3848] Net irq_ipi_pl_1 in module/entity zynq_ultra_ps_e_v3_4_1_zynq_ultra_ps_e does not have driver. [d:/FPGA/Vivaldo Project/INTERFACE/SPI/06_system_integration/Vivado/system_integration.gen/sources_1/bd/system_integration/ip/system_integration_zynq_ultra_ps_e_0_0/hdl/zynq_ultra_ps_e_v3_4_1.v:1310]
WARNING: [Synth 8-3848] Net irq_ipi_pl_2 in module/entity zynq_ultra_ps_e_v3_4_1_zynq_ultra_ps_e does not have driver. [d:/FPGA/Vivaldo Project/INTERFACE/SPI/06_system_integration/Vivado/system_integration.gen/sources_1/bd/system_integration/ip/system_integration_zynq_ultra_ps_e_0_0/hdl/zynq_ultra_ps_e_v3_4_1.v:1311]
WARNING: [Synth 8-3848] Net irq_ipi_pl_3 in module/entity zynq_ultra_ps_e_v3_4_1_zynq_ultra_ps_e does not have driver. [d:/FPGA/Vivaldo Project/INTERFACE/SPI/06_system_integration/Vivado/system_integration.gen/sources_1/bd/system_integration/ip/system_integration_zynq_ultra_ps_e_0_0/hdl/zynq_ultra_ps_e_v3_4_1.v:1312]
INFO: [Synth 8-6071] Mark debug on the nets applies keep_hierarchy on instance 'axi_w25q64_0'. This will prevent further optimization [d:/FPGA/Vivaldo Project/INTERFACE/SPI/06_system_integration/Vivado/system_integration.gen/sources_1/bd/system_integration/synth/system_integration.v:110]
INFO: [Synth 8-6071] Mark debug on the nets applies keep_hierarchy on instance 'w25q64_controller_0'. This will prevent further optimization [d:/FPGA/Vivaldo Project/INTERFACE/SPI/06_system_integration/Vivado/system_integration.gen/sources_1/bd/system_integration/synth/system_integration.v:259]
INFO: [Synth 8-6071] Mark debug on the nets applies keep_hierarchy on instance 'ila_0'. This will prevent further optimization [d:/FPGA/Vivaldo Project/INTERFACE/SPI/06_system_integration/Vivado/system_integration.gen/sources_1/bd/system_integration/synth/system_integration.v:143]
INFO: [Synth 8-6071] Mark debug on the nets applies keep_hierarchy on instance 'system_integration_i'. This will prevent further optimization [d:/FPGA/Vivaldo Project/INTERFACE/SPI/06_system_integration/Vivado/system_integration.gen/sources_1/bd/system_integration/hdl/system_integration_wrapper.v:33]
WARNING: [Synth 8-7129] Port dp_audio_ref_clk in module zynq_ultra_ps_e_v3_4_1_zynq_ultra_ps_e is either unconnected or has no load
WARNING: [Synth 8-7129] Port irq_ipi_pl_0 in module zynq_ultra_ps_e_v3_4_1_zynq_ultra_ps_e is either unconnected or has no load
WARNING: [Synth 8-7129] Port irq_ipi_pl_1 in module zynq_ultra_ps_e_v3_4_1_zynq_ultra_ps_e is either unconnected or has no load
WARNING: [Synth 8-7129] Port irq_ipi_pl_2 in module zynq_ultra_ps_e_v3_4_1_zynq_ultra_ps_e is either unconnected or has no load
WARNING: [Synth 8-7129] Port irq_ipi_pl_3 in module zynq_ultra_ps_e_v3_4_1_zynq_ultra_ps_e is either unconnected or has no load
WARNING: [Synth 8-7129] Port saxihpc0_fpd_rclk in module zynq_ultra_ps_e_v3_4_1_zynq_ultra_ps_e is either unconnected or has no load
WARNING: [Synth 8-7129] Port saxihpc0_fpd_wclk in module zynq_ultra_ps_e_v3_4_1_zynq_ultra_ps_e is either unconnected or has no load
WARNING: [Synth 8-7129] Port saxihpc1_fpd_rclk in module zynq_ultra_ps_e_v3_4_1_zynq_ultra_ps_e is either unconnected or has no load
WARNING: [Synth 8-7129] Port saxihpc1_fpd_wclk in module zynq_ultra_ps_e_v3_4_1_zynq_ultra_ps_e is either unconnected or has no load
WARNING: [Synth 8-7129] Port saxihp0_fpd_rclk in module zynq_ultra_ps_e_v3_4_1_zynq_ultra_ps_e is either unconnected or has no load
WARNING: [Synth 8-7129] Port saxihp0_fpd_wclk in module zynq_ultra_ps_e_v3_4_1_zynq_ultra_ps_e is either unconnected or has no load
WARNING: [Synth 8-7129] Port saxihp1_fpd_rclk in module zynq_ultra_ps_e_v3_4_1_zynq_ultra_ps_e is either unconnected or has no load
WARNING: [Synth 8-7129] Port saxihp1_fpd_wclk in module zynq_ultra_ps_e_v3_4_1_zynq_ultra_ps_e is either unconnected or has no load
WARNING: [Synth 8-7129] Port saxihp2_fpd_rclk in module zynq_ultra_ps_e_v3_4_1_zynq_ultra_ps_e is either unconnected or has no load
WARNING: [Synth 8-7129] Port saxihp2_fpd_wclk in module zynq_ultra_ps_e_v3_4_1_zynq_ultra_ps_e is either unconnected or has no load
WARNING: [Synth 8-7129] Port saxihp3_fpd_rclk in module zynq_ultra_ps_e_v3_4_1_zynq_ultra_ps_e is either unconnected or has no load
WARNING: [Synth 8-7129] Port saxihp3_fpd_wclk in module zynq_ultra_ps_e_v3_4_1_zynq_ultra_ps_e is either unconnected or has no load
WARNING: [Synth 8-7129] Port saxi_lpd_rclk in module zynq_ultra_ps_e_v3_4_1_zynq_ultra_ps_e is either unconnected or has no load
WARNING: [Synth 8-7129] Port saxi_lpd_wclk in module zynq_ultra_ps_e_v3_4_1_zynq_ultra_ps_e is either unconnected or has no load
WARNING: [Synth 8-7129] Port sacefpd_awuser[15] in module zynq_ultra_ps_e_v3_4_1_zynq_ultra_ps_e is either unconnected or has no load
WARNING: [Synth 8-7129] Port sacefpd_awuser[14] in module zynq_ultra_ps_e_v3_4_1_zynq_ultra_ps_e is either unconnected or has no load
WARNING: [Synth 8-7129] Port sacefpd_awuser[13] in module zynq_ultra_ps_e_v3_4_1_zynq_ultra_ps_e is either unconnected or has no load
WARNING: [Synth 8-7129] Port sacefpd_awuser[12] in module zynq_ultra_ps_e_v3_4_1_zynq_ultra_ps_e is either unconnected or has no load
WARNING: [Synth 8-7129] Port sacefpd_awuser[11] in module zynq_ultra_ps_e_v3_4_1_zynq_ultra_ps_e is either unconnected or has no load
WARNING: [Synth 8-7129] Port sacefpd_awuser[10] in module zynq_ultra_ps_e_v3_4_1_zynq_ultra_ps_e is either unconnected or has no load
WARNING: [Synth 8-7129] Port sacefpd_awuser[9] in module zynq_ultra_ps_e_v3_4_1_zynq_ultra_ps_e is either unconnected or has no load
WARNING: [Synth 8-7129] Port sacefpd_awuser[8] in module zynq_ultra_ps_e_v3_4_1_zynq_ultra_ps_e is either unconnected or has no load
WARNING: [Synth 8-7129] Port sacefpd_awuser[7] in module zynq_ultra_ps_e_v3_4_1_zynq_ultra_ps_e is either unconnected or has no load
WARNING: [Synth 8-7129] Port sacefpd_awuser[6] in module zynq_ultra_ps_e_v3_4_1_zynq_ultra_ps_e is either unconnected or has no load
WARNING: [Synth 8-7129] Port sacefpd_aruser[15] in module zynq_ultra_ps_e_v3_4_1_zynq_ultra_ps_e is either unconnected or has no load
WARNING: [Synth 8-7129] Port sacefpd_aruser[14] in module zynq_ultra_ps_e_v3_4_1_zynq_ultra_ps_e is either unconnected or has no load
WARNING: [Synth 8-7129] Port sacefpd_aruser[13] in module zynq_ultra_ps_e_v3_4_1_zynq_ultra_ps_e is either unconnected or has no load
WARNING: [Synth 8-7129] Port sacefpd_aruser[12] in module zynq_ultra_ps_e_v3_4_1_zynq_ultra_ps_e is either unconnected or has no load
WARNING: [Synth 8-7129] Port sacefpd_aruser[11] in module zynq_ultra_ps_e_v3_4_1_zynq_ultra_ps_e is either unconnected or has no load
WARNING: [Synth 8-7129] Port sacefpd_aruser[10] in module zynq_ultra_ps_e_v3_4_1_zynq_ultra_ps_e is either unconnected or has no load
WARNING: [Synth 8-7129] Port sacefpd_aruser[9] in module zynq_ultra_ps_e_v3_4_1_zynq_ultra_ps_e is either unconnected or has no load
WARNING: [Synth 8-7129] Port sacefpd_aruser[8] in module zynq_ultra_ps_e_v3_4_1_zynq_ultra_ps_e is either unconnected or has no load
WARNING: [Synth 8-7129] Port sacefpd_aruser[7] in module zynq_ultra_ps_e_v3_4_1_zynq_ultra_ps_e is either unconnected or has no load
WARNING: [Synth 8-7129] Port sacefpd_aruser[6] in module zynq_ultra_ps_e_v3_4_1_zynq_ultra_ps_e is either unconnected or has no load
WARNING: [Synth 8-7129] Port test_adc_clk[3] in module zynq_ultra_ps_e_v3_4_1_zynq_ultra_ps_e is either unconnected or has no load
WARNING: [Synth 8-7129] Port test_adc_clk[2] in module zynq_ultra_ps_e_v3_4_1_zynq_ultra_ps_e is either unconnected or has no load
WARNING: [Synth 8-7129] Port test_adc_clk[1] in module zynq_ultra_ps_e_v3_4_1_zynq_ultra_ps_e is either unconnected or has no load
WARNING: [Synth 8-7129] Port test_adc_clk[0] in module zynq_ultra_ps_e_v3_4_1_zynq_ultra_ps_e is either unconnected or has no load
WARNING: [Synth 8-7129] Port test_adc_in[31] in module zynq_ultra_ps_e_v3_4_1_zynq_ultra_ps_e is either unconnected or has no load
WARNING: [Synth 8-7129] Port test_adc_in[30] in module zynq_ultra_ps_e_v3_4_1_zynq_ultra_ps_e is either unconnected or has no load
WARNING: [Synth 8-7129] Port test_adc_in[29] in module zynq_ultra_ps_e_v3_4_1_zynq_ultra_ps_e is either unconnected or has no load
WARNING: [Synth 8-7129] Port test_adc_in[28] in module zynq_ultra_ps_e_v3_4_1_zynq_ultra_ps_e is either unconnected or has no load
WARNING: [Synth 8-7129] Port test_adc_in[27] in module zynq_ultra_ps_e_v3_4_1_zynq_ultra_ps_e is either unconnected or has no load
WARNING: [Synth 8-7129] Port test_adc_in[26] in module zynq_ultra_ps_e_v3_4_1_zynq_ultra_ps_e is either unconnected or has no load
WARNING: [Synth 8-7129] Port test_adc_in[25] in module zynq_ultra_ps_e_v3_4_1_zynq_ultra_ps_e is either unconnected or has no load
WARNING: [Synth 8-7129] Port test_adc_in[24] in module zynq_ultra_ps_e_v3_4_1_zynq_ultra_ps_e is either unconnected or has no load
WARNING: [Synth 8-7129] Port test_adc_in[23] in module zynq_ultra_ps_e_v3_4_1_zynq_ultra_ps_e is either unconnected or has no load
WARNING: [Synth 8-7129] Port test_adc_in[22] in module zynq_ultra_ps_e_v3_4_1_zynq_ultra_ps_e is either unconnected or has no load
WARNING: [Synth 8-7129] Port test_adc_in[21] in module zynq_ultra_ps_e_v3_4_1_zynq_ultra_ps_e is either unconnected or has no load
WARNING: [Synth 8-7129] Port test_adc_in[20] in module zynq_ultra_ps_e_v3_4_1_zynq_ultra_ps_e is either unconnected or has no load
WARNING: [Synth 8-7129] Port test_adc_in[19] in module zynq_ultra_ps_e_v3_4_1_zynq_ultra_ps_e is either unconnected or has no load
WARNING: [Synth 8-7129] Port test_adc_in[18] in module zynq_ultra_ps_e_v3_4_1_zynq_ultra_ps_e is either unconnected or has no load
WARNING: [Synth 8-7129] Port test_adc_in[17] in module zynq_ultra_ps_e_v3_4_1_zynq_ultra_ps_e is either unconnected or has no load
WARNING: [Synth 8-7129] Port test_adc_in[16] in module zynq_ultra_ps_e_v3_4_1_zynq_ultra_ps_e is either unconnected or has no load
WARNING: [Synth 8-7129] Port test_adc_in[15] in module zynq_ultra_ps_e_v3_4_1_zynq_ultra_ps_e is either unconnected or has no load
WARNING: [Synth 8-7129] Port test_adc_in[14] in module zynq_ultra_ps_e_v3_4_1_zynq_ultra_ps_e is either unconnected or has no load
WARNING: [Synth 8-7129] Port test_adc_in[13] in module zynq_ultra_ps_e_v3_4_1_zynq_ultra_ps_e is either unconnected or has no load
WARNING: [Synth 8-7129] Port test_adc_in[12] in module zynq_ultra_ps_e_v3_4_1_zynq_ultra_ps_e is either unconnected or has no load
WARNING: [Synth 8-7129] Port test_adc_in[11] in module zynq_ultra_ps_e_v3_4_1_zynq_ultra_ps_e is either unconnected or has no load
WARNING: [Synth 8-7129] Port test_adc_in[10] in module zynq_ultra_ps_e_v3_4_1_zynq_ultra_ps_e is either unconnected or has no load
WARNING: [Synth 8-7129] Port test_adc_in[9] in module zynq_ultra_ps_e_v3_4_1_zynq_ultra_ps_e is either unconnected or has no load
WARNING: [Synth 8-7129] Port test_adc_in[8] in module zynq_ultra_ps_e_v3_4_1_zynq_ultra_ps_e is either unconnected or has no load
WARNING: [Synth 8-7129] Port test_adc_in[7] in module zynq_ultra_ps_e_v3_4_1_zynq_ultra_ps_e is either unconnected or has no load
WARNING: [Synth 8-7129] Port test_adc_in[6] in module zynq_ultra_ps_e_v3_4_1_zynq_ultra_ps_e is either unconnected or has no load
WARNING: [Synth 8-7129] Port test_adc_in[5] in module zynq_ultra_ps_e_v3_4_1_zynq_ultra_ps_e is either unconnected or has no load
WARNING: [Synth 8-7129] Port test_adc_in[4] in module zynq_ultra_ps_e_v3_4_1_zynq_ultra_ps_e is either unconnected or has no load
WARNING: [Synth 8-7129] Port test_adc_in[3] in module zynq_ultra_ps_e_v3_4_1_zynq_ultra_ps_e is either unconnected or has no load
WARNING: [Synth 8-7129] Port test_adc_in[2] in module zynq_ultra_ps_e_v3_4_1_zynq_ultra_ps_e is either unconnected or has no load
WARNING: [Synth 8-7129] Port test_adc_in[1] in module zynq_ultra_ps_e_v3_4_1_zynq_ultra_ps_e is either unconnected or has no load
WARNING: [Synth 8-7129] Port test_adc_in[0] in module zynq_ultra_ps_e_v3_4_1_zynq_ultra_ps_e is either unconnected or has no load
WARNING: [Synth 8-7129] Port test_adc2_in[31] in module zynq_ultra_ps_e_v3_4_1_zynq_ultra_ps_e is either unconnected or has no load
WARNING: [Synth 8-7129] Port test_adc2_in[30] in module zynq_ultra_ps_e_v3_4_1_zynq_ultra_ps_e is either unconnected or has no load
WARNING: [Synth 8-7129] Port test_adc2_in[29] in module zynq_ultra_ps_e_v3_4_1_zynq_ultra_ps_e is either unconnected or has no load
WARNING: [Synth 8-7129] Port test_adc2_in[28] in module zynq_ultra_ps_e_v3_4_1_zynq_ultra_ps_e is either unconnected or has no load
WARNING: [Synth 8-7129] Port test_adc2_in[27] in module zynq_ultra_ps_e_v3_4_1_zynq_ultra_ps_e is either unconnected or has no load
WARNING: [Synth 8-7129] Port test_adc2_in[26] in module zynq_ultra_ps_e_v3_4_1_zynq_ultra_ps_e is either unconnected or has no load
WARNING: [Synth 8-7129] Port test_adc2_in[25] in module zynq_ultra_ps_e_v3_4_1_zynq_ultra_ps_e is either unconnected or has no load
WARNING: [Synth 8-7129] Port test_adc2_in[24] in module zynq_ultra_ps_e_v3_4_1_zynq_ultra_ps_e is either unconnected or has no load
WARNING: [Synth 8-7129] Port test_adc2_in[23] in module zynq_ultra_ps_e_v3_4_1_zynq_ultra_ps_e is either unconnected or has no load
WARNING: [Synth 8-7129] Port test_adc2_in[22] in module zynq_ultra_ps_e_v3_4_1_zynq_ultra_ps_e is either unconnected or has no load
WARNING: [Synth 8-7129] Port test_adc2_in[21] in module zynq_ultra_ps_e_v3_4_1_zynq_ultra_ps_e is either unconnected or has no load
WARNING: [Synth 8-7129] Port test_adc2_in[20] in module zynq_ultra_ps_e_v3_4_1_zynq_ultra_ps_e is either unconnected or has no load
WARNING: [Synth 8-7129] Port test_adc2_in[19] in module zynq_ultra_ps_e_v3_4_1_zynq_ultra_ps_e is either unconnected or has no load
WARNING: [Synth 8-7129] Port test_adc2_in[18] in module zynq_ultra_ps_e_v3_4_1_zynq_ultra_ps_e is either unconnected or has no load
WARNING: [Synth 8-7129] Port test_adc2_in[17] in module zynq_ultra_ps_e_v3_4_1_zynq_ultra_ps_e is either unconnected or has no load
WARNING: [Synth 8-7129] Port test_adc2_in[16] in module zynq_ultra_ps_e_v3_4_1_zynq_ultra_ps_e is either unconnected or has no load
WARNING: [Synth 8-7129] Port test_adc2_in[15] in module zynq_ultra_ps_e_v3_4_1_zynq_ultra_ps_e is either unconnected or has no load
WARNING: [Synth 8-7129] Port test_adc2_in[14] in module zynq_ultra_ps_e_v3_4_1_zynq_ultra_ps_e is either unconnected or has no load
WARNING: [Synth 8-7129] Port test_adc2_in[13] in module zynq_ultra_ps_e_v3_4_1_zynq_ultra_ps_e is either unconnected or has no load
WARNING: [Synth 8-7129] Port test_adc2_in[12] in module zynq_ultra_ps_e_v3_4_1_zynq_ultra_ps_e is either unconnected or has no load
WARNING: [Synth 8-7129] Port test_adc2_in[11] in module zynq_ultra_ps_e_v3_4_1_zynq_ultra_ps_e is either unconnected or has no load
WARNING: [Synth 8-7129] Port test_adc2_in[10] in module zynq_ultra_ps_e_v3_4_1_zynq_ultra_ps_e is either unconnected or has no load
WARNING: [Synth 8-7129] Port test_adc2_in[9] in module zynq_ultra_ps_e_v3_4_1_zynq_ultra_ps_e is either unconnected or has no load
WARNING: [Synth 8-7129] Port test_adc2_in[8] in module zynq_ultra_ps_e_v3_4_1_zynq_ultra_ps_e is either unconnected or has no load
WARNING: [Synth 8-7129] Port test_adc2_in[7] in module zynq_ultra_ps_e_v3_4_1_zynq_ultra_ps_e is either unconnected or has no load
INFO: [Common 17-14] Message 'Synth 8-7129' appears 100 times and further instances of the messages will be disabled. Use the Tcl command set_msg_config to change the current settings.
---------------------------------------------------------------------------------
Finished RTL Elaboration : Time (s): cpu = 00:00:55 ; elapsed = 00:01:01 . Memory (MB): peak = 2425.852 ; gain = 934.578
---------------------------------------------------------------------------------
---------------------------------------------------------------------------------
Start Handling Custom Attributes
---------------------------------------------------------------------------------
---------------------------------------------------------------------------------
Finished Handling Custom Attributes : Time (s): cpu = 00:00:56 ; elapsed = 00:01:01 . Memory (MB): peak = 2426.578 ; gain = 935.305
---------------------------------------------------------------------------------
---------------------------------------------------------------------------------
Finished RTL Optimization Phase 1 : Time (s): cpu = 00:00:56 ; elapsed = 00:01:01 . Memory (MB): peak = 2426.578 ; gain = 935.305
---------------------------------------------------------------------------------
Netlist sorting complete. Time (s): cpu = 00:00:02 ; elapsed = 00:00:02 . Memory (MB): peak = 2455.586 ; gain = 0.000
INFO: [Netlist 29-17] Analyzing 202 Unisim elements for replacement
INFO: [Netlist 29-28] Unisim Transformation completed in 0 CPU seconds
INFO: [Project 1-570] Preparing netlist for logic optimization

Processing XDC Constraints
Initializing timing engine
Parsing XDC File [d:/FPGA/Vivaldo Project/INTERFACE/SPI/06_system_integration/Vivado/system_integration.gen/sources_1/bd/system_integration/ip/system_integration_zynq_ultra_ps_e_0_0/system_integration_zynq_ultra_ps_e_0_0.xdc] for cell 'system_integration_i/zynq_ultra_ps_e_0/inst'
Finished Parsing XDC File [d:/FPGA/Vivaldo Project/INTERFACE/SPI/06_system_integration/Vivado/system_integration.gen/sources_1/bd/system_integration/ip/system_integration_zynq_ultra_ps_e_0_0/system_integration_zynq_ultra_ps_e_0_0.xdc] for cell 'system_integration_i/zynq_ultra_ps_e_0/inst'
Parsing XDC File [d:/FPGA/Vivaldo Project/INTERFACE/SPI/06_system_integration/Vivado/system_integration.gen/sources_1/bd/system_integration/ip/system_integration_proc_sys_reset_0_0/system_integration_proc_sys_reset_0_0_board.xdc] for cell 'system_integration_i/proc_sys_reset_0/U0'
Finished Parsing XDC File [d:/FPGA/Vivaldo Project/INTERFACE/SPI/06_system_integration/Vivado/system_integration.gen/sources_1/bd/system_integration/ip/system_integration_proc_sys_reset_0_0/system_integration_proc_sys_reset_0_0_board.xdc] for cell 'system_integration_i/proc_sys_reset_0/U0'
Parsing XDC File [d:/FPGA/Vivaldo Project/INTERFACE/SPI/06_system_integration/Vivado/system_integration.gen/sources_1/bd/system_integration/ip/system_integration_proc_sys_reset_0_0/system_integration_proc_sys_reset_0_0.xdc] for cell 'system_integration_i/proc_sys_reset_0/U0'
Finished Parsing XDC File [d:/FPGA/Vivaldo Project/INTERFACE/SPI/06_system_integration/Vivado/system_integration.gen/sources_1/bd/system_integration/ip/system_integration_proc_sys_reset_0_0/system_integration_proc_sys_reset_0_0.xdc] for cell 'system_integration_i/proc_sys_reset_0/U0'
Parsing XDC File [d:/FPGA/Vivaldo Project/INTERFACE/SPI/06_system_integration/Vivado/system_integration.gen/sources_1/bd/system_integration/ip/system_integration_smartconnect_0_0/bd_0/ip/ip_1/bd_d4b5_psr_aclk_0_board.xdc] for cell 'system_integration_i/smartconnect_0/inst/clk_map/psr_aclk/U0'
Finished Parsing XDC File [d:/FPGA/Vivaldo Project/INTERFACE/SPI/06_system_integration/Vivado/system_integration.gen/sources_1/bd/system_integration/ip/system_integration_smartconnect_0_0/bd_0/ip/ip_1/bd_d4b5_psr_aclk_0_board.xdc] for cell 'system_integration_i/smartconnect_0/inst/clk_map/psr_aclk/U0'
Parsing XDC File [d:/FPGA/Vivaldo Project/INTERFACE/SPI/06_system_integration/Vivado/system_integration.gen/sources_1/bd/system_integration/ip/system_integration_smartconnect_0_0/bd_0/ip/ip_1/bd_d4b5_psr_aclk_0.xdc] for cell 'system_integration_i/smartconnect_0/inst/clk_map/psr_aclk/U0'
Finished Parsing XDC File [d:/FPGA/Vivaldo Project/INTERFACE/SPI/06_system_integration/Vivado/system_integration.gen/sources_1/bd/system_integration/ip/system_integration_smartconnect_0_0/bd_0/ip/ip_1/bd_d4b5_psr_aclk_0.xdc] for cell 'system_integration_i/smartconnect_0/inst/clk_map/psr_aclk/U0'
Parsing XDC File [d:/FPGA/Vivaldo Project/INTERFACE/SPI/06_system_integration/Vivado/system_integration.gen/sources_1/bd/system_integration/ip/system_integration_ila_0_0/ila_v6_2/constraints/ila.xdc] for cell 'system_integration_i/ila_0/inst'
Finished Parsing XDC File [d:/FPGA/Vivaldo Project/INTERFACE/SPI/06_system_integration/Vivado/system_integration.gen/sources_1/bd/system_integration/ip/system_integration_ila_0_0/ila_v6_2/constraints/ila.xdc] for cell 'system_integration_i/ila_0/inst'
Parsing XDC File [D:/FPGA/Vivaldo Project/INTERFACE/SPI/06_system_integration/Vivado/system_integration.srcs/constrs_1/new/06_system_integration.xdc]
Finished Parsing XDC File [D:/FPGA/Vivaldo Project/INTERFACE/SPI/06_system_integration/Vivado/system_integration.srcs/constrs_1/new/06_system_integration.xdc]
INFO: [Project 1-236] Implementation specific constraints were found while reading constraint file [D:/FPGA/Vivaldo Project/INTERFACE/SPI/06_system_integration/Vivado/system_integration.srcs/constrs_1/new/06_system_integration.xdc]. These constraints will be ignored for synthesis but will be used in implementation. Impacted constraints are listed in the file [.Xil/system_integration_wrapper_propImpl.xdc].
Resolution: To avoid this warning, move constraints listed in [.Xil/system_integration_wrapper_propImpl.xdc] to another XDC file and exclude this new file from synthesis with the used_in_synthesis property (File Properties dialog in GUI) and re-run elaboration/synthesis.
Parsing XDC File [D:/FPGA/Vivaldo Project/INTERFACE/SPI/06_system_integration/Vivado/system_integration.runs/synth_1/dont_touch.xdc]
Finished Parsing XDC File [D:/FPGA/Vivaldo Project/INTERFACE/SPI/06_system_integration/Vivado/system_integration.runs/synth_1/dont_touch.xdc]
INFO: [Project 1-236] Implementation specific constraints were found while reading constraint file [D:/FPGA/Vivaldo Project/INTERFACE/SPI/06_system_integration/Vivado/system_integration.runs/synth_1/dont_touch.xdc]. These constraints will be ignored for synthesis but will be used in implementation. Impacted constraints are listed in the file [.Xil/system_integration_wrapper_propImpl.xdc].
Resolution: To avoid this warning, move constraints listed in [.Xil/system_integration_wrapper_propImpl.xdc] to another XDC file and exclude this new file from synthesis with the used_in_synthesis property (File Properties dialog in GUI) and re-run elaboration/synthesis.
INFO: [Project 1-236] Implementation specific constraints were found while reading constraint file [D:/Xilinx/Vivado/2022.2/data/ip/xpm/xpm_memory/tcl/xpm_memory_xdc.tcl]. These constraints will be ignored for synthesis but will be used in implementation. Impacted constraints are listed in the file [.Xil/system_integration_wrapper_propImpl.xdc].
Resolution: To avoid this warning, move constraints listed in [.Xil/system_integration_wrapper_propImpl.xdc] to another XDC file and exclude this new file from synthesis with the used_in_synthesis property (File Properties dialog in GUI) and re-run elaboration/synthesis.
INFO: [Project 1-1714] 36 XPM XDC files have been applied to the design.
Completed Processing XDC Constraints

Netlist sorting complete. Time (s): cpu = 00:00:00 ; elapsed = 00:00:00.023 . Memory (MB): peak = 2590.766 ; gain = 0.000
INFO: [Project 1-111] Unisim Transformation Summary:
  A total of 156 instances were transformed.
  CFGLUT5 => CFGLUT5 (SRL16E, SRLC32E): 112 instances
  CFGLUT5 => SRLC32E: 18 instances
  FDR => FDRE: 24 instances
  SRL16 => SRL16E: 2 instances

Constraint Validation Runtime : Time (s): cpu = 00:00:01 ; elapsed = 00:00:00.522 . Memory (MB): peak = 2590.766 ; gain = 0.000
INFO: [Designutils 20-5440] No compile time benefit to using incremental synthesis; A full resynthesis will be run
INFO: [Designutils 20-4379] Flow is switching to default flow due to incremental criteria not met. If you would like to alter this behaviour and have the flow terminate instead, please set the following parameter config_implementation {autoIncr.Synth.RejectBehavior Terminate}
---------------------------------------------------------------------------------
Finished Constraint Validation : Time (s): cpu = 00:01:31 ; elapsed = 00:01:38 . Memory (MB): peak = 2590.766 ; gain = 1099.492
---------------------------------------------------------------------------------
---------------------------------------------------------------------------------
Start Loading Part and Timing Information
---------------------------------------------------------------------------------
Loading part: xck26-sfvc784-2LV-c
INFO: [Synth 8-6742] Reading net delay rules and data
---------------------------------------------------------------------------------
Finished Loading Part and Timing Information : Time (s): cpu = 00:01:31 ; elapsed = 00:01:38 . Memory (MB): peak = 2590.766 ; gain = 1099.492
---------------------------------------------------------------------------------
---------------------------------------------------------------------------------
Start Applying 'set_property' XDC Constraints
---------------------------------------------------------------------------------
Applied set_property DONT_TOUCH = true for system_integration_i/zynq_ultra_ps_e_0/inst/PS8_i. (constraint file  {d:/FPGA/Vivaldo Project/INTERFACE/SPI/06_system_integration/Vivado/system_integration.gen/sources_1/bd/system_integration/ip/system_integration_zynq_ultra_ps_e_0_0/system_integration_zynq_ultra_ps_e_0_0.xdc}, line 25).
Applied set_property KEEP_HIERARCHY = SOFT for system_integration_i/zynq_ultra_ps_e_0/inst. (constraint file  {D:/FPGA/Vivaldo Project/INTERFACE/SPI/06_system_integration/Vivado/system_integration.runs/synth_1/dont_touch.xdc}, line 132).
Applied set_property KEEP_HIERARCHY = SOFT for system_integration_i/proc_sys_reset_0/U0. (constraint file  {D:/FPGA/Vivaldo Project/INTERFACE/SPI/06_system_integration/Vivado/system_integration.runs/synth_1/dont_touch.xdc}, line 135).
Applied set_property KEEP_HIERARCHY = SOFT for system_integration_i/ila_0/inst. (constraint file  {D:/FPGA/Vivaldo Project/INTERFACE/SPI/06_system_integration/Vivado/system_integration.runs/synth_1/dont_touch.xdc}, line 203).
Applied set_property KEEP_HIERARCHY = SOFT for system_integration_i. (constraint file  auto generated constraint).
Applied set_property KEEP_HIERARCHY = SOFT for system_integration_i/zynq_ultra_ps_e_0. (constraint file  auto generated constraint).
Applied set_property KEEP_HIERARCHY = SOFT for system_integration_i/proc_sys_reset_0. (constraint file  auto generated constraint).
Applied set_property KEEP_HIERARCHY = SOFT for system_integration_i/smartconnect_0. (constraint file  auto generated constraint).
Applied set_property KEEP_HIERARCHY = SOFT for system_integration_i/axi_w25q64_0. (constraint file  auto generated constraint).
Applied set_property KEEP_HIERARCHY = SOFT for system_integration_i/ila_0. (constraint file  auto generated constraint).
Applied set_property KEEP_HIERARCHY = SOFT for system_integration_i/w25q64_controller_0. (constraint file  auto generated constraint).
Applied set_property KEEP_HIERARCHY = SOFT for system_integration_i/smartconnect_0/inst/m00_nodes/m00_ar_node/inst/m_sc_xpm_cdc_async_rst_inst. (constraint file  auto generated constraint).
Applied set_property KEEP_HIERARCHY = SOFT for system_integration_i/smartconnect_0/inst/m00_nodes/m00_aw_node/inst/m_sc_xpm_cdc_async_rst_inst. (constraint file  auto generated constraint).
Applied set_property KEEP_HIERARCHY = SOFT for system_integration_i/smartconnect_0/inst/m00_nodes/m00_b_node/inst/m_sc_xpm_cdc_async_rst_inst. (constraint file  auto generated constraint).
Applied set_property KEEP_HIERARCHY = SOFT for system_integration_i/smartconnect_0/inst/m00_nodes/m00_r_node/inst/m_sc_xpm_cdc_async_rst_inst. (constraint file  auto generated constraint).
Applied set_property KEEP_HIERARCHY = SOFT for system_integration_i/smartconnect_0/inst/m00_nodes/m00_w_node/inst/m_sc_xpm_cdc_async_rst_inst. (constraint file  auto generated constraint).
Applied set_property KEEP_HIERARCHY = SOFT for system_integration_i/smartconnect_0/inst/s00_nodes/s00_ar_node/inst/m_sc_xpm_cdc_async_rst_inst. (constraint file  auto generated constraint).
Applied set_property KEEP_HIERARCHY = SOFT for system_integration_i/smartconnect_0/inst/s00_nodes/s00_aw_node/inst/m_sc_xpm_cdc_async_rst_inst. (constraint file  auto generated constraint).
Applied set_property KEEP_HIERARCHY = SOFT for system_integration_i/smartconnect_0/inst/s00_nodes/s00_b_node/inst/m_sc_xpm_cdc_async_rst_inst. (constraint file  auto generated constraint).
Applied set_property KEEP_HIERARCHY = SOFT for system_integration_i/smartconnect_0/inst/s00_nodes/s00_r_node/inst/m_sc_xpm_cdc_async_rst_inst. (constraint file  auto generated constraint).
Applied set_property KEEP_HIERARCHY = SOFT for system_integration_i/smartconnect_0/inst/s00_nodes/s00_w_node/inst/m_sc_xpm_cdc_async_rst_inst. (constraint file  auto generated constraint).
Applied set_property KEEP_HIERARCHY = SOFT for system_integration_i/smartconnect_0/inst/switchboards/i_nodes/i_ar_node/inst/m_sc_xpm_cdc_async_rst_inst. (constraint file  auto generated constraint).
Applied set_property KEEP_HIERARCHY = SOFT for system_integration_i/smartconnect_0/inst/switchboards/i_nodes/i_aw_node/inst/m_sc_xpm_cdc_async_rst_inst. (constraint file  auto generated constraint).
Applied set_property KEEP_HIERARCHY = SOFT for system_integration_i/smartconnect_0/inst/switchboards/i_nodes/i_b_node/inst/m_sc_xpm_cdc_async_rst_inst. (constraint file  auto generated constraint).
Applied set_property KEEP_HIERARCHY = SOFT for system_integration_i/smartconnect_0/inst/switchboards/i_nodes/i_r_node/inst/m_sc_xpm_cdc_async_rst_inst. (constraint file  auto generated constraint).
Applied set_property KEEP_HIERARCHY = SOFT for system_integration_i/smartconnect_0/inst/switchboards/i_nodes/i_w_node/inst/m_sc_xpm_cdc_async_rst_inst. (constraint file  auto generated constraint).
Applied set_property KEEP_HIERARCHY = SOFT for system_integration_i/smartconnect_0/inst/m00_nodes/m00_ar_node/inst/s_sc_xpm_cdc_async_rst_inst. (constraint file  auto generated constraint).
Applied set_property KEEP_HIERARCHY = SOFT for system_integration_i/smartconnect_0/inst/m00_nodes/m00_aw_node/inst/s_sc_xpm_cdc_async_rst_inst. (constraint file  auto generated constraint).
Applied set_property KEEP_HIERARCHY = SOFT for system_integration_i/smartconnect_0/inst/m00_nodes/m00_b_node/inst/s_sc_xpm_cdc_async_rst_inst. (constraint file  auto generated constraint).
Applied set_property KEEP_HIERARCHY = SOFT for system_integration_i/smartconnect_0/inst/m00_nodes/m00_r_node/inst/s_sc_xpm_cdc_async_rst_inst. (constraint file  auto generated constraint).
Applied set_property KEEP_HIERARCHY = SOFT for system_integration_i/smartconnect_0/inst/m00_nodes/m00_w_node/inst/s_sc_xpm_cdc_async_rst_inst. (constraint file  auto generated constraint).
Applied set_property KEEP_HIERARCHY = SOFT for system_integration_i/smartconnect_0/inst/s00_nodes/s00_ar_node/inst/s_sc_xpm_cdc_async_rst_inst. (constraint file  auto generated constraint).
Applied set_property KEEP_HIERARCHY = SOFT for system_integration_i/smartconnect_0/inst/s00_nodes/s00_aw_node/inst/s_sc_xpm_cdc_async_rst_inst. (constraint file  auto generated constraint).
Applied set_property KEEP_HIERARCHY = SOFT for system_integration_i/smartconnect_0/inst/s00_nodes/s00_b_node/inst/s_sc_xpm_cdc_async_rst_inst. (constraint file  auto generated constraint).
Applied set_property KEEP_HIERARCHY = SOFT for system_integration_i/smartconnect_0/inst/s00_nodes/s00_r_node/inst/s_sc_xpm_cdc_async_rst_inst. (constraint file  auto generated constraint).
Applied set_property KEEP_HIERARCHY = SOFT for system_integration_i/smartconnect_0/inst/s00_nodes/s00_w_node/inst/s_sc_xpm_cdc_async_rst_inst. (constraint file  auto generated constraint).
Applied set_property KEEP_HIERARCHY = SOFT for system_integration_i/smartconnect_0/inst/switchboards/i_nodes/i_ar_node/inst/s_sc_xpm_cdc_async_rst_inst. (constraint file  auto generated constraint).
Applied set_property KEEP_HIERARCHY = SOFT for system_integration_i/smartconnect_0/inst/switchboards/i_nodes/i_aw_node/inst/s_sc_xpm_cdc_async_rst_inst. (constraint file  auto generated constraint).
Applied set_property KEEP_HIERARCHY = SOFT for system_integration_i/smartconnect_0/inst/switchboards/i_nodes/i_b_node/inst/s_sc_xpm_cdc_async_rst_inst. (constraint file  auto generated constraint).
Applied set_property KEEP_HIERARCHY = SOFT for system_integration_i/smartconnect_0/inst/switchboards/i_nodes/i_r_node/inst/s_sc_xpm_cdc_async_rst_inst. (constraint file  auto generated constraint).
Applied set_property KEEP_HIERARCHY = SOFT for system_integration_i/smartconnect_0/inst/switchboards/i_nodes/i_w_node/inst/s_sc_xpm_cdc_async_rst_inst. (constraint file  auto generated constraint).
Applied set_property KEEP_HIERARCHY = SOFT for system_integration_i/smartconnect_0/inst/m00_exit_pipeline/m00_exit/inst/xpm_cdc_async_rst_inst. (constraint file  auto generated constraint).
Applied set_property KEEP_HIERARCHY = SOFT for system_integration_i/smartconnect_0/inst/s00_entry_pipeline/s00_mmu/inst/xpm_cdc_async_rst_inst. (constraint file  auto generated constraint).
Applied set_property KEEP_HIERARCHY = SOFT for system_integration_i/smartconnect_0/inst/s00_entry_pipeline/s00_si_converter/inst/xpm_cdc_async_rst_inst. (constraint file  auto generated constraint).
Applied set_property KEEP_HIERARCHY = SOFT for system_integration_i/smartconnect_0/inst/s00_entry_pipeline/s00_transaction_regulator/inst/xpm_cdc_async_rst_inst. (constraint file  auto generated constraint).
Applied set_property KEEP_HIERARCHY = SOFT for system_integration_i/smartconnect_0/inst/switchboards/i_nodes/i_w_node/inst/inst_si_handler/\gen_si_handler.gen_request_fifos.gen_req_fifo[0].inst_req_fifo /\gen_xpm_memory_fifo.inst_fifo /\gen_mem_rep[0].inst_xpm_memory . (constraint file  auto generated constraint).
Applied set_property KEEP_HIERARCHY = SOFT for system_integration_i/smartconnect_0/inst/switchboards/i_nodes/i_w_node/inst/inst_si_handler/\gen_si_handler.gen_request_fifos.gen_req_fifo[1].inst_req_fifo /\gen_xpm_memory_fifo.inst_fifo /\gen_mem_rep[0].inst_xpm_memory . (constraint file  auto generated constraint).
---------------------------------------------------------------------------------
Finished applying 'set_property' XDC Constraints : Time (s): cpu = 00:01:31 ; elapsed = 00:01:38 . Memory (MB): peak = 2590.766 ; gain = 1099.492
---------------------------------------------------------------------------------
INFO: [Synth 8-802] inferred FSM for state register 'current_state_reg' in module 'xsdbs_v1_0_2_reg_p2s'
INFO: [Synth 8-802] inferred FSM for state register 'current_state_reg' in module 'xsdbs_v1_0_2_reg_p2s__parameterized0'
INFO: [Synth 8-802] inferred FSM for state register 'current_state_reg' in module 'xsdbs_v1_0_2_reg_p2s__parameterized1'
INFO: [Synth 8-802] inferred FSM for state register 'current_state_reg' in module 'xsdbs_v1_0_2_reg_p2s__parameterized2'
INFO: [Synth 8-802] inferred FSM for state register 'current_state_reg' in module 'xsdbs_v1_0_2_reg_p2s__parameterized3'
INFO: [Synth 8-802] inferred FSM for state register 'current_state_reg' in module 'xsdbs_v1_0_2_reg_p2s__parameterized4'
INFO: [Synth 8-802] inferred FSM for state register 'current_state_reg' in module 'xsdbs_v1_0_2_reg_p2s__parameterized5'
INFO: [Synth 8-802] inferred FSM for state register 'current_state_reg' in module 'xsdbs_v1_0_2_reg_p2s__parameterized6'
INFO: [Synth 8-802] inferred FSM for state register 'current_state_reg' in module 'xsdbs_v1_0_2_reg_p2s__parameterized7'
INFO: [Synth 8-802] inferred FSM for state register 'current_state_reg' in module 'xsdbs_v1_0_2_reg_p2s__parameterized8'
INFO: [Synth 8-802] inferred FSM for state register 'current_state_reg' in module 'xsdbs_v1_0_2_reg_p2s__parameterized9'
INFO: [Synth 8-802] inferred FSM for state register 'current_state_reg' in module 'xsdbs_v1_0_2_reg_p2s__parameterized10'
INFO: [Synth 8-802] inferred FSM for state register 'current_state_reg' in module 'xsdbs_v1_0_2_reg_p2s__parameterized11'
INFO: [Synth 8-802] inferred FSM for state register 'current_state_reg' in module 'xsdbs_v1_0_2_reg_p2s__parameterized12'
INFO: [Synth 8-802] inferred FSM for state register 'current_state_reg' in module 'xsdbs_v1_0_2_reg_p2s__parameterized13'
INFO: [Synth 8-802] inferred FSM for state register 'current_state_reg' in module 'xsdbs_v1_0_2_reg_p2s__parameterized14'
INFO: [Synth 8-802] inferred FSM for state register 'current_state_reg' in module 'ltlib_v1_0_0_generic_memrd'
INFO: [Synth 8-802] inferred FSM for state register 'w_state_reg' in module 'sc_exit_v1_0_13_axilite_conv'
INFO: [Synth 8-802] inferred FSM for state register 'r_state_reg' in module 'sc_exit_v1_0_13_axilite_conv'
INFO: [Synth 8-802] inferred FSM for state register 'gen_axi.gen_write.write_cs_reg' in module 'sc_mmu_v1_0_11_decerr_slave'
INFO: [Synth 8-4490] FSM extraction disabled for register 'gen_pipelined.state_reg' through user attribute
INFO: [Synth 8-4490] FSM extraction disabled for register 'gen_pipelined.state_reg' through user attribute
INFO: [Synth 8-4490] FSM extraction disabled for register 'gen_pipelined.state_reg' through user attribute
INFO: [Synth 8-4490] FSM extraction disabled for register 'gen_pipelined.state_reg' through user attribute
INFO: [Synth 8-4490] FSM extraction disabled for register 'gen_pipelined.state_reg' through user attribute
INFO: [Synth 8-4490] FSM extraction disabled for register 'gen_pipelined.state_reg' through user attribute
INFO: [Synth 8-4490] FSM extraction disabled for register 'gen_pipelined.state_reg' through user attribute
INFO: [Synth 8-802] inferred FSM for state register 'state_reg' in module 'spi_master_mode0'
---------------------------------------------------------------------------------------------------
                   State |                     New Encoding |                Previous Encoding 
---------------------------------------------------------------------------------------------------
*
                    IDLE |                             0001 |                             0001
                     REG |                             0010 |                             0010
                     P2S |                             0100 |                             0100
                     S2P |                             1000 |                             1000
---------------------------------------------------------------------------------------------------
INFO: [Synth 8-3898] No Re-encoding of one hot register 'current_state_reg' in module 'xsdbs_v1_0_2_reg_p2s'
---------------------------------------------------------------------------------------------------
                   State |                     New Encoding |                Previous Encoding 
---------------------------------------------------------------------------------------------------
*
                    IDLE |                             0001 |                             0001
                     REG |                             0010 |                             0010
                     P2S |                             0100 |                             0100
                     S2P |                             1000 |                             1000
---------------------------------------------------------------------------------------------------
INFO: [Synth 8-3898] No Re-encoding of one hot register 'current_state_reg' in module 'xsdbs_v1_0_2_reg_p2s__parameterized0'
---------------------------------------------------------------------------------------------------
                   State |                     New Encoding |                Previous Encoding 
---------------------------------------------------------------------------------------------------
*
                    IDLE |                             0001 |                             0001
                     REG |                             0010 |                             0010
                     P2S |                             0100 |                             0100
                     S2P |                             1000 |                             1000
---------------------------------------------------------------------------------------------------
INFO: [Synth 8-3898] No Re-encoding of one hot register 'current_state_reg' in module 'xsdbs_v1_0_2_reg_p2s__parameterized1'
---------------------------------------------------------------------------------------------------
                   State |                     New Encoding |                Previous Encoding 
---------------------------------------------------------------------------------------------------
*
                    IDLE |                             0001 |                             0001
                     REG |                             0010 |                             0010
                     P2S |                             0100 |                             0100
                     S2P |                             1000 |                             1000
---------------------------------------------------------------------------------------------------
INFO: [Synth 8-3898] No Re-encoding of one hot register 'current_state_reg' in module 'xsdbs_v1_0_2_reg_p2s__parameterized2'
---------------------------------------------------------------------------------------------------
                   State |                     New Encoding |                Previous Encoding 
---------------------------------------------------------------------------------------------------
*
                    IDLE |                             0001 |                             0001
                     REG |                             0010 |                             0010
                     P2S |                             0100 |                             0100
                     S2P |                             1000 |                             1000
---------------------------------------------------------------------------------------------------
INFO: [Synth 8-3898] No Re-encoding of one hot register 'current_state_reg' in module 'xsdbs_v1_0_2_reg_p2s__parameterized3'
---------------------------------------------------------------------------------------------------
                   State |                     New Encoding |                Previous Encoding 
---------------------------------------------------------------------------------------------------
*
                    IDLE |                             0001 |                             0001
                     REG |                             0010 |                             0010
                     P2S |                             0100 |                             0100
                     S2P |                             1000 |                             1000
---------------------------------------------------------------------------------------------------
INFO: [Synth 8-3898] No Re-encoding of one hot register 'current_state_reg' in module 'xsdbs_v1_0_2_reg_p2s__parameterized4'
---------------------------------------------------------------------------------------------------
                   State |                     New Encoding |                Previous Encoding 
---------------------------------------------------------------------------------------------------
*
                    IDLE |                             0001 |                             0001
                     REG |                             0010 |                             0010
                     P2S |                             0100 |                             0100
                     S2P |                             1000 |                             1000
---------------------------------------------------------------------------------------------------
INFO: [Synth 8-3898] No Re-encoding of one hot register 'current_state_reg' in module 'xsdbs_v1_0_2_reg_p2s__parameterized5'
---------------------------------------------------------------------------------------------------
                   State |                     New Encoding |                Previous Encoding 
---------------------------------------------------------------------------------------------------
*
                    IDLE |                             0001 |                             0001
                     REG |                             0010 |                             0010
                     P2S |                             0100 |                             0100
                     S2P |                             1000 |                             1000
---------------------------------------------------------------------------------------------------
INFO: [Synth 8-3898] No Re-encoding of one hot register 'current_state_reg' in module 'xsdbs_v1_0_2_reg_p2s__parameterized6'
---------------------------------------------------------------------------------------------------
                   State |                     New Encoding |                Previous Encoding 
---------------------------------------------------------------------------------------------------
*
                    IDLE |                             0001 |                             0001
                     REG |                             0010 |                             0010
                     P2S |                             0100 |                             0100
                     S2P |                             1000 |                             1000
---------------------------------------------------------------------------------------------------
INFO: [Synth 8-3898] No Re-encoding of one hot register 'current_state_reg' in module 'xsdbs_v1_0_2_reg_p2s__parameterized7'
---------------------------------------------------------------------------------------------------
                   State |                     New Encoding |                Previous Encoding 
---------------------------------------------------------------------------------------------------
*
                    IDLE |                             0001 |                             0001
                     REG |                             0010 |                             0010
                     P2S |                             0100 |                             0100
                     S2P |                             1000 |                             1000
---------------------------------------------------------------------------------------------------
INFO: [Synth 8-3898] No Re-encoding of one hot register 'current_state_reg' in module 'xsdbs_v1_0_2_reg_p2s__parameterized8'
---------------------------------------------------------------------------------------------------
                   State |                     New Encoding |                Previous Encoding 
---------------------------------------------------------------------------------------------------
*
                    IDLE |                             0001 |                             0001
                     REG |                             0010 |                             0010
                     P2S |                             0100 |                             0100
                     S2P |                             1000 |                             1000
---------------------------------------------------------------------------------------------------
INFO: [Synth 8-3898] No Re-encoding of one hot register 'current_state_reg' in module 'xsdbs_v1_0_2_reg_p2s__parameterized9'
---------------------------------------------------------------------------------------------------
                   State |                     New Encoding |                Previous Encoding 
---------------------------------------------------------------------------------------------------
*
                    IDLE |                             0001 |                             0001
                     REG |                             0010 |                             0010
                     P2S |                             0100 |                             0100
                     S2P |                             1000 |                             1000
---------------------------------------------------------------------------------------------------
INFO: [Synth 8-3898] No Re-encoding of one hot register 'current_state_reg' in module 'xsdbs_v1_0_2_reg_p2s__parameterized10'
---------------------------------------------------------------------------------------------------
                   State |                     New Encoding |                Previous Encoding 
---------------------------------------------------------------------------------------------------
*
                    IDLE |                             0001 |                             0001
                     REG |                             0010 |                             0010
                     P2S |                             0100 |                             0100
                     S2P |                             1000 |                             1000
---------------------------------------------------------------------------------------------------
INFO: [Synth 8-3898] No Re-encoding of one hot register 'current_state_reg' in module 'xsdbs_v1_0_2_reg_p2s__parameterized11'
---------------------------------------------------------------------------------------------------
                   State |                     New Encoding |                Previous Encoding 
---------------------------------------------------------------------------------------------------
*
                    IDLE |                             0001 |                             0001
                     REG |                             0010 |                             0010
                     P2S |                             0100 |                             0100
                     S2P |                             1000 |                             1000
---------------------------------------------------------------------------------------------------
INFO: [Synth 8-3898] No Re-encoding of one hot register 'current_state_reg' in module 'xsdbs_v1_0_2_reg_p2s__parameterized12'
---------------------------------------------------------------------------------------------------
                   State |                     New Encoding |                Previous Encoding 
---------------------------------------------------------------------------------------------------
*
                    IDLE |                             0001 |                             0001
                     REG |                             0010 |                             0010
                     P2S |                             0100 |                             0100
                     S2P |                             1000 |                             1000
---------------------------------------------------------------------------------------------------
INFO: [Synth 8-3898] No Re-encoding of one hot register 'current_state_reg' in module 'xsdbs_v1_0_2_reg_p2s__parameterized13'
---------------------------------------------------------------------------------------------------
                   State |                     New Encoding |                Previous Encoding 
---------------------------------------------------------------------------------------------------
*
                    IDLE |                             0001 |                             0001
                     REG |                             0010 |                             0010
                     P2S |                             0100 |                             0100
                     S2P |                             1000 |                             1000
---------------------------------------------------------------------------------------------------
INFO: [Synth 8-3898] No Re-encoding of one hot register 'current_state_reg' in module 'xsdbs_v1_0_2_reg_p2s__parameterized14'
---------------------------------------------------------------------------------------------------
                   State |                     New Encoding |                Previous Encoding 
---------------------------------------------------------------------------------------------------
*
              RESET_ADDR |                          0000001 |                          0000001
            REQUEST_READ |                          0000010 |                          0000010
           WAIT_READ_ACK |                          0000100 |                          0000100
             OUTPUT_DATA |                          0001000 |                          0001000
                    IDLE |                          0010000 |                          0010000
         INCREMENT_BLOCK |                          0100000 |                          0100000
       INCREMENT_ADDRESS |                          1000000 |                          1000000
---------------------------------------------------------------------------------------------------
INFO: [Synth 8-3898] No Re-encoding of one hot register 'current_state_reg' in module 'ltlib_v1_0_0_generic_memrd'
---------------------------------------------------------------------------------------------------
                   State |                     New Encoding |                Previous Encoding 
---------------------------------------------------------------------------------------------------
                  W_IDLE |                              000 | 00000000000000000000000000000000
                    W_RX |                              001 | 00000000000000000000000000000001
                    W_TX |                              010 | 00000000000000000000000000000010
              W_COMPLETE |                              011 | 00000000000000000000000000000100
               W_RECOVER |                              100 | 00000000000000000000000000000011
---------------------------------------------------------------------------------------------------
INFO: [Synth 8-3354] encoded FSM with state register 'w_state_reg' using encoding 'sequential' in module 'sc_exit_v1_0_13_axilite_conv'
---------------------------------------------------------------------------------------------------
                   State |                     New Encoding |                Previous Encoding 
---------------------------------------------------------------------------------------------------
                  R_IDLE |                               00 | 00000000000000000000000000000000
                    R_RX |                               01 | 00000000000000000000000000000001
                    R_TX |                               10 | 00000000000000000000000000000010
---------------------------------------------------------------------------------------------------
INFO: [Synth 8-3354] encoded FSM with state register 'r_state_reg' using encoding 'sequential' in module 'sc_exit_v1_0_13_axilite_conv'
---------------------------------------------------------------------------------------------------
                   State |                     New Encoding |                Previous Encoding 
---------------------------------------------------------------------------------------------------
            P_WRITE_IDLE |                              001 |                               00
            P_WRITE_DATA |                              010 |                               01
            P_WRITE_RESP |                              100 |                               10
---------------------------------------------------------------------------------------------------
INFO: [Synth 8-3354] encoded FSM with state register 'gen_axi.gen_write.write_cs_reg' using encoding 'one-hot' in module 'sc_mmu_v1_0_11_decerr_slave'
---------------------------------------------------------------------------------------------------
                   State |                     New Encoding |                Previous Encoding 
---------------------------------------------------------------------------------------------------
                    IDLE |                             0001 |                               00
                    INSE |                             0010 |                               01
                    TRAN |                             0100 |                               10
                    FINI |                             1000 |                               11
---------------------------------------------------------------------------------------------------
INFO: [Synth 8-3354] encoded FSM with state register 'state_reg' using encoding 'one-hot' in module 'spi_master_mode0'
---------------------------------------------------------------------------------
Finished RTL Optimization Phase 2 : Time (s): cpu = 00:01:39 ; elapsed = 00:01:48 . Memory (MB): peak = 2590.766 ; gain = 1099.492
---------------------------------------------------------------------------------
---------------------------------------------------------------------------------
Start RTL Component Statistics 
---------------------------------------------------------------------------------
---------------------------------------------------------------------------------
Finished RTL Component Statistics 
---------------------------------------------------------------------------------
---------------------------------------------------------------------------------
Start Part Resource Summary
---------------------------------------------------------------------------------
Part Resources:
DSPs: 1248 (col length:96)
BRAMs: 288 (col length: RAMB18 96 RAMB36 48)
---------------------------------------------------------------------------------
Finished Part Resource Summary
---------------------------------------------------------------------------------
---------------------------------------------------------------------------------
Start Cross Boundary and Area Optimization
---------------------------------------------------------------------------------
WARNING: [Synth 8-7080] Parallel synthesis criteria is not met
WARNING: [Synth 8-3332] Sequential element (EXT_LPF/ACTIVE_LOW_EXT.ACT_LO_EXT/GENERATE_LEVEL_P_S_CDC.SINGLE_BIT.CROSS_PLEVEL_IN2SCNDRY_s_level_out_d5) is unused and will be removed from module proc_sys_reset.
WARNING: [Synth 8-3332] Sequential element (EXT_LPF/ACTIVE_LOW_EXT.ACT_LO_EXT/GENERATE_LEVEL_P_S_CDC.SINGLE_BIT.CROSS_PLEVEL_IN2SCNDRY_s_level_out_d6) is unused and will be removed from module proc_sys_reset.
WARNING: [Synth 8-3332] Sequential element (EXT_LPF/ACTIVE_LOW_AUX.ACT_LO_AUX/GENERATE_LEVEL_P_S_CDC.SINGLE_BIT.CROSS_PLEVEL_IN2SCNDRY_IN_cdc_to) is unused and will be removed from module proc_sys_reset.
WARNING: [Synth 8-3332] Sequential element (EXT_LPF/ACTIVE_LOW_AUX.ACT_LO_AUX/GENERATE_LEVEL_P_S_CDC.SINGLE_BIT.CROSS_PLEVEL_IN2SCNDRY_s_level_out_d2) is unused and will be removed from module proc_sys_reset.
WARNING: [Synth 8-3332] Sequential element (EXT_LPF/ACTIVE_LOW_AUX.ACT_LO_AUX/GENERATE_LEVEL_P_S_CDC.SINGLE_BIT.CROSS_PLEVEL_IN2SCNDRY_s_level_out_d3) is unused and will be removed from module proc_sys_reset.
WARNING: [Synth 8-3332] Sequential element (EXT_LPF/ACTIVE_LOW_AUX.ACT_LO_AUX/GENERATE_LEVEL_P_S_CDC.SINGLE_BIT.CROSS_PLEVEL_IN2SCNDRY_s_level_out_d4) is unused and will be removed from module proc_sys_reset.
WARNING: [Synth 8-3332] Sequential element (EXT_LPF/ACTIVE_LOW_AUX.ACT_LO_AUX/GENERATE_LEVEL_P_S_CDC.SINGLE_BIT.CROSS_PLEVEL_IN2SCNDRY_s_level_out_d5) is unused and will be removed from module proc_sys_reset.
WARNING: [Synth 8-3332] Sequential element (EXT_LPF/ACTIVE_LOW_AUX.ACT_LO_AUX/GENERATE_LEVEL_P_S_CDC.SINGLE_BIT.CROSS_PLEVEL_IN2SCNDRY_s_level_out_d6) is unused and will be removed from module proc_sys_reset.
WARNING: [Synth 8-3332] Sequential element (FDRE_inst) is unused and will be removed from module proc_sys_reset.
WARNING: [Synth 8-3332] Sequential element (BSR_OUT_DFF[0].FDRE_BSR) is unused and will be removed from module proc_sys_reset.
WARNING: [Synth 8-3332] Sequential element (ACTIVE_LOW_BSR_OUT_DFF[0].FDRE_BSR_N) is unused and will be removed from module proc_sys_reset.
WARNING: [Synth 8-3332] Sequential element (PR_OUT_DFF[0].FDRE_PER) is unused and will be removed from module proc_sys_reset.
---------------------------------------------------------------------------------
Finished Cross Boundary and Area Optimization : Time (s): cpu = 00:02:40 ; elapsed = 00:02:52 . Memory (MB): peak = 2590.766 ; gain = 1099.492
---------------------------------------------------------------------------------
---------------------------------------------------------------------------------
Start Applying XDC Timing Constraints
---------------------------------------------------------------------------------
---------------------------------------------------------------------------------
Finished Applying XDC Timing Constraints : Time (s): cpu = 00:02:59 ; elapsed = 00:03:14 . Memory (MB): peak = 3678.926 ; gain = 2187.652
---------------------------------------------------------------------------------
---------------------------------------------------------------------------------
Start Timing Optimization
---------------------------------------------------------------------------------
---------------------------------------------------------------------------------
Finished Timing Optimization : Time (s): cpu = 00:03:03 ; elapsed = 00:03:19 . Memory (MB): peak = 3774.613 ; gain = 2283.340
---------------------------------------------------------------------------------
---------------------------------------------------------------------------------
Start Technology Mapping
---------------------------------------------------------------------------------
---------------------------------------------------------------------------------
Finished Technology Mapping : Time (s): cpu = 00:03:09 ; elapsed = 00:03:25 . Memory (MB): peak = 3774.668 ; gain = 2283.395
---------------------------------------------------------------------------------
---------------------------------------------------------------------------------
Start IO Insertion
---------------------------------------------------------------------------------
---------------------------------------------------------------------------------
Start Flattening Before IO Insertion
---------------------------------------------------------------------------------
---------------------------------------------------------------------------------
Finished Flattening Before IO Insertion
---------------------------------------------------------------------------------
---------------------------------------------------------------------------------
Start Final Netlist Cleanup
---------------------------------------------------------------------------------
---------------------------------------------------------------------------------
Finished Final Netlist Cleanup
---------------------------------------------------------------------------------
WARNING: [Synth 8-3295] tying undriven pin dummy_inferred:in0 to constant 0
WARNING: [Synth 8-3295] tying undriven pin inst:sl_iport0[36] to constant 0
WARNING: [Synth 8-3295] tying undriven pin inst:sl_iport0[35] to constant 0
WARNING: [Synth 8-3295] tying undriven pin inst:sl_iport0[34] to constant 0
WARNING: [Synth 8-3295] tying undriven pin inst:sl_iport0[33] to constant 0
WARNING: [Synth 8-3295] tying undriven pin inst:sl_iport0[32] to constant 0
WARNING: [Synth 8-3295] tying undriven pin inst:sl_iport0[31] to constant 0
WARNING: [Synth 8-3295] tying undriven pin inst:sl_iport0[30] to constant 0
WARNING: [Synth 8-3295] tying undriven pin inst:sl_iport0[29] to constant 0
WARNING: [Synth 8-3295] tying undriven pin inst:sl_iport0[28] to constant 0
WARNING: [Synth 8-3295] tying undriven pin inst:sl_iport0[27] to constant 0
WARNING: [Synth 8-3295] tying undriven pin inst:sl_iport0[26] to constant 0
WARNING: [Synth 8-3295] tying undriven pin inst:sl_iport0[25] to constant 0
WARNING: [Synth 8-3295] tying undriven pin inst:sl_iport0[24] to constant 0
WARNING: [Synth 8-3295] tying undriven pin inst:sl_iport0[23] to constant 0
WARNING: [Synth 8-3295] tying undriven pin inst:sl_iport0[22] to constant 0
WARNING: [Synth 8-3295] tying undriven pin inst:sl_iport0[21] to constant 0
WARNING: [Synth 8-3295] tying undriven pin inst:sl_iport0[20] to constant 0
WARNING: [Synth 8-3295] tying undriven pin inst:sl_iport0[19] to constant 0
WARNING: [Synth 8-3295] tying undriven pin inst:sl_iport0[18] to constant 0
WARNING: [Synth 8-3295] tying undriven pin inst:sl_iport0[17] to constant 0
WARNING: [Synth 8-3295] tying undriven pin inst:sl_iport0[16] to constant 0
WARNING: [Synth 8-3295] tying undriven pin inst:sl_iport0[15] to constant 0
WARNING: [Synth 8-3295] tying undriven pin inst:sl_iport0[14] to constant 0
WARNING: [Synth 8-3295] tying undriven pin inst:sl_iport0[13] to constant 0
WARNING: [Synth 8-3295] tying undriven pin inst:sl_iport0[12] to constant 0
WARNING: [Synth 8-3295] tying undriven pin inst:sl_iport0[11] to constant 0
WARNING: [Synth 8-3295] tying undriven pin inst:sl_iport0[10] to constant 0
WARNING: [Synth 8-3295] tying undriven pin inst:sl_iport0[9] to constant 0
WARNING: [Synth 8-3295] tying undriven pin inst:sl_iport0[8] to constant 0
WARNING: [Synth 8-3295] tying undriven pin inst:sl_iport0[7] to constant 0
WARNING: [Synth 8-3295] tying undriven pin inst:sl_iport0[6] to constant 0
WARNING: [Synth 8-3295] tying undriven pin inst:sl_iport0[5] to constant 0
WARNING: [Synth 8-3295] tying undriven pin inst:sl_iport0[4] to constant 0
WARNING: [Synth 8-3295] tying undriven pin inst:sl_iport0[3] to constant 0
WARNING: [Synth 8-3295] tying undriven pin inst:sl_iport0[2] to constant 0
WARNING: [Synth 8-3295] tying undriven pin inst:sl_iport0[1] to constant 0
WARNING: [Synth 8-3295] tying undriven pin inst:sl_iport0[0] to constant 0
WARNING: [Synth 8-3295] tying undriven pin inst:trig_in to constant 0
WARNING: [Synth 8-3295] tying undriven pin inst:trig_out_ack to constant 0
WARNING: [Synth 8-3295] tying undriven pin trace_ctl_pipe[0]_inferred:in0 to constant 0
WARNING: [Synth 8-3295] tying undriven pin trace_data_pipe[0]_inferred:in0[31] to constant 0
WARNING: [Synth 8-3295] tying undriven pin trace_data_pipe[0]_inferred:in0[30] to constant 0
WARNING: [Synth 8-3295] tying undriven pin trace_data_pipe[0]_inferred:in0[29] to constant 0
WARNING: [Synth 8-3295] tying undriven pin trace_data_pipe[0]_inferred:in0[28] to constant 0
WARNING: [Synth 8-3295] tying undriven pin trace_data_pipe[0]_inferred:in0[27] to constant 0
WARNING: [Synth 8-3295] tying undriven pin trace_data_pipe[0]_inferred:in0[26] to constant 0
WARNING: [Synth 8-3295] tying undriven pin trace_data_pipe[0]_inferred:in0[25] to constant 0
WARNING: [Synth 8-3295] tying undriven pin trace_data_pipe[0]_inferred:in0[24] to constant 0
WARNING: [Synth 8-3295] tying undriven pin trace_data_pipe[0]_inferred:in0[23] to constant 0
WARNING: [Synth 8-3295] tying undriven pin trace_data_pipe[0]_inferred:in0[22] to constant 0
WARNING: [Synth 8-3295] tying undriven pin trace_data_pipe[0]_inferred:in0[21] to constant 0
WARNING: [Synth 8-3295] tying undriven pin trace_data_pipe[0]_inferred:in0[20] to constant 0
WARNING: [Synth 8-3295] tying undriven pin trace_data_pipe[0]_inferred:in0[19] to constant 0
WARNING: [Synth 8-3295] tying undriven pin trace_data_pipe[0]_inferred:in0[18] to constant 0
WARNING: [Synth 8-3295] tying undriven pin trace_data_pipe[0]_inferred:in0[17] to constant 0
WARNING: [Synth 8-3295] tying undriven pin trace_data_pipe[0]_inferred:in0[16] to constant 0
WARNING: [Synth 8-3295] tying undriven pin trace_data_pipe[0]_inferred:in0[15] to constant 0
WARNING: [Synth 8-3295] tying undriven pin trace_data_pipe[0]_inferred:in0[14] to constant 0
WARNING: [Synth 8-3295] tying undriven pin trace_data_pipe[0]_inferred:in0[13] to constant 0
WARNING: [Synth 8-3295] tying undriven pin trace_data_pipe[0]_inferred:in0[12] to constant 0
WARNING: [Synth 8-3295] tying undriven pin trace_data_pipe[0]_inferred:in0[11] to constant 0
WARNING: [Synth 8-3295] tying undriven pin trace_data_pipe[0]_inferred:in0[10] to constant 0
WARNING: [Synth 8-3295] tying undriven pin trace_data_pipe[0]_inferred:in0[9] to constant 0
WARNING: [Synth 8-3295] tying undriven pin trace_data_pipe[0]_inferred:in0[8] to constant 0
WARNING: [Synth 8-3295] tying undriven pin trace_data_pipe[0]_inferred:in0[7] to constant 0
WARNING: [Synth 8-3295] tying undriven pin trace_data_pipe[0]_inferred:in0[6] to constant 0
WARNING: [Synth 8-3295] tying undriven pin trace_data_pipe[0]_inferred:in0[5] to constant 0
WARNING: [Synth 8-3295] tying undriven pin trace_data_pipe[0]_inferred:in0[4] to constant 0
WARNING: [Synth 8-3295] tying undriven pin trace_data_pipe[0]_inferred:in0[3] to constant 0
WARNING: [Synth 8-3295] tying undriven pin trace_data_pipe[0]_inferred:in0[2] to constant 0
WARNING: [Synth 8-3295] tying undriven pin trace_data_pipe[0]_inferred:in0[1] to constant 0
WARNING: [Synth 8-3295] tying undriven pin trace_data_pipe[0]_inferred:in0[0] to constant 0
WARNING: [Synth 8-3295] tying undriven pin trace_ctl_pipe[7]_inferred:in0 to constant 0
WARNING: [Synth 8-3295] tying undriven pin trace_ctl_pipe[6]_inferred:in0 to constant 0
WARNING: [Synth 8-3295] tying undriven pin trace_ctl_pipe[5]_inferred:in0 to constant 0
WARNING: [Synth 8-3295] tying undriven pin trace_ctl_pipe[4]_inferred:in0 to constant 0
WARNING: [Synth 8-3295] tying undriven pin trace_ctl_pipe[3]_inferred:in0 to constant 0
WARNING: [Synth 8-3295] tying undriven pin trace_ctl_pipe[2]_inferred:in0 to constant 0
WARNING: [Synth 8-3295] tying undriven pin trace_ctl_pipe[1]_inferred:in0 to constant 0
WARNING: [Synth 8-3295] tying undriven pin trace_data_pipe[7]_inferred:in0[31] to constant 0
WARNING: [Synth 8-3295] tying undriven pin trace_data_pipe[7]_inferred:in0[30] to constant 0
WARNING: [Synth 8-3295] tying undriven pin trace_data_pipe[7]_inferred:in0[29] to constant 0
WARNING: [Synth 8-3295] tying undriven pin trace_data_pipe[7]_inferred:in0[28] to constant 0
WARNING: [Synth 8-3295] tying undriven pin trace_data_pipe[7]_inferred:in0[27] to constant 0
WARNING: [Synth 8-3295] tying undriven pin trace_data_pipe[7]_inferred:in0[26] to constant 0
WARNING: [Synth 8-3295] tying undriven pin trace_data_pipe[7]_inferred:in0[25] to constant 0
WARNING: [Synth 8-3295] tying undriven pin trace_data_pipe[7]_inferred:in0[24] to constant 0
WARNING: [Synth 8-3295] tying undriven pin trace_data_pipe[7]_inferred:in0[23] to constant 0
WARNING: [Synth 8-3295] tying undriven pin trace_data_pipe[7]_inferred:in0[22] to constant 0
WARNING: [Synth 8-3295] tying undriven pin trace_data_pipe[7]_inferred:in0[21] to constant 0
WARNING: [Synth 8-3295] tying undriven pin trace_data_pipe[7]_inferred:in0[20] to constant 0
WARNING: [Synth 8-3295] tying undriven pin trace_data_pipe[7]_inferred:in0[19] to constant 0
WARNING: [Synth 8-3295] tying undriven pin trace_data_pipe[7]_inferred:in0[18] to constant 0
WARNING: [Synth 8-3295] tying undriven pin trace_data_pipe[7]_inferred:in0[17] to constant 0
WARNING: [Synth 8-3295] tying undriven pin trace_data_pipe[7]_inferred:in0[16] to constant 0
WARNING: [Synth 8-3295] tying undriven pin trace_data_pipe[7]_inferred:in0[15] to constant 0
WARNING: [Synth 8-3295] tying undriven pin trace_data_pipe[7]_inferred:in0[14] to constant 0
WARNING: [Synth 8-3295] tying undriven pin trace_data_pipe[7]_inferred:in0[13] to constant 0
WARNING: [Synth 8-3295] tying undriven pin trace_data_pipe[7]_inferred:in0[12] to constant 0
INFO: [Common 17-14] Message 'Synth 8-3295' appears 100 times and further instances of the messages will be disabled. Use the Tcl command set_msg_config to change the current settings.
---------------------------------------------------------------------------------
Finished IO Insertion : Time (s): cpu = 00:03:15 ; elapsed = 00:03:31 . Memory (MB): peak = 3774.668 ; gain = 2283.395
---------------------------------------------------------------------------------
---------------------------------------------------------------------------------
Start Renaming Generated Instances
---------------------------------------------------------------------------------
---------------------------------------------------------------------------------
Finished Renaming Generated Instances : Time (s): cpu = 00:03:15 ; elapsed = 00:03:31 . Memory (MB): peak = 3774.668 ; gain = 2283.395
---------------------------------------------------------------------------------
---------------------------------------------------------------------------------
Start Rebuilding User Hierarchy
---------------------------------------------------------------------------------
---------------------------------------------------------------------------------
Finished Rebuilding User Hierarchy : Time (s): cpu = 00:03:16 ; elapsed = 00:03:32 . Memory (MB): peak = 3774.668 ; gain = 2283.395
---------------------------------------------------------------------------------
---------------------------------------------------------------------------------
Start Renaming Generated Ports
---------------------------------------------------------------------------------
---------------------------------------------------------------------------------
Finished Renaming Generated Ports : Time (s): cpu = 00:03:16 ; elapsed = 00:03:32 . Memory (MB): peak = 3774.668 ; gain = 2283.395
---------------------------------------------------------------------------------
---------------------------------------------------------------------------------
Start Handling Custom Attributes
---------------------------------------------------------------------------------
---------------------------------------------------------------------------------
Finished Handling Custom Attributes : Time (s): cpu = 00:03:16 ; elapsed = 00:03:33 . Memory (MB): peak = 3774.668 ; gain = 2283.395
---------------------------------------------------------------------------------
---------------------------------------------------------------------------------
Start Renaming Generated Nets
---------------------------------------------------------------------------------
---------------------------------------------------------------------------------
Finished Renaming Generated Nets : Time (s): cpu = 00:03:16 ; elapsed = 00:03:33 . Memory (MB): peak = 3774.668 ; gain = 2283.395
---------------------------------------------------------------------------------
---------------------------------------------------------------------------------
Start Writing Synthesis Report
---------------------------------------------------------------------------------

Report BlackBoxes: 
+-+--------------+----------+
| |BlackBox name |Instances |
+-+--------------+----------+
+-+--------------+----------+

Report Cell Usage: 
+------+---------+------+
|      |Cell     |Count |
+------+---------+------+
|1     |BUFG_PS  |     1|
|2     |CARRY4   |    46|
|3     |CARRY8   |     4|
|4     |CFGLUT5  |   130|
|5     |LUT1     |   439|
|6     |LUT2     |   320|
|7     |LUT3     |   690|
|8     |LUT4     |   561|
|9     |LUT5     |   528|
|10    |LUT6     |  1269|
|11    |MUXF7    |     6|
|12    |PS8      |     1|
|13    |RAM16X1D |     1|
|14    |RAMB36E2 |     3|
|15    |SRL16    |     2|
|16    |SRL16E   |   183|
|17    |SRLC16E  |     2|
|18    |SRLC32E  |   225|
|19    |FDCE     |   102|
|20    |FDR      |     8|
|21    |FDRE     |  4254|
|22    |FDSE     |   106|
|23    |IBUF     |     1|
|24    |OBUF     |     5|
+------+---------+------+
---------------------------------------------------------------------------------
Finished Writing Synthesis Report : Time (s): cpu = 00:03:17 ; elapsed = 00:03:33 . Memory (MB): peak = 3774.668 ; gain = 2283.395
---------------------------------------------------------------------------------
Synthesis finished with 0 errors, 0 critical warnings and 5104 warnings.
Synthesis Optimization Runtime : Time (s): cpu = 00:01:53 ; elapsed = 00:03:04 . Memory (MB): peak = 3774.668 ; gain = 2119.207
Synthesis Optimization Complete : Time (s): cpu = 00:03:17 ; elapsed = 00:03:33 . Memory (MB): peak = 3774.668 ; gain = 2283.395
INFO: [Project 1-571] Translating synthesized netlist
Netlist sorting complete. Time (s): cpu = 00:00:00 ; elapsed = 00:00:00.394 . Memory (MB): peak = 3778.480 ; gain = 0.000
INFO: [Netlist 29-17] Analyzing 198 Unisim elements for replacement
INFO: [Netlist 29-28] Unisim Transformation completed in 0 CPU seconds
INFO: [Project 1-570] Preparing netlist for logic optimization
INFO: [Chipscope 16-324] Core: system_integration_i/ila_0 UUID: a467cd71-e61c-5f9e-a7de-dce34e7b90e7 
INFO: [Opt 31-138] Pushed 0 inverter(s) to 0 load pin(s).
Netlist sorting complete. Time (s): cpu = 00:00:00 ; elapsed = 00:00:00.007 . Memory (MB): peak = 3801.387 ; gain = 0.000
INFO: [Project 1-111] Unisim Transformation Summary:
  A total of 168 instances were transformed.
  (CARRY4) => CARRY8: 26 instances
  CFGLUT5 => CFGLUT5 (SRL16E, SRLC32E): 112 instances
  CFGLUT5 => SRLC32E: 18 instances
  FDR => FDRE: 8 instances
  IBUF => IBUF (IBUFCTRL, INBUF): 1 instance 
  RAM16X1D => RAM32X1D (RAMD32(x2)): 1 instance 
  SRL16 => SRL16E: 2 instances

Synth Design complete, checksum: 302be673
INFO: [Common 17-83] Releasing license: Synthesis
366 Infos, 469 Warnings, 2 Critical Warnings and 0 Errors encountered.
synth_design completed successfully
INFO: [Common 17-600] The following parameters have non-default value.
tcl.statsThreshold
INFO: [Common 17-1381] The checkpoint 'D:/FPGA/Vivaldo Project/INTERFACE/SPI/06_system_integration/Vivado/system_integration.runs/synth_1/system_integration_wrapper.dcp' has been generated.
INFO: [runtcl-4] Executing : report_utilization -file system_integration_wrapper_utilization_synth.rpt -pb system_integration_wrapper_utilization_synth.pb
INFO: [Common 17-206] Exiting Vivado at Tue Aug 18 10:51:51 2026...
